pytanie,odpowiedz 1,odpowiedz 2,odpowiedz 3,odpowiedz 4,poprawna,opis
Z jakiego dnia pochodzi ustawa – Prawo budowlane?,7 lipca 1994 r.,16 kwietnia 2026 r.,19 marca 2026 r.,27 marca 2026 r.,1,"Ustawa została uchwalona 7 lipca 1994 r.; pozostałe daty dotyczą obwieszczenia, publikacji lub stanu tekstu jednolitego."
Jakiego stanu prawnego dotyczy tekst jednolity ogłoszony w Dz. U. z 2026 r. poz. 524?,Stanu na 3 czerwca 2026 r.,Stanu na 27 marca 2026 r.,Stanu na 16 kwietnia 2026 r.,Stanu na 19 marca 2026 r.,4,"Obwieszczenie z 27 marca 2026 r. podaje stan prawny na 19 marca; późniejsze daty dotyczą wydania, publikacji lub wejścia w życie zmian."
Który zestaw spraw obejmuje Prawo budowlane?,"Projektowanie, budowę, utrzymanie i rozbiórkę obiektów budowlanych.","Utrzymanie i rozbiórkę obiektów, ale bez zasad prowadzenia budowy.","Wydawanie decyzji budowlanych i nadzór, bez zasad projektowania obiektów.","Projektowanie i budowę obiektów, ale bez reguł ich utrzymania i rozbiórki.",1,Art. 1 obejmuje cały cykl życia obiektu oraz zasady działania organów w tych sprawach.
Których obiektów Prawo budowlane nie obejmuje wprost swoim zakresem?,Obiektów wpisanych do rejestru zabytków.,Wyrobisk górniczych.,Urządzeń wodnych.,Obiektów budowlanych zakładów górniczych.,2,Art. 2 ust. 1 wyłącza wyrobiska górnicze. W pozostałych przypadkach ustawę stosuje się z uwzględnieniem przepisów odrębnych.
Jaka jest relacja Prawa budowlanego do przepisów o ochronie zabytków?,Ochrona zabytków zastępuje Prawo budowlane przy każdym obiekcie w gminie.,Prawo budowlane nie narusza przepisów o ochronie zabytków dotyczących wskazanych obiektów i obszarów.,Przepisy o ochronie zabytków stosuje się dopiero po zakończeniu budowy.,Prawo budowlane całkowicie wyłącza ustawę o ochronie zabytków przy robotach budowlanych.,2,Art. 2 ust. 2 pkt 3 zachowuje stosowanie przepisów o zabytkach m.in. dla obiektów wpisanych do rejestru i chronionych planem miejscowym.
Jak Prawo budowlane definiuje pojęcie „budynek”?,"Obiekt z fundamentami i dachem, który można przenieść w inne miejsce.","Obiekt wydzielony przegrodami i mający dach, nawet bez fundamentów.","Obiekt trwale związany z gruntem, wydzielony przegrodami, z fundamentami i dachem.",Każdy obiekt z instalacjami umożliwiającymi użytkowanie zgodne z przeznaczeniem.,3,"Art. 3 pkt 2 wymaga łącznie trwałego związania z gruntem, przegród budowlanych, fundamentów i dachu."
Jak Prawo budowlane definiuje pojęcie „budowa”?,"Wykonanie obiektu w określonym miejscu oraz jego odbudowę, rozbudowę i nadbudowę.",Wyłącznie wzniesienie zupełnie nowego obiektu na niezabudowanej działce.,Wykonanie obiektu w określonym miejscu oraz każdy jego remont i rozbiórkę.,Każdą zmianę parametrów technicznych obiektu bez zmiany jego bryły.,1,"Art. 3 pkt 6 zalicza do budowy także odbudowę, rozbudowę i nadbudowę; remont i rozbiórka są innymi robotami budowlanymi."
Jak Prawo budowlane definiuje pojęcie „roboty budowlane”?,"Budowa, przebudowa i remont, bez montażu oraz rozbiórki.","Projektowanie, budowa i utrzymanie obiektu, bez jego rozbiórki.","Budowa oraz przebudowa, montaż, remont i rozbiórka obiektu.","Budowa, montaż i konserwacja bieżąca zamiast remontu.",3,"Art. 3 pkt 7 obejmuje wskazane pięć rodzajów działań, niezależnie od trybu formalnego ich prowadzenia."
Czym różni się remont od bieżącej konserwacji według Prawa budowlanego?,Remont zawsze zmienia podstawowe parametry użytkowe lub techniczne obiektu.,Remont odtwarza stan pierwotny w istniejącym obiekcie i nie jest bieżącą konserwacją.,Remont polega wyłącznie na rozbiórce i ponownym wzniesieniu obiektu.,Remont wymaga zastosowania dokładnie tych samych wyrobów co wcześniej.,2,"Art. 3 pkt 8 mówi o odtworzeniu stanu pierwotnego; można użyć innych wyrobów, a bieżąca konserwacja nie jest remontem."
Co jest zasadniczą cechą przebudowy obiektu budowlanego?,Powiększenie kubatury albo liczby kondygnacji istniejącego obiektu.,Rozebranie obiektu i wykonanie go od nowa w tym samym miejscu.,Zmiana parametrów użytkowych lub technicznych bez zmiany jego charakterystycznych parametrów.,Odtworzenie stanu pierwotnego bez zmiany parametrów użytkowych i technicznych.,3,Art. 3 pkt 7a odróżnia przebudowę od remontu i rozbudowy; co do zasady nie zmienia się m.in. kubatura ani liczba kondygnacji.
Który przykład najlepiej odpowiada obiektowi małej architektury?,Podziemny zbiornik retencyjny.,Wolno stojący maszt antenowy.,Wolno stojący budynek gospodarczy.,Ogrodowa fontanna lub piaskownica.,4,Art. 3 pkt 4 wymienia m.in. wodotryski i obiekty codziennej rekreacji; pozostałe obiekty należą do innych kategorii.
Co może stanowić prawo do dysponowania nieruchomością na cele budowlane?,Samo posiadanie projektu budowlanego sporządzonego przez architekta.,Sama zgoda sąsiada na prowadzenie robót przy granicy.,"Tytuł prawny, np. własność lub umowa dająca uprawnienie do robót.",Sama decyzja o warunkach zabudowy dla działki.,3,"Art. 3 pkt 11 wymaga tytułu prawnego uprawniającego do robót, np. własności, użytkowania wieczystego albo odpowiedniego stosunku zobowiązaniowego."
Czym jest obszar oddziaływania obiektu?,"Terenem, z którego obiekt będzie widoczny po wybudowaniu.",Wyłącznie terenem zajętym przez fundamenty i zaplecze budowy.,"Terenem, na którym odrębne przepisy ograniczają zabudowę z powodu danego obiektu.",Zawsze całą działką inwestora i działkami bezpośrednio sąsiednimi.,3,"Art. 3 pkt 20 wiąże obszar oddziaływania z ograniczeniami w zabudowie wynikającymi z przepisów, nie z samą bliskością obiektu."
Kiedy właściciel gruntu może skorzystać z prawa zabudowy?,"Gdy inwestor ma prawo do gruntu, choć zamierzenie narusza plan miejscowy.","Gdy ma prawo do dysponowania nieruchomością na cele budowlane, a zamierzenie jest zgodne z przepisami.","Gdy inwestor ma zgodę właściciela sąsiedniej działki, lecz nie ma prawa do własnej.","Gdy zamierzenie jest zgodne z planem, choć inwestor nie ma tytułu do gruntu.",2,Art. 4 łączy prawo zabudowy z tytułem do nieruchomości i zgodnością zamierzenia z przepisami.
Kto jest uczestnikiem procesu budowlanego w rozumieniu Prawa budowlanego?,"Projektant, geodeta, rzeczoznawca oraz właściciel sąsiedniej działki.","Inwestor, organ nadzoru budowlanego, wykonawca oraz użytkownik obiektu.","Inwestor, wykonawca, starosta oraz wojewódzki konserwator zabytków.","Inwestor, projektant, kierownik budowy lub robót oraz inspektor nadzoru inwestorskiego.",4,"Art. 17 wymienia cztery ustawowe role; inne osoby i organy mogą działać przy budowie, ale nie są tu wymienionymi uczestnikami."
Kto zapewnia zorganizowanie procesu budowy i objęcie budowy kierownictwem?,Organ wydający pozwolenie na budowę.,Inspektor nadzoru inwestorskiego.,Projektant.,Inwestor.,4,"Art. 18 nakłada organizację procesu budowy na inwestora, w tym zapewnienie kierownika budowy i wykonania robót przez osoby o właściwych kwalifikacjach."
Kto określa obszar oddziaływania projektowanego obiektu?,Organ nadzoru budowlanego po zakończeniu budowy.,Projektant.,Kierownik budowy.,Inspektor nadzoru inwestorskiego.,2,Art. 20 ust. 1 pkt 1c zalicza określenie obszaru oddziaływania obiektu do obowiązków projektanta.
Kto sporządza lub zapewnia sporządzenie planu bezpieczeństwa i ochrony zdrowia przed rozpoczęciem budowy?,Wojewódzki inspektor nadzoru budowlanego.,Kierownik budowy.,Właściciel nieruchomości sąsiedniej.,Projektant na etapie odbioru obiektu.,2,"Art. 21a ust. 1 nakłada na kierownika budowy przygotowanie planu przed rozpoczęciem budowy, na podstawie informacji od projektanta."
Czy kierownik budowy może jednocześnie pełnić funkcję inspektora nadzoru inwestorskiego na tej samej budowie?,"Tak, jeżeli ma uprawnienia w obu specjalnościach.","Tak, jeśli inwestor wyrazi pisemną zgodę.","Nie, tych funkcji nie wolno łączyć.","Tak, gdy budowa dotyczy tylko jednego obiektu.",3,"Art. 24 ust. 1 zakazuje łączenia tych funkcji, bo inspektor kontroluje m.in. działania kierownika budowy."
Kto prowadzi dokumentację budowy i przygotowuje dokumentację powykonawczą?,Kierownik budowy.,Projektant.,Starosta jako organ wydający pozwolenie.,Inspektor nadzoru inwestorskiego.,1,Art. 22 pkt 2 i 8 przypisuje te obowiązki kierownikowi budowy; dokumentacja powykonawcza odzwierciedla zmiany wykonane podczas robót.
Kto sprawdza i odbiera roboty ulegające zakryciu lub zanikające w ramach nadzoru inwestorskiego?,Organ administracji architektoniczno-budowlanej.,"Wójt, burmistrz lub prezydent miasta.",Inspektor nadzoru inwestorskiego.,Projektant sprawdzający projekt budowlany.,3,Art. 25 pkt 3 powierza inspektorowi sprawdzanie i odbiór takich robót przed ich zakryciem; kierownik zgłasza je do sprawdzenia.
"Co powinien zrobić kierownik budowy, gdy stwierdzi możliwość powstania zagrożenia podczas robót?","Poprosić inspektora o wpis do dziennika, lecz samemu nie wstrzymywać robót.",Wstrzymać roboty i bezzwłocznie zawiadomić właściwy organ.,Wstrzymać roboty dopiero po zgodzie wszystkich uczestników budowy.,Kontynuować roboty do czasu otrzymania decyzji o wstrzymaniu.,2,Art. 22 pkt 4 nakazuje kierownikowi wstrzymanie robót i niezwłoczne zawiadomienie organu w razie grożącego niebezpieczeństwa.
Kiedy można zasadniczo rozpocząć roboty budowlane wymagające pozwolenia?,Po zaakceptowaniu projektu przez kierownika budowy.,Po złożeniu samego wniosku o pozwolenie.,Po uzyskaniu wyłącznie decyzji o warunkach zabudowy.,Po uzyskaniu decyzji o pozwoleniu na budowę.,4,Art. 28 ust. 1 ustanawia zasadę decyzji o pozwoleniu przed robotami; wyjątki dotyczą m.in. robót objętych zgłoszeniem.
Kto jest stroną postępowania o pozwolenie na budowę?,Wyłącznie inwestor i projektant składający dokumentację.,Każda osoba mieszkająca przy drodze prowadzącej do budowy.,"Inwestor oraz właściciele, użytkownicy wieczyści lub zarządcy nieruchomości w obszarze oddziaływania.","Inwestor oraz wszyscy mieszkańcy gminy, w której powstaje obiekt.",3,Art. 28 ust. 2 określa strony przez tytuł do nieruchomości leżącej w obszarze oddziaływania obiektu.
"Jakie formalności budowlane co do zasady dotyczą robót przy obiekcie wpisanym do rejestru zabytków, choć zwykle byłyby zwolnione z pozwolenia?",Wymagana jest decyzja o pozwoleniu na budowę.,Wystarczy zwykłe zgłoszenie do organu budowlanego.,Nie są wymagane żadne formalności budowlane.,Wystarczy oświadczenie kierownika budowy o zgodności prac.,1,Art. 29 ust. 7 pkt 1 wymaga wtedy pozwolenia na budowę; ust. 8 przewiduje szczególny wyjątek dla wskazanych masztów telekomunikacyjnych.
Jakie formalności budowlane co do zasady dotyczą robót zwolnionych z pozwolenia na obszarze wpisanym do rejestru zabytków?,"Zawsze wymagają pozwolenia na budowę, także bez innych przesłanek.",Wymagają zgłoszenia organowi administracji architektoniczno-budowlanej.,Wymagają tylko zawiadomienia organu nadzoru budowlanego.,"Nie wymagają zgłoszenia, jeżeli obiekt nie jest osobno zabytkiem.",2,Art. 29 ust. 7 pkt 2 wymaga wtedy zgłoszenia organowi budowlanemu; ust. 8 przewiduje wyjątek dla wskazanych masztów telekomunikacyjnych.
Co dołącza się do wniosku lub zgłoszenia robót objętych art. 29 ust. 7 przy zabytku wpisanym do rejestru lub na takim obszarze?,Opinię konserwatora o stanie zabytku zamiast pozwolenia lub wymaganego zaświadczenia.,"Samo potwierdzenie wysłania zgłoszenia konserwatorskiego, bez zaświadczenia o braku sprzeciwu.","Wyłącznie oświadczenie inwestora, że konserwator nie zgłosił zastrzeżeń.",Pozwolenie konserwatora albo zaświadczenie o zgłoszeniu konserwatorskim bez sprzeciwu.,4,Od 3 czerwca 2026 r. art. 29 ust. 7 dopuszcza odpowiednią ścieżkę konserwatorską: pozwolenie lub zaświadczenie o zgłoszeniu bez sprzeciwu.
Czy zgłoszenie robót wojewódzkiemu konserwatorowi zastępuje formalności wymagane przez Prawo budowlane?,"Tak, ale tylko przy obiektach wpisanych do rejestru.","Nie, formalności konserwatorskie i budowlane są odrębne.","Tak, jeżeli roboty nie zmieniają bryły budynku.","Tak, zawsze zastępuje pozwolenie na budowę.",2,Art. 39 ust. 1 i art. 29 ust. 7 łączą obie ścieżki; skuteczne zgłoszenie konserwatorskie nie znosi wymogu pozwolenia lub zgłoszenia budowlanego.
Kiedy można wystąpić o odstępstwo od przepisów techniczno-budowlanych?,"W szczególnie uzasadnionym przypadku, przy spełnieniu warunków bezpieczeństwa i innych wymagań.","Tylko wtedy, gdy budynek znajduje się poza obszarem zabudowanym.",Wyłącznie po zakończeniu budowy i odbiorze obiektu.,"Zawsze, gdy inwestor uzna przepis za zbyt kosztowny.",1,"Art. 9 ust. 1 dopuszcza odstępstwo wyjątkowo, bez zagrożenia życia i mienia oraz bez niedopuszczalnego pogorszenia innych warunków."
Kto wyraża zgodę na odstępstwo od przepisów techniczno-budowlanych w postępowaniu budowlanym?,Wojewódzki inspektor nadzoru budowlanego po zakończeniu budowy.,Właściciele sąsiednich działek przez pisemne oświadczenie.,Sam projektant przez wpis do projektu budowlanego.,"Organ administracji architektoniczno-budowlanej w postanowieniu, po upoważnieniu ministra.",4,Art. 9 ust. 2 wymaga upoważnienia ministra ustanawiającego przepisy; organ budowlany rozstrzyga o odstępstwie przed decyzją o pozwoleniu.
Jakiego dodatkowego dokumentu wymaga wniosek o odstępstwo techniczne dotyczące obiektu wpisanego do rejestru lub gminnej ewidencji zabytków?,Zgody wszystkich właścicieli zabytków w tej samej gminie.,Pozytywnej opinii wojewódzkiego konserwatora zabytków o odstępstwie.,Zgody rady gminy na odstąpienie od planu miejscowego.,Postanowienia powiatowego inspektora nadzoru budowlanego o legalizacji.,2,Art. 9 ust. 3 pkt 4 wymaga pozytywnej opinii konserwatora także dla obiektów na obszarach ochrony konserwatorskiej.
Czy przepisy o odstępstwie technicznym pozwalają pogorszyć warunki zdrowotno-sanitarne obiektu?,"Nie, odstępstwo nie może prowadzić do takiego pogorszenia.","Tak, jeśli obiekt jest wpisany do rejestru zabytków.","Tak, jeżeli zgadza się na to wykonawca.","Tak, jeśli koszt dostosowania obiektu jest zbyt wysoki.",1,Art. 9 ust. 1 zakazuje m.in. pogorszenia warunków zdrowotno-sanitarnych i użytkowych oraz zagrożenia bezpieczeństwa.
"Jakie dodatkowe formalności poprzedzają roboty przy obiekcie wpisanym do rejestru zabytków, jeśli potrzebne jest pozwolenie na budowę?",Pozwolenie budowlane uzyskuje się bez udziału konserwatora.,Konserwator rozstrzyga dopiero po oddaniu obiektu do użytkowania.,Pozwolenie konserwatora albo skuteczne zgłoszenie konserwatorskie przed formalnością budowlaną.,Wystarczy sama opinia projektanta o historycznej wartości obiektu.,3,Aktualny art. 39 ust. 1 wymaga odpowiednio pozwolenia konserwatorskiego albo skutecznego zgłoszenia konserwatorskiego przed formalnością budowlaną.
"Jak traktuje się obiekt ujęty w gminnej ewidencji zabytków, lecz niewpisany do rejestru, przy wydawaniu pozwolenia na budowę?",Organ budowlany wydaje pozwolenie w uzgodnieniu z wojewódzkim konserwatorem zabytków.,Organ nadzoru budowlanego wydaje pozwolenie po zakończeniu robót.,Ujęcie w ewidencji nie ma znaczenia przy żadnej decyzji budowlanej.,Pozwolenie wydaje sam wojewódzki konserwator zabytków.,1,Art. 39 ust. 3 przewiduje uzgodnienie pozwolenia na budowę lub rozbiórkę dla obiektów i obszarów ujętych w gminnej ewidencji.
Ile czasu ma wojewódzki konserwator zabytków na stanowisko w sprawie pozwolenia dotyczącego obiektu ujętego w gminnej ewidencji?,60 dni od doręczenia pozwolenia budowlanego.,30 dni od doręczenia wniosku.,90 dni od rozpoczęcia robót budowlanych.,14 dni od złożenia wniosku przez inwestora.,2,Art. 39 ust. 4 daje konserwatorowi 30 dni na stanowisko w sprawie uzgodnienia; brak stanowiska oznacza brak zastrzeżeń do projektu.
Jaki skutek ma brak stanowiska konserwatora w terminie przy uzgadnianiu pozwolenia dla obiektu z gminnej ewidencji?,Oznacza automatyczne skreślenie obiektu z gminnej ewidencji.,Uznaje się go za brak zastrzeżeń do przedstawionych rozwiązań projektowych.,Oznacza automatyczne wydanie decyzji o pozwoleniu przez konserwatora.,Powoduje nieważność całego postępowania o pozwolenie na budowę.,2,Art. 39 ust. 4 przewiduje brak zastrzeżeń po 30 dniach bez stanowiska; nie jest to skreślenie z ewidencji ani samodzielne pozwolenie.
Co musi poprzedzić pozwolenie na rozbiórkę obiektu wpisanego do rejestru zabytków?,Upływ 30 dni bez uwag wojewódzkiego konserwatora.,Samo zawiadomienie gminy o zamiarze rozbiórki.,Decyzja Generalnego Konserwatora Zabytków o skreśleniu obiektu z rejestru.,Zgoda kierownika budowy na rozebranie obiektu.,3,Art. 39 ust. 2 uzależnia wydanie pozwolenia na rozbiórkę zarejestrowanego obiektu od wcześniejszego skreślenia go z rejestru.
Czy uproszczony tryb rozbiórki budynków poniżej 8 m stosuje się do obiektów wpisanych do rejestru zabytków?,"Tak, niezależnie od ochrony konserwatorskiej.","Tak, jeśli inwestor złoży plan sytuacyjny.","Nie, ustawa wyłącza jego stosowanie wobec takich obiektów.","Tak, jeśli rozbiórka trwa krócej niż 30 dni.",3,Art. 31 ust. 1b wyłącza uproszczenia z ust. 1 i wybrane zwolnienia z ust. 1a dla obiektów wpisanych do rejestru lub objętych ochroną konserwatorską.
Kiedy można rozpocząć pilne roboty zabezpieczające lub rozbiórkowe przed formalnością budowlaną?,Gdy projektant uzna budynek za nieestetyczny; formalność nie jest potrzebna.,Gdy obiekt jest pusty; zgłoszenia dokonuje się po roku.,Gdy mają usunąć bezpośrednie zagrożenie ludzi lub mienia; formalność trzeba dopełnić niezwłocznie.,Gdy właściciel chce obniżyć koszty prac; formalność można pominąć.,3,"Art. 31a dopuszcza niezwłoczne prace dla usunięcia bezpośredniego zagrożenia, ale nie zwalnia z uzyskania pozwolenia lub zgłoszenia."
Czy nakaz rozbiórki nieużytkowanego obiektu nienadającego się do remontu dotyczy obiektu wpisanego do rejestru zabytków?,"Tak, gdy sam właściciel chce go rozebrać.","Nie, ten tryb nakazu nie obejmuje obiektu wpisanego do rejestru.","Tak, jeśli budynek nie był używany przez trzy lata.","Tak, nakaz wydaje się bez udziału konserwatora.",2,Art. 67 ust. 2 wyłącza obiekty wpisane do rejestru spod nakazu rozbiórki przewidzianego dla nieużytkowanych lub niewykończonych obiektów.
"Jak wydaje się nakaz rozbiórki nieużytkowanego obiektu chronionego planem miejscowym, jeśli nie jest wpisany do rejestru?",Na podstawie samej opinii kierownika budowy.,Wyłącznie po wcześniejszym skreśleniu obiektu z rejestru.,Po uzgodnieniu z wojewódzkim konserwatorem zabytków.,Bez żadnego udziału konserwatora zabytków.,3,"Art. 67 ust. 3 wymaga uzgodnienia z konserwatorem, gdy obiekt jest chroniony planem miejscowym, ale nie wpisano go do rejestru."
Ile czasu ma konserwator na stanowisko przy uzgodnieniu nakazu rozbiórki obiektu chronionego planem miejscowym?,14 dni; brak stanowiska oznacza odmowę.,60 dni; brak stanowiska oznacza skreślenie z ewidencji.,90 dni; brak stanowiska oznacza pozwolenie na budowę.,30 dni; brak stanowiska oznacza uzgodnienie.,4,Art. 67 ust. 4 przewiduje 30 dni na stanowisko w sprawie uzgodnienia nakazu; milczenie jest równoznaczne z uzgodnieniem.
Czy zmiana wymagań z pozwolenia konserwatorskiego zawsze oznacza istotne odstąpienie od projektu budowlanego?,"Tak, każda zmiana wymaga nowego pozwolenia na budowę.",Nie zawsze; po uzgodnieniu zmiany z konserwatorem działa wyjątek ustawowy.,"Tak, każdą zmianę kwalifikuje jako istotną sam inwestor.","Nie, żadna zmiana przy zabytku nie może być istotna.",2,Art. 36a ust. 5b pkt 2 lit. b przewiduje wyjątek przy uzgodnieniu z konserwatorem; kwalifikację odstąpienia wykonuje projektant.
Kto kwalifikuje zamierzone odstąpienie od projektu jako istotne lub nieistotne?,Organ nadzoru budowlanego po zakończeniu budowy.,Kierownik robót.,Właściciel działki sąsiedniej.,Projektant.,4,"Art. 36a ust. 6 powierza kwalifikację projektantowi, który przy zmianie nieistotnej dołącza rysunek i opis do dokumentacji."
Co jest potrzebne przy istotnym odstąpieniu od zatwierdzonego projektu podczas budowy na podstawie pozwolenia?,Ponowne zgłoszenie robót zamiast zmiany istniejącego pozwolenia.,"Samo naniesienie zmian w projekcie przez projektanta, bez zmiany pozwolenia.",Decyzja o zmianie pozwolenia na budowę.,Zatwierdzenie zmian dopiero przy wydaniu pozwolenia na użytkowanie.,3,Art. 36a ust. 1 wymaga zmiany pozwolenia przy istotnym odstąpieniu od projektu lub innych warunków pozwolenia.
Czy zmiana zamierzonego sposobu użytkowania obiektu może być istotnym odstąpieniem od projektu?,"Tylko wtedy, gdy budynek jest wysoki.","Tylko wtedy, gdy inwestor zmienia właściciela obiektu.","Nie, sposób użytkowania nie wpływa na projekt.","Tak, ustawa zalicza ją do istotnych odstąpień.",4,Art. 36a ust. 5 pkt 4 wprost wymienia zmianę zamierzonego sposobu użytkowania obiektu lub jego części.
Kiedy zmiana powierzchni zabudowy jest istotnym odstąpieniem według wskazanego w ustawie progu?,Gdy przekracza 2% zatwierdzonej powierzchni zabudowy.,Gdy przekracza 10% zatwierdzonej powierzchni zabudowy.,Gdy przekracza 5% zatwierdzonej powierzchni zabudowy.,Gdy przekracza 1% zatwierdzonej powierzchni zabudowy.,3,Art. 36a ust. 5 pkt 2 lit. a wskazuje próg ponad 5% dla powierzchni zabudowy; inne przesłanki istotności stosuje się osobno.
Kiedy pozwolenie na budowę wygasa wskutek nierozpoczęcia budowy?,Po 10 latach od sporządzenia projektu budowlanego.,Po roku od dnia wydania decyzji.,Po 5 latach od złożenia wniosku o pozwolenie.,"Po 3 latach od dnia, gdy decyzja stała się ostateczna.",4,Art. 37 ust. 1 przewiduje wygaśnięcie po 3 latach bez rozpoczęcia budowy albo po przerwie w budowie dłuższej niż 3 lata.
Po jakiej przerwie w budowie wygasa pozwolenie na budowę?,Po każdej przerwie przekraczającej 30 dni.,Po przerwie dłuższej niż 5 lat.,Po przerwie dłuższej niż rok.,Po przerwie dłuższej niż 3 lata.,4,Art. 37 ust. 1 dotyczy przerwy dłuższej niż 3 lata; ten sam przepis reguluje trzyletni termin na rozpoczęcie budowy.
Kto wydaje pozwolenie na budowę w typowej sprawie jako organ pierwszej instancji?,Główny Inspektor Nadzoru Budowlanego.,Starosta.,Wojewódzki konserwator zabytków.,Powiatowy inspektor nadzoru budowlanego.,2,Art. 82 ust. 2 wskazuje starostę jako zasadniczy organ pierwszej instancji w administracji architektoniczno-budowlanej.
Kto jako organ pierwszej instancji prowadzi sprawy budowlane dotyczące obiektów na obszarze kolejowym?,Powiatowy inspektor nadzoru budowlanego.,Wojewoda.,Burmistrz właściwej gminy.,Starosta.,2,Art. 82 ust. 3 zalicza obiekty na obszarze kolejowym do spraw wojewody jako organu pierwszej instancji.
Co musi zapewnić inwestor przed rozpoczęciem robót objętych pozwoleniem na budowę?,"Projekt techniczny, jeśli jest wymagany, i inspektora nadzoru inwestorskiego w każdej sprawie.",Projekt zagospodarowania terenu zamiast projektu technicznego oraz kierownika robót.,"Wyłącznie ustanowienie kierownika budowy, bez zapewnienia wymaganego projektu technicznego.","Sporządzenie projektu technicznego, jeśli jest wymagany, oraz ustanowienie kierownika budowy.",4,Art. 42 ust. 1 nakłada przed rozpoczęciem takich robót obowiązki dotyczące projektu technicznego i kierownika budowy.
Kiedy inwestor musi ustanowić kierownika robót w określonej specjalności?,Gdy kierownik budowy ma uprawnienia w tej samej specjalności co planowane roboty.,Dopiero po zakończeniu robót w dodatkowej specjalności i przed odbiorem.,Gdy roboty wymagają przygotowania w specjalności innej niż posiada kierownik budowy.,"Zawsze, gdy w projekcie wskazano więcej niż jedną specjalność budowlaną.",3,"Art. 42 ust. 4 nakazuje zapewnić kierownika robót w potrzebnej specjalności, jeśli kierownik budowy jej nie posiada."
Czym jest dziennik budowy?,Rejestrem decyzji o warunkach zabudowy prowadzonym przez gminę.,Urzędowym dokumentem zapisującym przebieg robót oraz istotne zdarzenia w ich toku.,Dokumentem wydawanym dopiero po uzyskaniu pozwolenia na użytkowanie.,Wyłącznie prywatnym notesem wykonawcy z wykazem kosztów.,2,Art. 47a określa dziennik jako urzędowy zapis przebiegu robót i zdarzeń ważnych dla oceny prawidłowości ich wykonania.
Jak prowadzi się dziennik budowy dla kilku obiektów wymagających formalności budowlanych?,Jeden dziennik dla wszystkich obiektów w całym powiecie.,Jeden dziennik dla wszystkich inwestycji danego wykonawcy.,Tylko jeden dziennik dla wszystkich obiektów danego inwestora.,Co do zasady odrębnie dla każdego obiektu.,4,Art. 47b ust. 1 przewiduje oddzielny dziennik dla każdego obiektu; odcinki obiektu liniowego mogą mieć dzienniki odrębne.
"Co robi inwestor, gdy do robót musi wejść na sąsiednią nieruchomość?",Zwraca się wyłącznie do kierownika budowy o zgodę na wejście.,"Najpierw uzyskuje zgodę uprawnionego i uzgadnia sposób, zakres oraz termin korzystania.","Wchodzi bez zgody, jeśli ma własne pozwolenie na budowę.",Odkłada uzgodnienia do chwili zakończenia robót.,2,"Art. 47 ust. 1 nakazuje uzgodnić dostęp przed rozpoczęciem prac, także ewentualną rekompensatę."
"Kto rozstrzyga o niezbędności wejścia na sąsiednią nieruchomość, gdy inwestor nie uzgodnił tego z uprawnionym?",Organ administracji architektoniczno-budowlanej na wniosek inwestora.,Projektant przez wpis do dziennika budowy.,Powiatowy inspektor nadzoru budowlanego bez wniosku.,Wojewódzki konserwator zabytków w każdej sprawie.,1,"Art. 47 ust. 2 przewiduje decyzję organu budowlanego na wniosek inwestora, z określeniem granic i warunków korzystania."
Kto naprawia szkody powstałe wskutek korzystania z sąsiedniej nieruchomości podczas robót?,Kierownik budowy prowadzący roboty na sąsiedniej działce.,Wykonawca robót jako strona umowy z inwestorem.,"Właściciel nieruchomości, na którą trzeba wejść.","Inwestor, na zasadach wynikających z Kodeksu cywilnego.",4,Art. 47 ust. 3 obciąża inwestora naprawieniem szkód powstałych przy korzystaniu z sąsiedniej nieruchomości.
"Co robi organ nadzoru, gdy budowa trwa bez wymaganego pozwolenia albo zgłoszenia?",Wydaje postanowienie o wstrzymaniu budowy i informuje o możliwości legalizacji.,Z urzędu wydaje pozwolenie na użytkowanie obiektu.,Uznaje budowę za legalną po upływie 14 dni.,Przekazuje sprawę wyłącznie do sądu cywilnego.,1,Art. 48 ust. 1 i 3 nakazuje wstrzymanie samowoli oraz informację o możliwości złożenia wniosku o legalizację.
Który pełny zestaw podmiotów może wystąpić o legalizację po wstrzymaniu samowolnej budowy?,"Inwestor, właściciel albo zarządca obiektu.","Inwestor, projektant albo organ nadzoru budowlanego.","Właściciel sąsiedniej nieruchomości, starosta albo wykonawca robót.","Projektant, kierownik budowy albo inspektor nadzoru inwestorskiego.",1,"Art. 48a ust. 1 wskazuje inwestora, właściciela i zarządcę jako uprawnionych do złożenia wniosku o legalizację."
Jaki jest zwykły termin na wniosek o legalizację po doręczeniu postanowienia o wstrzymaniu budowy?,14 dni.,30 dni.,7 dni.,90 dni.,2,Art. 48a ust. 1 daje 30 dni na wniosek; wniesienie zażalenia przesuwa początek biegu terminu na ostateczność postanowienia.
Kto może złożyć wniosek o pozwolenie na budowę zamiast zgłoszenia dla robót objętych tym trybem?,Inwestor.,Projektant sporządzający dokumentację dla inwestora.,Kierownik budowy ustanowiony przed rozpoczęciem robót.,Organ nadzoru budowlanego kontrolujący później obiekt.,1,Art. 29 ust. 5 dopuszcza wybór pozwolenia zamiast zgłoszenia przez inwestora dla wskazanych tam robót.
Co wynika z potrzeby uzyskania odstępstwa od przepisów techniczno-budowlanych dla robót zwykle objętych zgłoszeniem?,Zgłoszenie automatycznie staje się pozwoleniem.,Wystarcza sam wpis do dziennika budowy.,Odstępstwo jest udzielane po zakończeniu robót.,Inwestor składa wniosek o pozwolenie na budowę.,4,"Art. 29 ust. 5a wymaga przejścia na tryb pozwolenia, jeżeli roboty objęte zwolnieniem wymagają odstępstwa technicznego."
Który zestaw informacji trzeba podać w zgłoszeniu budowy lub innych robót?,"Rodzaj, miejsce i termin robót, bez ich zakresu i sposobu wykonywania.","Rodzaj, zakres i sposób wykonywania, bez miejsca i terminu rozpoczęcia.","Rodzaj, zakres, miejsce, sposób wykonywania i termin rozpoczęcia robót.","Miejsce, sposób i termin robót oraz dane wykonawcy zamiast ich rodzaju i zakresu.",3,"Art. 30 ust. 2 wymaga opisu robót i terminu ich rozpoczęcia, aby organ mógł ocenić dopuszczalność zgłoszenia."
Do jakiego organu składa się zgłoszenie budowy lub innych robót budowlanych?,Do wojewódzkiego konserwatora zabytków zamiast organu budowlanego.,Do powiatowego inspektora nadzoru budowlanego.,Do organu administracji architektoniczno-budowlanej.,Do sądu administracyjnego właściwego dla miejsca budowy.,3,Art. 30 ust. 1b wskazuje organ administracji architektoniczno-budowlanej; obowiązki konserwatorskie mogą występować dodatkowo.
Jakie dokumenty projektowe dołącza się co do zasady do wniosku o pozwolenie na budowę?,Projekt zagospodarowania działki lub terenu oraz projekt architektoniczno-budowlany.,Projekt architektoniczno-budowlany oraz projekt techniczny zamiast projektu zagospodarowania.,Kompletny projekt techniczny bez części zagospodarowania i architektonicznej.,Projekt zagospodarowania działki oraz projekt techniczny zamiast części architektonicznej.,1,Art. 33 ust. 2 pkt 1 wymaga dwóch wskazanych części projektu; projekt techniczny ma odrębny moment sporządzenia.
Czy pozwolenie na budowę może dotyczyć tylko niektórych obiektów w wieloobiektowym zamierzeniu?,"Tak, nawet gdy oddzielone obiekty nie mogą działać samodzielnie.","Nie, zawsze musi jednocześnie obejmować wszystkie obiekty.","Tak, jeżeli zgodę wyrażą właściciele wszystkich sąsiednich działek.","Tak, jeśli na wniosek inwestora mogą samodzielnie funkcjonować zgodnie z przeznaczeniem.",4,"Art. 33 ust. 1 pozwala objąć decyzją wybrane samodzielnie funkcjonujące obiekty, ale wymaga projektu zagospodarowania całego zamierzenia."
Co sprawdza organ przed wydaniem pozwolenia na budowę?,Zgodność rozwiązań projektu z umową wykonawczą i harmonogramem inwestora.,M.in. zgodność projektu z planem miejscowym i kompletność wymaganych dokumentów.,Zgodność projektu technicznego z wybranym przez inwestora kosztorysem robót.,Zgodność każdego rozwiązania technicznego z normami zamiast ustawowego zakresu kontroli projektu.,2,"Art. 35 ust. 1 wymienia kontrolę planistyczną, środowiskową, techniczną i formalną projektu oraz uprawnień projektanta."
"Co robi organ, gdy przed pozwoleniem na budowę stwierdzi braki w projekcie lub dokumentach?",Postanowieniem nakazuje usunięcie wskazanych braków w wyznaczonym terminie.,Przekazuje projekt konserwatorowi bez rozpoznania braków.,Od razu uznaje wniosek za prawomocnie zatwierdzony.,Zleca wykonawcy budowy poprawienie dokumentów bez udziału inwestora.,1,Art. 35 ust. 3 nakazuje wskazać nieprawidłowości i termin ich usunięcia; brak wykonania może skutkować odmową.
"Czy organ może odmówić pozwolenia na budowę, gdy projekt i pozostałe warunki ustawowe są spełnione?","Tak, jeśli sąsiedzi wyrazili niezadowolenie bez wskazania naruszeń.","Tak, jeśli uważa inwestycję za niepotrzebną społecznie.","Tak, jeśli wykonawca robót nie jest jeszcze wybrany.","Nie, przy spełnieniu wymogów ustawy nie może odmówić wydania decyzji.",4,Art. 35 ust. 4 wiąże organ spełnieniem wymagań projektu i warunków dla inwestora.
Kiedy organ może wydać pozwolenie na budowę osobie ubiegającej się o nie?,Gdy m.in. złożyła oświadczenie o prawie do dysponowania nieruchomością na cele budowlane.,Gdy posiada tylko opinię geodety o granicach działki.,Gdy przedłożyła samo zapewnienie wykonawcy o rozpoczęciu prac.,Gdy uzyskała wyłącznie zgodę sąsiadów na budowę.,1,Art. 32 ust. 4 pkt 2 wymaga oświadczenia o tytule do nieruchomości pod rygorem odpowiedzialności karnej.
Kiedy obiekt po zakończeniu budowy można co do zasady zacząć użytkować po zawiadomieniu organu?,"Już w dniu rozpoczęcia robót, jeśli kierownik prowadzi dziennik.",Dopiero po upływie 3 lat od zakończenia budowy.,"Gdy organ nadzoru nie wniesie sprzeciwu w ciągu 14 dni, o ile nie jest potrzebne pozwolenie na użytkowanie.","Gdy miną 3 dni od złożenia zawiadomienia, bez względu na decyzję organu.",3,"Art. 54 ust. 1 przewiduje 14 dni na sprzeciw wobec zawiadomienia, z zastrzeżeniem przypadków wymagających pozwolenia na użytkowanie."
Co daje zaświadczenie organu nadzoru o braku podstaw do sprzeciwu po zawiadomieniu o zakończeniu budowy?,Oznacza automatyczne skreślenie obiektu z rejestru zabytków.,Pozwala rozpocząć użytkowanie przed upływem 14 dni i wyłącza późniejszy sprzeciw.,Zwalnia inwestora z obowiązku utrzymania obiektu.,Zastępuje pozwolenie na budowę dla wykonanych robót.,2,Art. 54 ust. 2 pozwala organowi wydać zaświadczenie wcześniej; po jego wydaniu inwestor może rozpocząć użytkowanie.
Kiedy wymagane jest pozwolenie na użytkowanie przed wykonaniem wszystkich robót budowlanych?,Gdy inwestor chce rozpocząć użytkowanie przed ukończeniem wszystkich robót.,Tylko gdy obiekt leży poza granicami miasta.,Wyłącznie po zmianie projektanta w trakcie budowy.,Tylko gdy inwestor przerwał budowę na ponad 3 lata.,1,Art. 55 ust. 1 pkt 3 wymaga decyzji o pozwoleniu na użytkowanie przy zamiarze użytkowania przed zakończeniem całej budowy.
Czy inwestor może wystąpić o pozwolenie na użytkowanie zamiast zawiadamiać o zakończeniu budowy?,"Tak, ale tylko po upływie 3 lat od budowy.","Nie, jeśli obiekt nie jest zabytkiem.","Tak, ustawa dopuszcza taki wniosek.","Nie, pozwolenie jest dostępne wyłącznie z urzędu.",3,Art. 55 ust. 2 pozwala wybrać wniosek o pozwolenie na użytkowanie w miejsce zwykłego zawiadomienia.
Jaki dokument kierownika budowy dołącza się do zawiadomienia o zakończeniu budowy?,"Oświadczenie o zgodności robót z projektem, bez informacji o uporządkowaniu terenu.","Oświadczenie o uporządkowaniu terenu, bez potwierdzenia zgodności z projektem.",Oświadczenie o zgodności wykonania z projektem lub pozwoleniem oraz o uporządkowaniu terenu.,Oświadczenie wyłącznie o zgodności robót z harmonogramem inwestora.,3,Art. 57 ust. 1 pkt 2 wymaga oświadczeń kierownika o zgodności wykonania i doprowadzeniu terenu do należytego stanu.
Kto odpowiada za utrzymanie i bezpieczne użytkowanie istniejącego obiektu budowlanego?,Wykonawca bez względu na zakończenie robót.,Starosta po wydaniu pozwolenia na budowę.,Właściciel lub zarządca.,Projektant aż do rozbiórki obiektu.,3,Art. 61 nakłada obowiązek właściwego utrzymania i reagowania na zagrożenia na właściciela albo zarządcę.
Jak często co do zasady sprawdza się stan techniczny elementów narażonych na pogodę oraz instalacji gazowych i kominów?,Wyłącznie po zgłoszeniu awarii przez użytkownika.,Co najmniej raz na 5 lat.,Co najmniej raz na 10 lat.,Co najmniej raz w roku.,4,"Art. 62 ust. 1 pkt 1 wymaga kontroli rocznej tych elementów, z wyjątkami dotyczącymi niektórych obiektów."
Jak często odbywa się ogólna kontrola stanu technicznego i przydatności obiektu do użytkowania?,Co najmniej raz na 10 lat.,Co najmniej raz w roku.,Dopiero przed każdą zmianą właściciela obiektu.,Co najmniej raz na 5 lat.,4,"Art. 62 ust. 1 pkt 2 przewiduje kontrolę pięcioletnią, obejmującą także estetykę oraz instalację elektryczną i piorunochronną."
Co sprawdza się dodatkowo podczas kolejnej okresowej kontroli obiektu?,Czy sąsiedzi akceptują wygląd obiektu.,Wykonanie zaleceń z poprzedniej kontroli.,Czy wykonawca nadal prowadzi działalność.,Termin zapłaty podatku od nieruchomości.,2,Art. 62 ust. 1a każe sprawdzić wykonanie zaleceń sformułowanych podczas wcześniejszej kontroli.
"Co robi organ nadzoru, gdy istniejący obiekt zagraża życiu, zdrowiu lub środowisku?",Automatycznie wydaje nowe pozwolenie na budowę.,Nakazuje decyzją usunięcie nieprawidłowości w oznaczonym terminie.,Przekazuje wyłącznie ustne zalecenie bez decyzji.,Skreśla obiekt z ewidencji gruntów.,2,Art. 66 ust. 1 pozwala nakazać usunięcie nieprawidłowości; w określonych przypadkach organ może także zakazać użytkowania.
Kiedy zgłasza się zmianę sposobu użytkowania obiektu?,Wyłącznie po rozbiórce części obiektu.,Tylko gdy zmienia się właściciel nieruchomości.,"Przed zmianą, gdy nowa działalność zmienia m.in. warunki bezpieczeństwa, zdrowotne lub obciążenia.","Po zmianie, tylko gdy właściciel otrzyma wezwanie od organu.",3,Art. 71 ust. 1–4 obejmuje zmianę istotnych warunków użytkowania i wymaga zgłoszenia przed jej dokonaniem.
Jaki jest termin na sprzeciw organu wobec zgłoszonej zmiany sposobu użytkowania?,7 dni od sporządzenia projektu.,30 dni od doręczenia zgłoszenia.,90 dni od rozpoczęcia użytkowania.,14 dni od doręczenia pozwolenia na budowę.,2,Art. 71 ust. 4 daje organowi 30 dni na sprzeciw; zmiany dokonuje się po bezskutecznym upływie tego terminu.
Kiedy organ wnosi sprzeciw wobec zamierzonej zmiany sposobu użytkowania zabytku?,Gdy zmiana może niedopuszczalnie pogorszyć stan zachowania zabytku.,Tylko gdy obiekt jest własnością Skarbu Państwa.,Gdy inwestor ma obowiązek zapewnić kontrolę pięcioletnią.,"Zawsze, gdy budynek ma więcej niż jedno wejście.",1,Art. 71 ust. 5 pkt 3 lit. b wskazuje możliwe niedopuszczalne pogorszenie stanu zachowania zabytków jako podstawę sprzeciwu.
Czy zgłoszenie zmiany sposobu użytkowania dokonane po faktycznej zmianie wywołuje skutek prawny?,"Tak, gdy podpisze je projektant.","Tak, jeśli wpłynie w ciągu 30 dni po zmianie.","Nie, ustawa wymaga zgłoszenia przed zmianą.","Tak, jeśli organ nie przeprowadzi kontroli.",3,Art. 71 ust. 7 wyraźnie stwierdza brak skutku zgłoszenia złożonego po zmianie sposobu użytkowania.
Kiedy do zgłoszenia zmiany sposobu użytkowania potrzebna jest ekspertyza techniczna?,Wyłącznie po uzyskaniu pozwolenia na użytkowanie.,Gdy zmiana działalności wpływa na wskazane w ustawie warunki bezpieczeństwa lub obciążenia.,Zawsze przy każdej zmianie nazwy firmy korzystającej z obiektu.,Tylko gdy zmienia się właściciel działki.,2,Art. 71 ust. 2 pkt 5 wymaga ekspertyzy uprawnionej osoby przy zmianie warunków wymienionych w ust. 1 pkt 2.
Kiedy zmianę sposobu użytkowania rozstrzyga się w pozwoleniu na budowę zamiast osobnym zgłoszeniem?,Gdy inwestor nie chce przedstawiać opisu technicznego.,Gdy obiekt ma więcej niż dwie kondygnacje.,Gdy zamierzona zmiana wymaga robót objętych pozwoleniem na budowę.,Gdy użytkownik obiektu nie jest właścicielem.,3,"Art. 71 ust. 6 pkt 1 łączy rozstrzygnięcie o zmianie sposobu użytkowania z pozwoleniem na budowę, jeśli potrzebne są roboty wymagające decyzji."
Czy budynek mieszkalny jednorodzinny może zawierać lokal użytkowy?,"Nie, może zawierać wyłącznie jeden lokal mieszkalny.","Tak, dowolną liczbę lokali użytkowych bez ograniczenia powierzchni.","Tak, jeden lokal mieszkalny i lokal użytkowy do 30% powierzchni całkowitej budynku.","Tak, ale lokal użytkowy musi zajmować ponad połowę powierzchni budynku.",3,Art. 3 pkt 2a dopuszcza jeden lokal mieszkalny i użytkowy do 30% powierzchni albo maksymalnie dwa lokale mieszkalne.
Co stanowi dokumentację powykonawczą?,Dziennik budowy bez naniesionych zmian i bez wyników pomiarów powykonawczych.,Tylko protokoły badań instalacji wykonanych po oddaniu obiektu do użytkowania.,Dokumentacja budowy ze zmianami z robót i geodezyjnymi pomiarami powykonawczymi.,Sam projekt budowlany przedłożony przy ubieganiu się o pozwolenie.,3,Art. 3 pkt 14 łączy dokumentację budowy z naniesionymi zmianami i pomiarami wykonanymi po budowie.
Czy pozwolenie na budowę jest decyzją administracyjną?,"Tak, ale wydaje się je dopiero po zakończeniu budowy.","Nie, jest tylko opinią projektanta o planowanej inwestycji.","Tak, zezwala na rozpoczęcie i prowadzenie budowy lub innych robót.","Nie, jest wpisem kierownika budowy do dziennika.",3,"Art. 3 pkt 12 definiuje pozwolenie jako decyzję zezwalającą na roboty, a nie dokument powykonawczy."
Czy urządzenie budowlane musi być związane z obiektem budowlanym?,"Nie, każdy przedmiot znajdujący się na działce jest urządzeniem budowlanym.","Tak, służy korzystaniu z obiektu zgodnie z przeznaczeniem, np. przyłącze lub ogrodzenie.","Tak, ale wyłącznie gdy stanowi samodzielny budynek.","Nie, jest nim tylko obiekt wzniesiony na sąsiedniej działce.",2,"Art. 3 pkt 9 wiąże urządzenie budowlane z użytkowaniem obiektu; wymienia m.in. przyłącza, instalacje i ogrodzenia."
Czy dokumentacja budowy może obejmować zgłoszenie z projektem?,"Nie, zgłoszenie z projektem nigdy nie jest częścią dokumentacji budowy.","Tak, lecz zamiast dokumentów z przebiegu robót, a nie obok nich.","Tak, ale tylko jeśli w toku robót wydano pozwolenie na użytkowanie.","Tak, oprócz dokumentów z przebiegu robót obejmuje też zgłoszenie z załączonym projektem.",4,"Art. 3 pkt 13 wymienia pozwolenie lub zgłoszenie wraz z projektem, dziennik, protokoły odbiorów i inne dokumenty budowy."
Co jest warunkiem stosowania rozwiązania zamiennego przy odstępstwie technicznym?,Zgoda sąsiadów zamiast stanowiska właściwego organu.,Zachowanie wymaganych warunków bezpieczeństwa i uzyskanie zgody w przewidzianym trybie.,Sama akceptacja wykonawcy robót bez udziału organu.,Brak potrzeby spełniania wymagań ochrony zdrowia.,2,Art. 9 ust. 1–3 łączy odstępstwo z ochroną bezpieczeństwa i formalnym postanowieniem organu po upoważnieniu ministra.
Kto może żądać od kierownika poprawienia wadliwie wykonanych robót?,Geodeta wykonujący pomiary powykonawcze.,Inspektor nadzoru inwestorskiego.,Wójt po wydaniu decyzji o warunkach zabudowy.,Autor kosztorysu inwestorskiego.,2,"Art. 26 pkt 2 daje inspektorowi prawo żądania poprawek, ponownego wykonania robót, a przy zagrożeniu także ich wstrzymania."
Czy inspektor nadzoru inwestorskiego może żądać odkrycia zakrytych robót do badania?,"Nie, może żądać jedynie przedstawienia zdjęć robót przed zakryciem.","Tak, może polecić wykonanie prób i badań wymagających odkrycia robót.","Tak, ale dopiero po wydaniu pozwolenia na użytkowanie obiektu.","Może żądać prób i badań, ale bez możliwości odkrycia zakrytych robót.",2,"Art. 26 pkt 1 dopuszcza wpisane do dziennika polecenie przeprowadzenia badań, także z odkryciem zakrytych elementów."
"Co może zrobić projektant, gdy roboty są wykonywane niezgodnie z projektem?",Wydać decyzję o rozbiórce całego obiektu.,Samodzielnie unieważnić pozwolenie na budowę.,Zażądać wstrzymania robót wpisem do dziennika budowy.,"Pominąć niezgodność, jeśli wykonawca ją akceptuje.",3,Art. 21 ust. 1 pkt 2 przyznaje projektantowi prawo żądania wstrzymania robót przy zagrożeniu lub niezgodności z projektem.
Czego dotyczą pięcioletnie kontrole obiektu poza jego stanem technicznym?,Przydatności do użytkowania oraz stanu instalacji gazowej zamiast elektrycznej.,"Przydatności do użytkowania, estetyki oraz instalacji elektrycznej i piorunochronnej.",Stanu elementów narażonych na warunki atmosferyczne i instalacji gazowej.,Tylko szczelności instalacji gazowej i stanu przewodów kominowych.,2,"Art. 62 ust. 1 pkt 2 rozszerza kontrolę pięcioletnią na przydatność, estetykę i wskazane instalacje."
Kto zapewnia kontrolę po zgłoszeniu przez mieszkańca nieuzasadnionej ingerencji utrudniającej użytkowanie lokalu?,Wykonawca wykonuje ją wyłącznie po wydaniu nowego pozwolenia.,Starosta zapewnia kontrolę dopiero po 30 dniach.,Właściciel lub zarządca zapewnia kontrolę w ciągu 3 dni od zgłoszenia.,Projektant przeprowadza ją po zakończeniu kolejnego remontu.,3,Art. 62 ust. 2a nakazuje właścicielowi lub zarządcy przeprowadzić taką kontrolę w ciągu 3 dni od otrzymania zgłoszenia.
Jak ustawa definiuje tymczasowy obiekt budowlany?,"Jako budynek używany tylko przez jedną porę roku, ale trwale związany z gruntem.",Jako każdą rozbudowę obiektu wykonaną bez projektu technicznego.,Jako każdy obiekt zbudowany na działce wynajętej na czas oznaczony.,Jako obiekt przewidziany do przeniesienia lub rozbiórki albo niepołączony trwale z gruntem.,4,"Art. 3 pkt 5 wiąże tymczasowy charakter z okresem użytkowania, przeniesieniem lub brakiem trwałego związania z gruntem."
Czy odbudowa istniejącego obiektu jest budową w rozumieniu ustawy?,"Nie, odbudowa jest wyłącznie bieżącą konserwacją.","Tak, ale tylko gdy obiekt nie ma fundamentów.","Tak, odbudowa mieści się w pojęciu budowy.","Nie, odbudowa oznacza zawsze samą rozbiórkę.",3,"Art. 3 pkt 6 wprost obejmuje odbudowę pojęciem budowy obok wykonania, rozbudowy i nadbudowy."
Czym wyróżnia się obiekt liniowy?,Charakterystycznym parametrem jest liczba lokali.,Charakterystycznym parametrem jest liczba kondygnacji.,Charakterystycznym parametrem jest jego długość.,Charakterystycznym parametrem jest powierzchnia zabudowy.,3,"Art. 3 pkt 3a wskazuje długość i podaje przykłady, takie jak drogi, wodociągi i linie elektroenergetyczne."
Czy budowla musi być budynkiem?,"Tak, każda budowla ma fundamenty, dach i przegrody budowlane.","Nie, budowla jest obiektem budowlanym niebędącym budynkiem ani obiektem małej architektury.","Tak, ale tylko gdy jest trwale związana z gruntem.","Nie, budowla jest wyłącznie urządzeniem budowlanym przy budynku.",2,"Art. 3 pkt 3 definiuje budowlę jako kategorię odrębną od budynku i małej architektury, np. most lub sieć techniczną."
Kiedy wolno rozpocząć roboty objęte zgłoszeniem bez sprzeciwu organu?,Po bezskutecznym upływie ustawowego terminu na sprzeciw.,Po ustnej zgodzie kierownika budowy niezależnie od zgłoszenia.,Dopiero po wydaniu pozwolenia na użytkowanie.,"Od razu po sporządzeniu projektu, przed złożeniem zgłoszenia.",1,Art. 30 pozwala rozpocząć roboty po skutecznym zgłoszeniu i braku sprzeciwu w ustawowym terminie.
Kto może nałożyć obowiązek ustanowienia inspektora nadzoru inwestorskiego w pozwoleniu na budowę?,Organ administracji architektoniczno-budowlanej.,Organ nadzoru budowlanego podczas kontroli zakończonego obiektu.,Projektant w ramach sporządzenia projektu technicznego.,"Inwestor przez wpis w dzienniku, bez rozstrzygnięcia w pozwoleniu.",1,Art. 19 ust. 1 pozwala organowi nałożyć taki obowiązek m.in. przy szczególnie skomplikowanym obiekcie lub przewidywanym wpływie na środowisko.
Kto odpowiada za skoordynowanie opracowań projektowych różnych specjalności?,Projektant zapewniający wzajemną koordynację opracowań.,Kierownik budowy dopiero po zakończeniu robót.,Organ nadzoru budowlanego przed zatwierdzeniem projektu.,Właściciel sąsiedniej nieruchomości.,1,Art. 20 ust. 1 pkt 1aa przypisuje projektantowi koordynację rozwiązań i zgodność projektu technicznego z pozostałymi częściami projektu.
Kiedy projektant sprawuje nadzór autorski nad budową?,Dopiero po decyzji organu nadzoru budowlanego wydanej po zakończeniu robót.,"Tylko wtedy, gdy projektant sam zgłosi chęć nadzorowania budowy.","Na żądanie kierownika budowy albo wykonawcy robót, niezależnie od inwestora.",Na żądanie inwestora albo organu administracji architektoniczno-budowlanej.,4,"Art. 20 ust. 1 pkt 4 przewiduje nadzór autorski na żądanie inwestora lub organu, m.in. nad zgodnością robót z projektem."
Czy projektant może wejść na teren budowy w celu wykonywania swoich uprawnień?,"Nie, może działać tylko przez korespondencję z inwestorem.","Tak, ale dopiero po pozwoleniu na użytkowanie.","Nie, teren budowy jest dostępny tylko kierownikowi.","Tak, może wejść i dokonywać wpisów do dziennika budowy.",4,Art. 21 ust. 1 pkt 1 przyznaje projektantowi dostęp do budowy i prawo wpisów w dzienniku.
Kto odpowiada za protokolarne przejęcie i zabezpieczenie terenu budowy?,Kierownik budowy.,Powiatowy inspektor nadzoru budowlanego.,Projektant sprawdzający.,Właściciel sąsiedniej działki.,1,Art. 22 pkt 1 czyni przejęcie i zabezpieczenie terenu obowiązkiem kierownika budowy.
Kto zgłasza inwestorowi roboty ulegające zakryciu do sprawdzenia lub odbioru?,Organ wydający decyzję o warunkach zabudowy.,Sąd administracyjny.,Kierownik budowy.,Wojewódzki konserwator zabytków w każdej sprawie.,3,"Art. 22 pkt 7 nakazuje kierownikowi zgłosić te roboty przed ich zakryciem, by możliwa była kontrola."
Czy inspektor nadzoru inwestorskiego reprezentuje inwestora na budowie?,"Nie, reprezentuje wykonawcę wobec inwestora.","Nie, pełni funkcję organu administracyjnego wydającego pozwolenia.","Tak, kontroluje zgodność robót z projektem, pozwoleniem, przepisami i wiedzą techniczną.","Tak, ale wyłącznie w sprawie kosztów zakupu materiałów.",3,Art. 25 pkt 1 powierza inspektorowi kontrolę robót w imieniu inwestora.
Kto wyznacza koordynatora inspektorów nadzoru różnych specjalności?,Wykonawca wybiera geodetę z uprawnieniami.,Powiatowy inspektor nadzoru wybiera kierownika budowy.,Inwestor wybiera jednego z ustanowionych inspektorów.,Starosta wybiera projektanta spośród uczestników procesu.,3,"Art. 27 wymaga, by przy wielu specjalnościach inwestor wyznaczył jednego inspektora jako koordynatora."
Co powinien zrobić projektant przy nieistotnym odstąpieniu od zatwierdzonego projektu?,Wstrzymać roboty na trzy lata.,Dołączyć do dokumentacji budowy rysunek i opis odstąpienia.,Złożyć nowy wniosek o warunki zabudowy w każdej sprawie.,Wydać nową decyzję o pozwoleniu na budowę.,2,Art. 36a ust. 6 wymaga udokumentowania nieistotnej zmiany przez projektanta bez zmiany pozwolenia.
Czy zmiana liczby kondygnacji obiektu może być istotnym odstąpieniem od projektu?,"Tak, ale dopiero po oddaniu obiektu do użytkowania.","Tak, ustawa wymienia zmianę liczby kondygnacji.","Nie, liczba kondygnacji nie jest parametrem obiektu.","Nie, dotyczy tylko koloru elewacji.",2,Art. 36a ust. 5 pkt 2 lit. c wskazuje liczbę kondygnacji jako charakterystyczny parametr przy kwalifikacji zmiany.
"Kto odpowiada za geodezyjne wytyczenie obiektu, jeśli ustanowiono kierownika budowy?",Starosta zapewnia pomiary na koszt powiatu.,Kierownik budowy zapewnia wykonanie tego obowiązku.,"Wyłącznie inwestor, nawet gdy ma kierownika budowy.",Wojewódzki konserwator zabytków.,2,"Art. 43 ust. 1b przypisuje zapewnienie czynności geodezyjnych kierownikowi, a gdy go nie ustanowiono – inwestorowi."
Czy dziennik budowy musi mieć oddzielny numer w systemie EDB?,"Nie, wszystkie dzienniki inwestora mają jeden numer.","Tak, ale numer nadaje kierownik budowy poza systemem.","Tak, elektroniczny dziennik otrzymuje indywidualny numer.","Nie, numeruje się jedynie papierowy dziennik.",3,Art. 47h ust. 2 przewiduje indywidualny numer dla każdego wydanego elektronicznego dziennika budowy.
Co rejestruje dziennik budowy poza samym przebiegiem robót?,"Jedynie daty rozpoczęcia i zakończenia każdego etapu, bez zdarzeń technicznych.",Wyłącznie dane o dostawach materiałów i kosztach prowadzenia budowy.,"Decyzje organu wydane po zakończeniu użytkowania obiektu, bez wpisów z robót.",Zdarzenia istotne dla oceny technicznej prawidłowości robót.,4,"Art. 47a ust. 1 obejmuje zdarzenia i okoliczności w toku robót, które mają znaczenie techniczne."
Czy postanowienie o wstrzymaniu samowolnej budowy można wydać po jej zakończeniu?,"Nie, można wtedy wydać wyłącznie pozwolenie na budowę.","Nie, po zakończeniu budowy organ traci tę kompetencję.","Tak, przepis dopuszcza je również po zakończeniu budowy.","Tak, ale tylko gdy obiekt wpisano do rejestru zabytków.",3,Art. 48 ust. 5 pozwala wstrzymać w tym trybie także budowę już zakończoną.
"Co nakazuje organ w postanowieniu o wstrzymaniu samowolnej budowy, gdy istnieje zagrożenie życia?",Wstrzymanie robót bez obowiązku doraźnego zabezpieczenia zagrożonego terenu.,Jedynie wniesienie opłaty legalizacyjnej przed zabezpieczeniem obiektu.,Bezzwłoczne zabezpieczenie obiektu lub terenu i usunięcie zagrożenia.,Nakazanie rozbiórki bez wskazania środków usuwających bezpośrednie zagrożenie.,3,Art. 48 ust. 2 wymaga natychmiastowego zabezpieczenia i usunięcia stanu zagrożenia.
Czy na postanowienie o wstrzymaniu budowy z powodu samowoli przysługuje zażalenie?,"Nie, postanowienie nigdy nie podlega kontroli.","Tak, ustawa dopuszcza zażalenie.","Tak, ale tylko przez projektanta.","Nie, można je zaskarżyć dopiero po rozbiórce.",2,Art. 48 ust. 4 przewiduje zażalenie na postanowienie o wstrzymaniu samowolnej budowy.
Co sprawdza organ po przedłożeniu dokumentów legalizacyjnych?,Kompletność dokumentów oraz zgodność projektu zagospodarowania z przepisami.,"Wyłącznie wniesienie opłaty, bez sprawdzenia dokumentacji projektowej.","Zgodność dokumentów z umową inwestora, zamiast z przepisami budowlanymi.",Samą kompletność dokumentów bez kontroli projektu zagospodarowania.,1,"Art. 49 ust. 1 przewiduje kontrolę formalną i zgodności projektu zagospodarowania, w tym z przepisami techniczno-budowlanymi."
Co poprzedza wydanie decyzji o pozwoleniu na użytkowanie?,Samo podpisanie umowy z wykonawcą obiektu.,"Kontrola wymagana przez ustawę, po której organ rozstrzyga o użytkowaniu.",Wpis w gminnej ewidencji zabytków dla każdego obiektu.,Wyłącznie oświadczenie sąsiadów o braku sprzeciwu.,2,Art. 59 ust. 1 wiąże decyzję o pozwoleniu na użytkowanie z obowiązkową kontrolą przeprowadzaną przez organ nadzoru.
Kiedy organ nadzoru może nakazać kontrolę stanu technicznego i zażądać ekspertyzy?,Wyłącznie po wybudowaniu nowego obiektu obok.,"Gdy nieodpowiedni stan obiektu może zagrozić życiu, zdrowiu, mieniu lub środowisku.",Tylko gdy inwestor rezygnuje z nadzoru autorskiego.,Zawsze po każdej zmianie właściciela obiektu.,2,Art. 62 ust. 3 daje organowi takie uprawnienia przy możliwym zagrożeniu wynikającym ze stanu obiektu.
Co może być podstawą nakazu usunięcia nieprawidłowości przez organ nadzoru?,Sam fakt posiadania przez właściciela drugiej nieruchomości.,Samo używanie obiektu zgodnie z przeznaczeniem.,Samo niezadowolenie sąsiada z koloru ogrodzenia.,Użytkowanie obiektu w sposób zagrażający życiu lub zdrowiu ludzi.,4,"Art. 66 ust. 1 pkt 2 obejmuje zagrożenia powstałe przez sposób użytkowania, nie tylko zły stan techniczny."
Kiedy organ może zakazać użytkowania obiektu do czasu usunięcia nieprawidłowości?,Gdy właściciel nie przedłożył kosztorysu remontu pomimo wezwania.,"Gdy sam projekt budynku wymaga uzupełnienia, choć obiekt jest użytkowany bezpiecznie.",Gdy stwierdzono wyłącznie drobne usterki niewpływające na bezpieczeństwo.,Gdy zachodzą wskazane w ustawie zagrożenia lub zły stan techniczny.,4,Art. 66 ust. 2 pozwala zakazać użytkowania w sytuacjach związanych z zagrożeniem albo nieodpowiednim stanem technicznym.
Czy wygląd obiektu oszpecający otoczenie może skutkować nakazem usunięcia nieprawidłowości?,"Tak, ustawa wymienia oszpecenie otoczenia jako przesłankę decyzji.","Nie, organ zajmuje się wyłącznie zagrożeniem zawaleniem.","Nie, taki przypadek zawsze wymaga decyzji o rozbiórce.","Tak, ale tylko na wniosek sądu administracyjnego.",1,Art. 66 ust. 1 pkt 4 pozwala organowi nakazać poprawę stanu obiektu także z powodu oszpecenia otoczenia.
Czy zmiana sposobu użytkowania może dotyczyć tylko części budynku?,"Tak, ustawa obejmuje obiekt lub jego część.","Tak, ale wyłącznie części podziemnej.","Nie, zawsze musi dotyczyć całego obiektu.","Nie, dotyczy tylko nieruchomości gruntowej.",1,Art. 71 ust. 1 i 2 odnosi zmianę sposobu użytkowania również do części obiektu budowlanego.
Kiedy zgłoszona zmiana sposobu użytkowania traci możliwość realizacji bez nowego zgłoszenia?,Gdy upłynie 5 lat od pierwszego użytkowania obiektu.,Gdy upłyną 2 lata od doręczenia zgłoszenia bez dokonania zmiany.,Gdy upłynie 30 dni od sporządzenia projektu.,Gdy upłynie 14 dni od doręczenia zgłoszenia.,2,Art. 71 ust. 4 wymaga dokonania zmiany najpóźniej w ciągu 2 lat od doręczenia zgłoszenia.
Czy zmiana sposobu użytkowania naruszająca miejscowy plan może uzyskać milczącą zgodę?,"Tak, plan miejscowy nie dotyczy sposobu użytkowania.","Tak, jeśli użytkownik korzysta z lokalu od roku.","Tak, gdy zmiana nie wymaga robót budowlanych.","Nie, organ powinien wnieść sprzeciw wobec zmiany sprzecznej z planem.",4,"Art. 71 ust. 5 pkt 2 przewiduje sprzeciw, jeśli zamierzona zmiana narusza plan miejscowy lub odpowiednią decyzję planistyczną."
Co jest podstawową funkcją projektu zagospodarowania działki lub terenu?,Pokazuje usytuowanie obiektu i zagospodarowanie terenu objęte zamierzeniem.,Zastępuje wszystkie wymagane uzgodnienia konserwatorskie.,Określa wyłącznie wynagrodzenie wykonawcy robót.,Zawiera tylko instrukcję korzystania z urządzeń budowlanych.,1,Art. 34 ust. 3 pkt 1 określa projekt zagospodarowania działki lub terenu jako część projektu budowlanego dotyczącą terenu inwestycji.
Czy organ wydający pozwolenie sprawdza posiadanie uprawnień przez projektanta?,"Nie, wystarcza samo podpisanie dokumentacji.","Nie, sprawdza tylko doświadczenie wykonawcy.","Tak, sprawdza uprawnienia projektanta i projektanta sprawdzającego.","Tak, ale wyłącznie po zakończeniu budowy.",3,Art. 35 ust. 1 pkt 4 nakazuje organowi weryfikację odpowiednich uprawnień projektantów.
Który aspekt bezpieczeństwa konstrukcji wymienia Prawo budowlane wśród podstawowych wymagań?,Ochronę użytkowników przed hałasem i drganiami.,Bezpieczeństwo pożarowe i ograniczenie rozprzestrzeniania ognia.,Oszczędność energii i izolacyjność cieplną przegród.,Nośność i stateczność konstrukcji.,4,"Art. 5 ust. 1 pkt 1 wymaga, by obiekt spełniał m.in. wymagania nośności i stateczności."
Jaką potrzebę osób korzystających z budynku trzeba uwzględnić przy projektowaniu obiektów użyteczności publicznej?,Dostęp do budynku tylko dla osób z uprawnieniem do parkowania.,"Dostępność dla osób z niepełnosprawnościami, w tym osób starszych.",Bezpieczeństwo konstrukcji budynku bez zapewnienia dostępności wejścia.,Możliwość ewakuacji wyłącznie osób poruszających się bez pomocy.,2,Art. 5 ust. 1 pkt 4 nakazuje zapewnić warunki korzystania przez osoby z niepełnosprawnościami.
Co należy uwzględnić wobec osób trzecich w obszarze oddziaływania obiektu?,"Interesy właścicieli działek w całej gminie, niezależnie od obszaru oddziaływania.","Prawo osób trzecich do zatwierdzenia projektu, niezależnie od oddziaływania obiektu.","Wyłącznie ograniczenia w zabudowie wynikające z planu, bez prawa dostępu do drogi.","Ich uzasadnione interesy, w tym dostęp do drogi publicznej.",4,"Art. 5 ust. 1 pkt 9 chroni uzasadnione interesy osób trzecich, także dostęp do drogi."
Jak powinno się użytkować i utrzymywać obiekt budowlany?,"Zgodnie z przeznaczeniem, lecz bez obowiązku dbałości o stan techniczny.","Zgodnie z przeznaczeniem, bez nadmiernego pogarszania stanu technicznego.","W dowolny sposób, jeśli okres gwarancji wykonawcy już upłynął.","Zgodnie z projektem, ale bez uwzględnienia wymagań ochrony środowiska.",2,Art. 5 ust. 2 wymaga właściwego użytkowania i utrzymania stanu technicznego oraz estetycznego.
Przy jakiej skali docieplenia przegród zewnętrznych trzeba spełnić minimalne wymagania energetyczne dla przebudowy?,Gdy docieplenie obejmuje ponad 25% ich powierzchni.,"Gdy docieplenie obejmuje każdą powierzchnię, choćby 1%.",Gdy docieplenie obejmuje ponad 50% ich powierzchni.,Gdy docieplenie obejmuje ponad 10% ich powierzchni.,1,Art. 5 ust. 2b wyznacza próg ponad 25% powierzchni przegród zewnętrznych budynku.
Kiedy należy zrealizować odpowiednie zagospodarowanie działki dla planowanego obiektu?,"Po oddaniu obiektu do użytkowania, w czasie ustalonym przez zarządcę.",Przed oddaniem obiektu do użytkowania.,Dopiero w terminie wyznaczonym przy pierwszej kontroli okresowej.,"Przed złożeniem wniosku o pozwolenie, nawet jeśli obiekt nie powstał.",2,Art. 6 wymaga zaprojektowania zagospodarowania i realizacji go przed rozpoczęciem użytkowania.
Jak długo należy utrzymywać właściwy stan zagospodarowania działki związanego z obiektem?,Przez pierwszy rok po zakończeniu budowy.,Przez okres istnienia obiektu budowlanego.,Wyłącznie do dnia zakończenia robót budowlanych.,Do chwili sprzedaży obiektu pierwszemu nabywcy.,2,Art. 6 wymaga utrzymania zagospodarowania przez cały okres istnienia obiektu.
Co zalicza się do przepisów techniczno-budowlanych?,Zasady sporządzania wniosków i zgłoszeń kierowanych do organu.,Warunki zabudowy określane indywidualnie dla działki oraz miejscowy plan.,"Warunki techniczne obiektów i ich usytuowania, użytkowania oraz budowli ochronnych.",Warunki odbioru robót ustalone w umowie między inwestorem a wykonawcą.,3,"Art. 7 ust. 1 obejmuje warunki techniczne obiektów i ich usytuowania, użytkowania obiektów oraz odrębne warunki dotyczące budowli ochronnych."
Kto określa warunki techniczne dla budynków i związanych z nimi urządzeń?,Wójt każdej gminy w decyzji o warunkach zabudowy.,Projektant wybrany przez inwestora.,Minister właściwy do spraw budownictwa.,Właściwy miejscowo powiatowy inspektor nadzoru.,3,Art. 7 ust. 2 pkt 1 powierza wydanie rozporządzenia właściwemu ministrowi.
Czego mogą dotyczyć dodatkowe warunki techniczne określane przez Radę Ministrów?,Wyłącznie zabytkowych budynków użytkowanych przez administrację państwową.,Budynków służących bezpieczeństwu lub obronności państwa.,"Każdych budynków użyteczności publicznej, niezależnie od przeznaczenia.","Budynków zamieszkania zbiorowego, niezależnie od związku z obronnością.",2,Art. 8 przewiduje szczególne warunki dla budynków związanych z bezpieczeństwem lub obronnością.
Czy odstępstwo techniczne może ograniczyć dostępność budynku użyteczności publicznej dla osób ze szczególnymi potrzebami?,"Tak, jeśli dostępność zapewniono w innej części działki.","Tak, jeżeli minister zgodził się na odstępstwo techniczne.","Nie, ale tylko wtedy, gdy inwestycja korzysta ze środków publicznych.","Nie, ustawa zabrania takiego ograniczenia.",4,"Art. 9 ust. 1 nie dopuszcza, by odstępstwo ograniczało dostępność wskazanych obiektów."
Czy zwykłe odstępstwo od przepisów techniczno-budowlanych można uzyskać w postępowaniu legalizacyjnym z rozdziału 5b?,"Tak, jeśli obiekt spełnia wymagania bezpieczeństwa po zakończeniu robót.","Tak, gdy samowola dotyczy tylko części obiektu i nie ma sprzeciwu organu.","Nie, ale tylko w uproszczonej legalizacji obiektów starszych niż 20 lat.","Nie, ten tryb odstępstwa jest wyłączony.",4,Art. 9 ust. 5 wyłącza zgodę na odstępstwo w postępowaniach dotyczących samowoli budowlanej.
Jaki dokument jest potrzebny przy odstępstwie dotyczącym wymagań higienicznych i zdrowotnych?,Opinia właściwego powiatowego inspektora sanitarnego wydana po zakończeniu robót.,Zgoda organu administracji architektoniczno-budowlanej bez wymaganej opinii sanitarnej.,Pozytywna opinia państwowego wojewódzkiego inspektora sanitarnego.,Opinia rzeczoznawcy do spraw zabezpieczeń przeciwpożarowych zamiast opinii sanitarnej.,3,Art. 9 ust. 3 pkt 6 wymaga opinii wojewódzkiego inspektora sanitarnego.
Co może zrobić minister upoważniający do zgody na odstępstwo techniczne?,Zwolnić organ z obowiązku wydania postanowienia w sprawie odstępstwa.,Uzależnić odstępstwo wyłącznie od wysokości opłaty wniesionej przez inwestora.,Uzależnić upoważnienie od spełnienia dodatkowych warunków.,Udzielić zgody na odstępstwo bez sprawdzenia proponowanego rozwiązania zamiennego.,3,Art. 9 ust. 4 pozwala ministrowi postawić dodatkowe warunki przed odstępstwem.
Kiedy wyrób przeznaczony do trwałego zastosowania można stosować w robotach budowlanych?,"Gdy został użyty wcześniej w podobnym obiekcie, bez sprawdzenia jego właściwości.","Gdy nadaje się do robót, choć nie został legalnie udostępniony na rynku.",Gdy jest legalnie udostępniony na rynku i nadaje się do zamierzonego zastosowania.,"Gdy ma deklarację właściwości, choć nie nadaje się do zamierzonego zastosowania.",3,Art. 10 wiąże stosowanie wyrobu z legalnym obrotem i właściwym zastosowaniem.
Jakie elementy powinno zawierać odwołanie od decyzji wydanej na podstawie Prawa budowlanego?,"Zarzuty i dowody, ale bez określenia, czego żąda odwołujący się.","Zakres żądania i podpis, bez przedstawienia zarzutów i dowodów.",Wskazanie naruszonego przepisu bez określenia żądania i dowodów.,"Zarzuty, zakres żądania i dowody je uzasadniające.",4,"Art. 10b ust. 1 wymaga wskazania zarzutów, żądania i dowodów."
Która czynność jest samodzielną funkcją techniczną w budownictwie?,Sprawowanie nadzoru inwestorskiego nad robotami.,Sporządzanie kosztorysu robót na potrzeby inwestora.,Prowadzenie administracyjnej ewidencji dokumentów budowy.,"Wykonywanie robót zgodnie z instrukcją kierownika, bez samodzielnego kierowania.",1,Art. 12 ust. 1 pkt 4 zalicza nadzór inwestorski do samodzielnych funkcji technicznych.
Co potwierdza wymagane przygotowanie do wykonywania samodzielnej funkcji technicznej?,Zaświadczenie o praktyce zawodowej bez decyzji o nadaniu uprawnień.,Zgoda inwestora na kierowanie robotami bez wymaganych uprawnień.,Dyplom ukończenia studiów budowlanych bez sprawdzenia praktyki i egzaminu.,Decyzja o nadaniu uprawnień budowlanych przez organ samorządu zawodowego.,4,"Art. 12 ust. 2 wymaga odpowiedniego wykształcenia, praktyki i decyzji o uprawnieniach."
Jakie etapy ma postępowanie kwalifikacyjne o uprawnienia budowlane?,"Ocena samego wykształcenia, bez weryfikacji praktyki i egzaminu.",Ocena praktyki i wpis do rejestru bez egzaminu kwalifikacyjnego.,"Egzamin przed sprawdzeniem, czy kandydat spełnia warunki wykształcenia.","Ocena wykształcenia i praktyki, a potem egzamin.",4,Art. 12 ust. 3a przewiduje kwalifikowanie przygotowania zawodowego oraz egzamin.
Z jakich części składa się egzamin na uprawnienia budowlane?,Z części pisemnej w formie testu i części ustnej.,Z części pisemnej i weryfikacji projektu zamiast części ustnej.,"Z dwóch części pisemnych, bez ustnego sprawdzenia wiedzy.",Z części ustnej oraz praktyki zawodowej zaliczanej po egzaminie.,1,Art. 12 ust. 4a dzieli egzamin na część pisemną i ustną.
Jaki skutek ma negatywny wynik części pisemnej egzaminu na uprawnienia budowlane?,Zobowiązuje do powtórzenia samej praktyki na budowie.,Powoduje automatyczne nadanie uprawnień ograniczonych.,Dopuszcza do części ustnej bez żadnych warunków.,Nie dopuszcza do części ustnej.,4,Art. 12 ust. 4g uzależnia udział w części ustnej od pozytywnego wyniku pisemnego.
Po jakim minimalnym czasie można ponownie przystąpić do egzaminu po wyniku negatywnym?,Po upływie 2 lat.,Po upływie 14 dni.,Po upływie 6 miesięcy.,Po upływie 3 miesięcy.,4,Art. 12 ust. 4h pozwala powtórzyć egzamin najwcześniej po trzech miesiącach.
Co powtarza osoba z negatywnym wynikiem wyłącznie części ustnej egzaminu?,Całą praktykę zawodową od początku.,Jedynie kwalifikowanie wykształcenia.,Tylko część ustną.,Cały egzamin wraz z częścią pisemną.,3,Art. 12 ust. 4h ogranicza ponowny egzamin do części ustnej w tym przypadku.
Jak długo zachowuje ważność pozytywny wynik części pisemnej egzaminu na uprawnienia?,Przez rok od uzyskania wyniku.,Bezterminowo po uzyskaniu wyniku.,Przez 3 lata od uzyskania wyniku.,Przez 5 lat od uzyskania wyniku.,3,Art. 12 ust. 4i określa trzyletnią ważność wyniku części pisemnej.
Kiedy opłata za egzamin na uprawnienia budowlane podlega zwrotowi?,Zawsze po zakończeniu części ustnej.,Po każdym negatywnym wyniku części pisemnej.,Przy usprawiedliwionym niestawieniu się albo odstąpieniu od egzaminu.,Po samym złożeniu wniosku o zwrot bez przyczyny.,3,Art. 12 ust. 5e rozróżnia bezzwrotną opłatę za kwalifikowanie i zwrotną w uzasadnionych przypadkach opłatę egzaminacyjną.
Co dokumentuje wpis na listę członków właściwej izby przy wykonywaniu samodzielnej funkcji?,"Samo potwierdzenie opłacenia składki, bez zaświadczenia właściwej izby.","Oświadczenie inwestora o członkostwie projektanta, bez dokumentu izby.","Zaświadczenie izby z terminem ważności, z ustawowym wyjątkiem dla wpisu do rejestru.",Dokument nadania uprawnień budowlanych bez potwierdzenia członkostwa w izbie.,3,"Art. 12 ust. 7 i 7a łączy podstawę wykonywania funkcji z członkostwem, z wyjątkiem dotyczącym zaświadczenia."
Jakie informacje trafiają do centralnego rejestru osób z uprawnieniami budowlanymi?,Dane osoby oraz wyniki kontroli technicznej wszystkich jej obiektów.,Dane osoby oraz jej uprawnień lub uznanych kwalifikacji.,"Dane osoby i adresy wszystkich jej ukończonych inwestycji, bez zakresu uprawnień.","Wyłącznie numery decyzji o pozwoleniu na budowę, bez danych o uprawnieniach.",2,Art. 12 ust. 5g przewiduje wpis danych osoby i jej kwalifikacji do e-CRUB.
Czy uznane kwalifikacje zawodowe mogą stanowić podstawę wykonywania samodzielnych funkcji technicznych?,"Nie, ustawa dopuszcza wyłącznie krajowy dyplom.","Tak, lecz tylko po pięciu latach pracy bez uprawnień.","Tak, na zasadach określonych w odrębnych przepisach.","Nie, uznanie dotyczy jedynie wykonawców materiałów.",3,Art. 12a dopuszcza wykonywanie funkcji także po uznaniu odpowiednich kwalifikacji zawodowych.
Jakie zakresy mogą mieć uprawnienia budowlane?,"Do projektowania i kierowania, ale tylko bez ograniczeń.","Do projektowania lub kierowania robotami, z ograniczeniami albo bez nich.",Do wydawania decyzji administracyjnych zamiast projektowania lub kierowania.,"Wyłącznie do projektowania, bez możliwości uzyskania uprawnień do kierowania.",2,Art. 13 ust. 1 rozróżnia rodzaj i zakres uprawnień.
Co musi być określone w decyzji o uprawnieniach budowlanych?,Specjalność i data egzaminu bez określenia dopuszczonego zakresu prac.,"Specjalność, ewentualna specjalizacja i zakres objętych nimi prac.",Jedynie nazwisko i numer uprawnień bez wskazania specjalności ani zakresu.,"Wyłącznie rodzaj ukończonych studiów, bez wskazania specjalizacji i zakresu.",2,Art. 13 ust. 2 wymaga określenia specjalności i zakresu prac objętych uprawnieniem.
Jaki minimalny staż praktyki w danej specjalizacji jest wymagany do jej uzyskania?,Dziesięć lat bez konieczności posiadania uprawnień.,Rok praktyki niezależnie od zakresu uprawnień.,Dwa lata praktyki wyłącznie w urzędzie.,Pięć lat praktyki w zawodzie w ramach uprawnień bez ograniczeń.,4,Art. 14 ust. 2a wymaga pięcioletniej praktyki w danej specjalizacji.
Jaka praktyka jest wymagana do projektowania bez ograniczeń obok odpowiednich studiów drugiego stopnia?,Dwa lata wyłącznie przy projektowaniu.,Trzy lata wyłącznie na budowie.,Rok przy projektowaniu i rok na budowie.,Pół roku przy projektowaniu i brak praktyki na budowie.,3,Art. 14 ust. 3 pkt 1 wymaga dwóch odrębnych okresów rocznej praktyki.
Ile praktyki na budowie wymaga się przy łącznych uprawnieniach do projektowania i kierowania bez ograniczeń?,Półtora roku praktyki na budowie.,Rok praktyki na budowie.,Trzy lata praktyki na budowie.,Pół roku praktyki na budowie.,1,Art. 14 ust. 3 pkt 5 łączy rok praktyki projektowej z półtoraroczną praktyką budowlaną.
Kiedy praktyka zawodowa przy projektowaniu może odbywać się pod patronatem?,"Gdy patron ma uprawnienia, ale nie ma wymaganej praktyki w projektowaniu.",Gdy praktyka odbywa się tylko u inwestora bez nadzoru osoby uprawnionej.,"Gdy patron ma pięć lat praktyki, lecz brak mu właściwych uprawnień.",Gdy patron ma odpowiednie uprawnienia i co najmniej pięć lat doświadczenia projektowego.,4,Art. 14 ust. 4b dopuszcza roczną praktykę projektową pod nadzorem doświadczonego patrona.
Jaki zakres obejmuje specjalność inżynieryjna wyburzeniowa bez ograniczeń?,Projektowanie rozbiórki lub kierowanie robotami z użyciem materiałów wybuchowych.,"Projektowanie rozbiórki obiektów bez użycia materiałów wybuchowych, bez prawa kierowania.","Projektowanie robót wyburzeniowych z materiałami wybuchowymi, ale bez prawa kierowania nimi.",Wyłącznie kierowanie zwykłymi robotami ziemnymi bez robót wyburzeniowych.,1,Art. 15a ust. 17 wiąże tę specjalność z rozbiórką przy użyciu materiałów wybuchowych.
Do jakiej kubatury ograniczone uprawnienia architektoniczne obejmują obiekt w zabudowie zagrodowej?,Do 500 m³.,Bez limitu kubatury.,Do 1000 m³.,Do 2000 m³.,3,Art. 15a ust. 3 ogranicza projektowanie i kierowanie w tej specjalności do kubatury 1000 m³.
Jaką maksymalną rozpiętość elementów konstrukcyjnych dopuszczają ograniczone uprawnienia konstrukcyjno-budowlane?,Bez limitu rozpiętości i wysięgu wsporników.,"Do 6 m, przy wysięgu wsporników do 2 m.","Do 6 m, przy wysięgu wsporników do 4 m.","Do 12 m, przy wysięgu wsporników do 2 m.",2,Art. 15a ust. 5 pkt 3 określa oba ograniczenia konstrukcyjne.
Jakie napięcie i kubaturę obejmują ograniczone uprawnienia instalacyjne elektryczne?,Dowolne napięcie w każdym obiekcie.,Instalacje z przyłączami do 10 kV w obiektach do 1000 m³.,Instalacje z przyłączami do 1 kV w obiektach do 5000 m³.,Instalacje z przyłączami do 1 kV w obiektach do 1000 m³.,4,Art. 15a ust. 23 określa granicę napięcia i kubatury.
Jakie obiekty obejmuje ograniczona specjalność inżynieryjna mostowa?,Jednoprzęsłowe mosty do 21 m bez przepustów i bez innych warunków ustawowych.,Wieloprzęsłowe mosty drogowe o dowolnej rozpiętości oraz przepusty.,Jednoprzęsłowy obiekt mostowy do 21 m w określonych warunkach oraz przepust.,"Jednoprzęsłowe mosty do 50 m w każdych warunkach, bez dalszych ograniczeń.",3,Art. 15a ust. 8 ogranicza zakres do wskazanego obiektu jednoprzęsłowego i przepustu.
Czego dotyczy ograniczona specjalność inżynieryjna drogowa na drogach publicznych?,"Dróg klasy lokalnej i dojazdowej oraz dróg wewnętrznych, z ustawowymi wyłączeniami.",Tylko dróg dla ruchu statków powietrznych.,Wszystkich autostrad i dróg ekspresowych bez ograniczeń.,Wyłącznie mostów kolejowych o jednym przęśle.,1,"Art. 15a ust. 10 wskazuje drogi lokalne, dojazdowe i wewnętrzne."
Jakie ograniczenie dotyczy kolejowych uprawnień w zakresie sterowania ruchem w ograniczonym zakresie?,Nie obejmują stacji z ponad 50 rozjazdami ani linii z blokadami samoczynnymi.,"Obejmują wszystkie linie kolejowe, jeśli stacja ma mniej niż 50 rozjazdów.","Obejmują stacje z ponad 50 rozjazdami, lecz nie linie z blokadą samoczynną.",Nie obejmują stacji mających ponad 20 rozjazdów ani linii ze zwykłą blokadą.,1,Art. 15a ust. 14 wyłącza stacje z ponad 50 rozjazdami i wskazane linie.
Kto określa w rozporządzeniu rodzaje przygotowania zawodowego do samodzielnych funkcji technicznych?,Główny Inspektor Nadzoru Budowlanego po zasięgnięciu opinii izb.,Organy samorządu zawodowego odrębnie dla każdej specjalności.,Minister właściwy do spraw budownictwa bez porozumienia z ministrem nauki.,Minister właściwy do spraw budownictwa w porozumieniu z ministrem właściwym do spraw nauki.,4,Art. 16 powierza rozporządzenie właściwemu ministrowi we wskazanym porozumieniu.
Czy inwestor może zobowiązać projektanta do sprawowania nadzoru autorskiego?,"Tak, ale wyłącznie po zakończeniu budowy.","Tak, ustawa przewiduje takie uprawnienie inwestora.","Nie, nadzór autorski sprawuje tylko kierownik budowy.","Nie, może to zrobić tylko organ nadzoru budowlanego.",2,Art. 18 ust. 3 pozwala inwestorowi zobowiązać projektanta do nadzoru autorskiego.
Kiedy organ może nałożyć w pozwoleniu obowiązek nadzoru autorskiego?,Dopiero gdy po zakończeniu robót organ stwierdzi niezgodność z projektem.,Przy szczególnym skomplikowaniu obiektu lub robót albo przewidywanym wpływie na środowisko.,Wyłącznie przy budowach prowadzonych bez wymaganego pozwolenia.,"Przy każdym obiekcie wpisanym do rejestru zabytków, bez względu na zakres robót.",2,Art. 19 ust. 1 wskazuje te przesłanki nałożenia nadzoru autorskiego w pozwoleniu.
"Co ma zapewnić projektant, gdy projekt obejmuje kilka specjalności?",Wzajemną koordynację projektów dopiero po uzyskaniu pozwolenia na użytkowanie.,Udział specjalistów bez obowiązku skoordynowania ich opracowań.,Samodzielne opracowanie wszystkich specjalności przez jednego projektanta bez uprawnień.,Udział osób z odpowiednimi uprawnieniami i wzajemną koordynację ich opracowań.,4,Art. 20 ust. 1 pkt 1a i 1aa wymaga udziału specjalistów i koordynacji ich prac.
Kto uzyskuje wymagane opinie i uzgodnienia rozwiązań projektowych?,Wykonawca dopiero przy odbiorze robót.,Powiatowy inspektor nadzoru po zakończeniu budowy.,Projektant.,Wyłącznie właściciel sąsiedniej działki.,3,Art. 20 ust. 1 pkt 2 włącza wymagane opinie i uzgodnienia do obowiązków projektanta.
Kto wyjaśnia wątpliwości dotyczące przyjętych rozwiązań projektu?,Inspektor nadzoru inwestorskiego kontrolujący zgodność robót.,Projektant.,Kierownik budowy jako osoba wykonująca projekt na placu budowy.,Organ administracji architektoniczno-budowlanej wydający pozwolenie.,2,Art. 20 ust. 1 pkt 3 powierza wyjaśnianie rozwiązań autorowi projektu.
"Kto sprawdza projekt architektoniczno-budowlany i techniczny, gdy sprawdzenie jest wymagane?",Osoba z uprawnieniami do projektowania z ograniczeniami w dowolnej specjalności.,"Projektant bez uprawnień do projektowania, ale z doświadczeniem przy kierowaniu robotami.",Osoba z uprawnieniami do projektowania bez ograniczeń w odpowiedniej specjalności.,"Projektant z uprawnieniami bez ograniczeń, lecz w specjalności innej niż sprawdzana część.",3,Art. 20 ust. 2 wymaga sprawdzenia przez projektanta z uprawnieniami bez ograniczeń.
Czy każdy projekt budynku mieszkalnego jednorodzinnego wymaga sprawdzenia przez drugiego projektanta w trybie art. 20 ust. 2?,"Nie, ale tylko gdy budowę prowadzi sam inwestor.","Nie, ustawa przewiduje wyjątek dla obiektów o prostej konstrukcji.","Tak, jeśli budynek ma mniej niż dwie kondygnacje.","Tak, bez wyjątku dla żadnego projektu.",2,Art. 20 ust. 3 pkt 2 wyłącza z tego obowiązku m.in. projekty domów o prostej konstrukcji.
"Jak projektant żąda wstrzymania robót przy zagrożeniu, gdy nie prowadzi się dziennika budowy?",Zawiadamia właściwy organ nadzoru budowlanego.,Wydaje decyzję administracyjną o wstrzymaniu.,Występuje wyłącznie do organu podatkowego.,Wpisuje polecenie do nieistniejącego dziennika budowy.,1,Art. 21 ust. 2 zastępuje wpis do dziennika zawiadomieniem organu nadzoru.
Na jakiej informacji opiera się plan bezpieczeństwa i ochrony zdrowia na budowie?,Na informacji przygotowanej przez projektanta z uwzględnieniem warunków robót.,Na informacji od inspektora nadzoru sporządzonej dopiero po rozpoczęciu robót.,Na informacji projektanta bez uwzględnienia warunków prowadzenia danych robót.,"Na samym harmonogramie dostaw i kosztorysie, bez oceny zagrożeń robót.",1,Art. 21a ust. 1 łączy plan BIOZ z informacją projektanta i warunkami wykonywania robót.
Kiedy liczba pracowników i czas robót powodują obowiązek planu BIOZ?,Gdy roboty trwają ponad 60 dni przy co najmniej 50 osobach.,Gdy roboty trwają ponad 14 dni przy co najmniej 5 osobach.,Gdy roboty trwają ponad 30 dni roboczych i pracuje przy nich co najmniej 20 osób.,Gdy roboty trwają dowolnie długo przy jednej osobie.,3,Art. 21a ust. 1a pkt 2 podaje łącznie próg czasu i zatrudnienia; odrębnie liczy pracochłonność.
Jaka pracochłonność robót samodzielnie powoduje obowiązek planu BIOZ?,Równa dokładnie 30 osobodniom.,Przekraczająca 500 osobodni.,Przekraczająca 100 osobodni.,Przekraczająca 1000 osobodni.,2,Art. 21a ust. 1a pkt 2 przewiduje też próg ponad 500 osobodni niezależnie od liczby pracowników.
Czy roboty z użyciem materiałów wybuchowych wymagają uwzględnienia w planie BIOZ?,"Nie, wystarczy zwykły wpis w kosztorysie.","Nie, plan BIOZ dotyczy tylko montażu okien.","Tak, należą do rodzajów robót szczególnie niebezpiecznych.","Tak, ale tylko po ukończeniu obiektu.",3,Art. 21a ust. 2 pkt 9 wprost wskazuje roboty z materiałami wybuchowymi.
Co kierownik budowy powinien chronić przy przejmowaniu terenu budowy?,Tylko materiały kupione przez projektanta.,Także stałe punkty osnowy geodezyjnej i chronione elementy środowiska.,Jedynie dokumenty księgowe inwestora.,Wyłącznie samochody wykonawcy zaparkowane poza działką.,2,Art. 22 pkt 1 obejmuje zabezpieczenie terenu i znajdujących się na nim wskazanych elementów.
Kto powinien koordynować działania dotyczące bezpieczeństwa i ochrony zdrowia w trakcie robót?,Organ administracji architektoniczno-budowlanej wydający pozwolenie.,Projektant w ramach nadzoru autorskiego nad zgodnością z projektem.,Kierownik budowy.,Inspektor nadzoru inwestorskiego w ramach kontroli jakości robót.,3,Art. 22 pkt 3a i 3b obciąża kierownika budowy koordynacją bezpieczeństwa robót.
"Co robi kierownik budowy, aby osoby nieupoważnione nie weszły na budowę?",Podejmuje niezbędne działania ograniczające dostęp do terenu.,Wystawia wyłącznie fakturę za ogrodzenie.,Pozostawia teren dostępny aż do odbioru obiektu.,Przekazuje sąsiadom prawo do zarządzania placem budowy.,1,Art. 22 pkt 3d wymaga przeciwdziałania wejściu osób nieupoważnionych.
Kto odpowiada za stosowanie wyrobów zgodnie z przepisami w trakcie robót?,Kierownik budowy w ramach swoich obowiązków.,Organ wydający decyzję o warunkach zabudowy.,Wyłącznie urząd skarbowy przy rozliczeniu budowy.,Każdy sąsiad w obszarze oddziaływania obiektu.,1,Art. 22 pkt 3e nakazuje kierownikowi zapewnić stosowanie wyrobów dopuszczonych zgodnie z art. 10.
Co powinien zrobić kierownik budowy po wpisie o wstrzymaniu robót z powodu niezgodności z projektem?,Zawiadomić inwestora o wpisie do dziennika budowy.,Przenieść odpowiedzialność na właściciela działki sąsiedniej.,Samodzielnie zmienić pozwolenie na budowę.,Zniszczyć wpis po uzgodnieniu z wykonawcą.,1,Art. 22 pkt 5 wymaga poinformowania inwestora o takim wpisie.
Co kierownik budowy przekazuje inwestorowi przy zgłoszeniu obiektu do odbioru?,Wyłącznie protokół odbioru robót sporządzony przez wykonawcę bez oświadczenia kierownika.,Oświadczenie o uporządkowaniu terenu bez potwierdzenia zgodności wykonania z projektem.,Projekt techniczny bez oświadczenia o zgodności wykonania i uporządkowaniu terenu.,Oświadczenie o zgodności robót i uporządkowaniu terenu wymagane przy zakończeniu budowy.,4,Art. 22 pkt 9 łączy udział kierownika w odbiorze z przekazaniem oświadczenia z art. 57.
Kiedy kierownik budowy może wystąpić o zmianę rozwiązań projektowych?,Wyłącznie gdy zwiększa to wynagrodzenie wykonawcy.,Tylko na żądanie sąsiada budowy.,Gdy zwiększa to bezpieczeństwo robót lub usprawnia proces budowy.,Dopiero po wydaniu pozwolenia na użytkowanie.,3,Art. 23 pkt 1 pozwala kierownikowi zaproponować uzasadnione zmiany inwestorowi.
Czy zakaz łączenia funkcji kierownika budowy i inspektora nadzoru dotyczy również kierownika robót?,"Tak, przepisy stosuje się do niego odpowiednio.","Nie, dotyczy wyłącznie projektanta.","Tak, ale tylko przy budynkach zabytkowych.","Nie, kierownik robót może zawsze pełnić obie funkcje.",1,Art. 24 ust. 2 rozciąga zakaz łączenia funkcji na kierownika robót.
Co inspektor nadzoru inwestorskiego sprawdza w odniesieniu do jakości robót?,Wykonanie robót i zgodność zastosowanych wyrobów z wymaganiami.,Tylko kolor tablicy informacyjnej na budowie.,Wyłącznie wysokość wynagrodzenia projektanta.,Wyłącznie termin zapłaty podatku od nieruchomości.,1,Art. 25 pkt 2 obejmuje kontrolę jakości robót i użytych wyrobów.
Co inspektor nadzoru może potwierdzać w toku budowy?,Faktycznie wykonane roboty oraz usunięcie stwierdzonych wad.,Tylko ważność decyzji o warunkach zabudowy.,Wyłącznie liczbę lokali w ewidencji podatkowej.,Wyłącznie prawo własności działki sąsiedniej.,1,Art. 25 pkt 4 nakazuje potwierdzać wykonane roboty i usunięcie wad.
Czy inspektor nadzoru inwestorskiego może kontrolować rozliczenia budowy?,"Tak, ale wyłącznie po kontroli skarbowej.","Nie, nawet gdy inwestor go o to prosi.","Tak, na żądanie inwestora.","Nie, kontrola rozliczeń należy tylko do projektanta.",3,Art. 25 pkt 4 dopuszcza kontrolę rozliczeń na żądanie inwestora.
W jaki sposób inspektor nadzoru wydaje kierownikowi polecenia dotyczące robót?,Potwierdza polecenia wpisem do dziennika budowy.,Zamieszcza je jedynie w księdze wieczystej.,Wydaje decyzję administracyjną o pozwoleniu.,Przekazuje je wyłącznie ustnie bez zapisu.,1,Art. 26 pkt 1 wiąże polecenia inspektora z wpisem do dziennika.
Kiedy inspektor nadzoru może żądać wstrzymania dalszych robót?,Gdy inwestor nie wybrał jeszcze koloru elewacji.,Gdy dalsze roboty mogą spowodować zagrożenie lub niedopuszczalną niezgodność z projektem.,Gdy wykonawca chce zmienić dostawcę materiałów.,Wyłącznie po ostatecznym odbiorze całego obiektu.,2,Art. 26 pkt 2 daje to uprawnienie przy zagrożeniu lub poważnej niezgodności.
Kto zapewnia sporządzenie mapy do celów projektowych przez osobę z uprawnieniami geodezyjnymi?,Organ nadzoru przy kontroli okresowej.,Inwestor.,Właściciel każdej sąsiedniej działki.,Kierownik budowy dopiero po odbiorze obiektu.,2,Art. 27a pkt 1 przypisuje inwestorowi zapewnienie mapy potrzebnej do projektu.
"Kto zapewnia geodezyjne czynności podczas budowy, gdy nie ma kierownika budowy?",Właściciel sąsiedniej działki.,Inwestor.,Projektant sprawdzający.,Wojewódzki inspektor nadzoru.,2,"Art. 27a pkt 2 przenosi obowiązek z kierownika na inwestora, gdy kierownika nie ustanowiono."
Czy postępowanie o pozwolenie na budowę obejmuje każdą organizację społeczną na zasadach art. 31 KPA?,"Nie, Prawo budowlane wyłącza ten przepis, z odrębnymi zasadami dla udziału społeczeństwa.","Nie, bo strony zawsze ograniczają się tylko do inwestora.","Tak, ale tylko organizacja działająca w tej samej gminie.","Tak, każda organizacja automatycznie jest stroną.",1,"Art. 28 ust. 3 i 4 wyłącza ogólny tryb udziału organizacji, z wyjątkiem postępowań środowiskowych."
Kiedy budowa domu jednorodzinnego może korzystać ze zgłoszenia zamiast pozwolenia?,Gdy obszar oddziaływania obejmuje dowolne sąsiednie działki.,"Gdy jest wolno stojący, a obszar oddziaływania mieści się na działce lub działkach inwestycji.",Gdy jest budynkiem szeregowym niezależnie od położenia.,Gdy projektant nie określił obszaru oddziaływania.,2,Art. 29 ust. 1 pkt 1 wiąże tryb zgłoszenia z wolno stojącym domem i granicą oddziaływania.
Jaki dodatkowy warunek dotyczy domu do 70 m² budowanego na zgłoszenie w uproszczonym trybie?,Budynek jest przeznaczony wyłącznie do wynajmu krótkoterminowego.,Budynek nie może mieć żadnej kondygnacji nadziemnej.,Inwestor ma obowiązek sprzedać dom po zakończeniu.,Budowa służy zaspokojeniu własnych potrzeb mieszkaniowych inwestora.,4,Art. 29 ust. 1 pkt 1a łączy uproszczenie z własnymi potrzebami mieszkaniowymi.
Ile kondygnacji może mieć dom do 70 m² w trybie przewidzianym dla własnych potrzeb mieszkaniowych?,Dowolną liczbę kondygnacji.,Najwyżej dwie kondygnacje.,Najwyżej jedna kondygnacja.,Najwyżej trzy kondygnacje.,2,Art. 29 ust. 1 pkt 1a ogranicza budynek do dwóch kondygnacji.
Jakie formalności budowlane dotyczą zbiornika bezodpływowego na nieczystości ciekłe do 10 m³?,Wymaga zawsze pozwolenia na budowę niezależnie od pojemności.,"Wymaga zgłoszenia, lecz nie decyzji o pozwoleniu na budowę.",Wymaga wyłącznie pozwolenia na użytkowanie przed budową.,"Nie wymaga ani zgłoszenia, ani pozwolenia w każdej sytuacji.",2,Art. 29 ust. 1 pkt 6 wymienia taki zbiornik wśród budów na zgłoszenie.
"Jaki termin dotyczy tymczasowego obiektu niepołączonego trwale z gruntem, budowanego na zgłoszenie?",Rozbiórka lub przeniesienie najpóźniej po 30 dniach od zakończenia użytkowania.,Rozbiórka lub przeniesienie najpóźniej przed upływem 180 dni od wskazanego rozpoczęcia budowy.,Pozostawienie obiektu bezterminowo po samym zgłoszeniu.,Rozbiórka dopiero po upływie pięciu lat od zakończenia budowy.,2,Art. 29 ust. 1 pkt 7 wiąże zgłoszenie z usunięciem albo przeniesieniem obiektu przed upływem 180 dni.
Jaka wysokość ogrodzenia powoduje obowiązek zgłoszenia jego budowy?,Każda wysokość ogrodzenia.,"Powyżej 1,50 m.","Powyżej 3,00 m.","Powyżej 2,20 m.",4,"Art. 29 ust. 1 pkt 21 wskazuje ogrodzenia wyższe niż 2,20 m."
Jaki limit powierzchni dotyczy garażu lub budynku gospodarczego na zgłoszenie z art. 29 ust. 1 pkt 14?,Bez limitu powierzchni zabudowy.,Do 70 m² powierzchni zabudowy.,Do 20 m² powierzchni zabudowy.,Do 35 m² powierzchni zabudowy.,4,Art. 29 ust. 1 pkt 14 obejmuje wolno stojące obiekty parterowe do 35 m² z limitem liczby na działce.
"Ile garaży, wiat i budynków gospodarczych z tej grupy może przypadać na każde 500 m² działki?",Dowolna liczba takich obiektów.,Łącznie najwyżej dwa takie obiekty.,Łącznie najwyżej cztery takie obiekty.,Łącznie najwyżej jeden taki obiekt.,2,Art. 29 ust. 1 pkt 14 wyznacza wspólny limit dwóch obiektów na 500 m² działki.
Jaki limit powierzchni dotyczy przydomowej oranżerii na zgłoszenie?,Bez ograniczenia powierzchni zabudowy.,Do 10 m² powierzchni zabudowy.,Do 35 m² powierzchni zabudowy.,Do 50 m² powierzchni zabudowy.,3,Art. 29 ust. 1 pkt 15 obejmuje przydomowe oranżerie do 35 m² z limitem liczby.
Jakie formalności budowlane dotyczą altany wolno stojącej do 35 m² przy zachowaniu limitu liczby na działce?,"Wymaga zgłoszenia, ale nie pozwolenia.","Nie wymaga ani pozwolenia, ani zgłoszenia.",Wymaga pozwolenia na budowę.,Wymaga pozwolenia na użytkowanie przed budową.,2,Art. 29 ust. 2 pkt 3 zwalnia taką altanę z obu formalności budowlanych.
Jaka jest granica powierzchni wiaty na działce mieszkaniowej zwolnionej z pozwolenia i zgłoszenia?,Do 70 m² powierzchni zabudowy.,Do 100 m² powierzchni zabudowy.,Do 50 m² powierzchni zabudowy.,Do 35 m² powierzchni zabudowy.,3,Art. 29 ust. 2 pkt 2 przewiduje 50 m² i limit dwóch wiat na 1000 m² działki.
"Czy ogrodzenie o wysokości dokładnie 2,20 m wymaga zgłoszenia na podstawie art. 29?","Nie, obowiązek zaczyna się powyżej 2,20 m.","Nie, ale tylko gdy płot jest drewniany.","Tak, bo każde ogrodzenie wymaga pozwolenia.","Tak, każdy płot co najmniej 2,20 m wymaga zgłoszenia.",1,"Art. 29 ust. 1 pkt 21 i ust. 2 pkt 20 rozdziela ogrodzenia na granicy 2,20 m."
Jakie formalności budowlane dotyczą obiektu małej architektury w miejscu publicznym?,Zawsze wymaga pozwolenia na budowę.,Nie wymaga żadnej formalności w każdym przypadku.,"Wymaga zgłoszenia, ale nie pozwolenia na budowę.",Wymaga wyłącznie pozwolenia na użytkowanie.,3,"Art. 29 ust. 1 pkt 28 obejmuje takie obiekty zgłoszeniem, a zwolnienie z ust. 2 dotyczy pozostałych."
Jakie formalności budowlane dotyczą przydomowego basenu do 50 m² przy domu jednorodzinnym?,"Wymaga zgłoszenia, ale nie pozwolenia.",Wymaga tylko pozwolenia na użytkowanie.,Nie wymaga pozwolenia ani zgłoszenia.,Wymaga zawsze pozwolenia na budowę.,3,Art. 29 ust. 2 pkt 13 zwalnia baseny i oczka wodne do 50 m² przy wskazanych budynkach.
Czy pochylnia dla osób z niepełnosprawnościami wymaga pozwolenia na budowę lub zgłoszenia?,"Co do zasady nie wymaga ani pozwolenia, ani zgłoszenia.",Wymaga zgłoszenia przy każdej różnicy poziomów.,Zawsze wymaga pozwolenia na budowę.,Wymaga tylko decyzji o pozwoleniu na użytkowanie.,1,Art. 29 ust. 2 pkt 16 zwalnia budowę pochylni z tych formalności budowlanych.
Co zasadniczo dotyczy docieplenia budynku o wysokości nieprzekraczającej 12 m?,Wymaga zgłoszenia przy każdej wysokości budynku.,Wymaga wyłącznie pozwolenia na użytkowanie.,Nie wymaga pozwolenia ani zgłoszenia na podstawie art. 29 ust. 4.,Zawsze wymaga decyzji o pozwoleniu na budowę.,3,Art. 29 ust. 4 pkt 1 lit. c zwalnia docieplenie budynków do 12 m.
"Jakie formalności dotyczą docieplenia budynku wyższego niż 12 m, lecz nie wyższego niż 25 m?",Zawsze pozwolenie na budowę bez zgłoszenia.,Brak zgłoszenia i pozwolenia w każdej sytuacji.,"Zgłoszenie, bez decyzji o pozwoleniu na budowę.",Wyłącznie zawiadomienie o zakończeniu robót.,3,Art. 29 ust. 3 pkt 1 lit. e obejmuje takie docieplenie zgłoszeniem.
Jakie formalności dotyczą instalowania pompy ciepła według art. 29 ust. 4?,Zawsze wymaga pozwolenia na budowę.,Wymaga tylko pozwolenia na użytkowanie.,Zawsze wymaga zgłoszenia i projektu budowlanego.,"Co do zasady nie wymaga ani pozwolenia, ani zgłoszenia.",4,Art. 29 ust. 4 pkt 3 lit. c zwalnia instalowanie pompy ciepła z obu formalności.
Kiedy inwestor może wybrać pozwolenie na budowę zamiast zgłoszenia?,Tylko po zakończeniu robót objętych zgłoszeniem.,Wyłącznie po wniesieniu przez organ sprzeciwu wobec legalnej budowy.,Gdy zamierzenie należy do kategorii zgłaszanych na podstawie art. 29 ust. 1 lub 3.,"Nigdy, bo tryby nie są zamienne na wniosek inwestora.",3,Art. 29 ust. 5 pozwala inwestorowi wystąpić o pozwolenie dla robót normalnie objętych zgłoszeniem.
Co zmienia potrzeba odstępstwa od przepisów techniczno-budowlanych przy robocie zwolnionej z pozwolenia?,Inwestor musi wystąpić o decyzję o pozwoleniu na budowę.,Odstępstwa udziela wyłącznie wykonawca robót.,Wystarczy zgoda kierownika wpisana do dziennika.,Nie zmienia niczego w formalnościach budowlanych.,1,"Art. 29 ust. 5a wymaga pozwolenia, gdy potrzebna jest zgoda na odstępstwo techniczne."
Kiedy przedsięwzięcie wymagające oceny oddziaływania na środowisko wymaga pozwolenia na budowę?,"Tylko wtedy, gdy inwestor nie ma prawa do działki.","Nigdy, jeśli w projekcie jest opinia geodety.","Co do zasady także wtedy, gdy rodzaj robót byłby normalnie zwolniony z pozwolenia.",Wyłącznie po ukończeniu obiektu i jego odbiorze.,3,Art. 29 ust. 6 wiąże wymaganą ocenę środowiskową z obowiązkiem pozwolenia.
Jaki jest zwykły termin organu na wniesienie sprzeciwu wobec zgłoszenia robót?,30 dni od rozpoczęcia robót.,14 dni od sporządzenia projektu.,21 dni od doręczenia zgłoszenia.,60 dni od wydania decyzji o warunkach zabudowy.,3,Art. 30 ust. 5 wyznacza 21 dni od doręczenia zgłoszenia organowi.
Co pozwala rozpocząć roboty objęte zgłoszeniem jeszcze przed upływem 21 dni?,Potwierdzenie opłacenia projektu budowlanego.,Samo złożenie wniosku o takie zaświadczenie.,Zaświadczenie organu o braku podstaw do wniesienia sprzeciwu.,Oświadczenie kierownika budowy o braku sprzeciwu.,3,Art. 30 ust. 5aa nadaje wydanemu zaświadczeniu skutek umożliwiający wcześniejsze roboty.
Po jakim czasie bez rozpoczęcia robót zgłoszenie wymaga ponowienia?,Po 5 latach od wydania zaświadczenia organu.,Po 3 latach od terminu rozpoczęcia wskazanego w zgłoszeniu.,Po 10 latach od sporządzenia projektu.,Po 14 dniach od doręczenia zgłoszenia.,2,Art. 30 ust. 5b wymaga ponownego zgłoszenia po upływie trzech lat bez rozpoczęcia robót.
"Jak organ postępuje, gdy zgłoszenie ma braki w dokumentach?",Pozwala rozpocząć roboty mimo wskazanych braków.,Wydaje automatycznie pozwolenie na budowę bez dokumentów.,Zastępuje inwestora i sporządza brakujący projekt.,"Nakłada postanowieniem obowiązek uzupełnienia, a brak uzupełnienia kończy się sprzeciwem.",4,Art. 30 ust. 5c przewiduje uzupełnienie zgłoszenia i sprzeciw przy bezczynności inwestora.
Co dzieje się z biegiem terminu na sprzeciw po postanowieniu o uzupełnieniu zgłoszenia?,Skraca się automatycznie do trzech dni.,Biegnie dalej bez żadnej zmiany.,Zmienia się w termin pozwolenia na użytkowanie.,Zostaje przerwany na podstawie ustawy.,4,Art. 30 ust. 5d przerywa 21-dniowy termin na sprzeciw po wezwaniu do uzupełnienia.
Kiedy organ musi wnieść sprzeciw wobec zgłoszenia robót?,Gdy inwestor poprawnie wskazał termin rozpoczęcia robót.,Gdy projektant posiada wymagane uprawnienia.,Gdy zgłoszenie zostało złożone elektronicznie.,Gdy zgłoszenie dotyczy robót wymagających pozwolenia na budowę.,4,"Art. 30 ust. 6 pkt 1 nakazuje sprzeciw, jeśli wybrano zgłoszenie mimo obowiązku pozwolenia."
Czy naruszenie miejscowego planu może być podstawą sprzeciwu wobec zgłoszenia?,"Nie, plan sprawdza tylko projektant, a organ nie może reagować.","Nie, plan miejscowy wiąże tylko inwestycje na pozwolenie.","Tak, ale wyłącznie po zakończeniu całej budowy.","Tak, organ wnosi sprzeciw, gdy zamierzenie narusza plan.",4,Art. 30 ust. 6 pkt 2 nakazuje sprzeciw przy naruszeniu planu lub innych przepisów.
Kiedy organ może wymagać pozwolenia dla robót normalnie objętych zgłoszeniem ze względu na zabytek?,Gdy ich realizacja może pogorszyć stan zachowania zabytku.,Przy każdej zmianie właściciela sąsiedniej nieruchomości.,Gdy obiekt nie ma wpisu w książce obiektu budowlanego.,Wyłącznie po rozpoczęciu legalnego użytkowania obiektu.,1,"Art. 30 ust. 7 pkt 2 dopuszcza nałożenie pozwolenia, gdy zgłoszone roboty mogą pogorszyć stan zabytku."
Co należy dołączyć do wniosku o pozwolenie na rozbiórkę w odniesieniu do właściciela obiektu?,Samo oświadczenie sąsiadów o braku sprzeciwu.,Jego zgodę albo kopię zgody.,Wyłącznie wycenę wartości obiektu.,Wyłącznie jego numer rachunku bankowego.,2,Art. 30b ust. 3 pkt 1 wymaga zgody właściciela obiektu.
Czy projekt rozbiórki dołącza się do wniosku o pozwolenie na rozbiórkę w każdej sprawie?,"Tak, ale dopiero po zakończeniu robót.","Tak, niezależnie od obiektu i sposobu robót.","Nie, dołącza się go w zależności od potrzeb.","Nie, nawet jeśli rozbiórka jest skomplikowana.",3,Art. 30b ust. 3 pkt 6 przewiduje projekt rozbiórki zależnie od potrzeb.
Kiedy rozbiórka budynku niższego niż 8 m wymaga zgłoszenia zamiast pozwolenia?,Gdy odległość od granicy działki wynosi co najmniej połowę jego wysokości i brak ochrony wyłączającej tryb.,Gdy obiekt ma dowolną wysokość i stoi na granicy działki.,Gdy odległość od granicy jest mniejsza niż ćwierć wysokości.,Gdy obiekt jest wpisany do rejestru zabytków.,1,"Art. 31 ust. 1 pkt 1 i ust. 1b wiąże uproszczony tryb z wysokością, odległością i ochroną."
Co powinno zawierać zgłoszenie rozbiórki?,Tylko termin następnej kontroli obiektu.,"Zakres, miejsce i sposób jej wykonywania.",Wyłącznie kosztorys wykonawcy.,Wyłącznie numer księgi wieczystej.,2,"Art. 31 ust. 2 wymaga wskazania zakresu, miejsca i sposobu rozbiórki."
Kiedy organ może nałożyć obowiązek pozwolenia na rozbiórkę mimo możliwości zgłoszenia?,"Gdy rozbiórka wymaga wyłącznie zabezpieczenia terenu, bez wpływu na otoczenie.",Gdy organ stwierdzi brak uzgodnionego z wykonawcą kosztorysu rozbiórki.,"Gdy rozbiórka może pogorszyć stosunki wodne, warunki sanitarne lub stan środowiska.","Gdy może pogorszyć warunki sanitarne, ale organ musi poprzestać na zgłoszeniu.",3,Art. 31 ust. 3 dopuszcza wymaganie pozwolenia przy wskazanym wpływie lub szczególnych warunkach robót.
"Co poprzedza pozwolenie budowlane, jeśli przepisy wymagają oceny oddziaływania na obszar Natura 2000?",Wyłącznie późniejsza kontrola pięcioletnia obiektu.,Przeprowadzenie wymaganej oceny przed wydaniem decyzji.,Samo oświadczenie wykonawcy o braku zagrożeń.,Automatyczne odstąpienie od wszystkich uzgodnień.,2,Art. 32 ust. 1 pkt 1 uzależnia decyzję od wymaganej oceny środowiskowej.
Jaki skutek ma milczenie organu przez 14 dni przy zwykłym uzgodnieniu wymaganym przed pozwoleniem?,Zastępuje decyzję o pozwoleniu na użytkowanie.,Automatycznie unieważnia wniosek o pozwolenie.,Zawsze oznacza odmowę uzgodnienia.,Co do zasady oznacza brak zastrzeżeń do przedstawionych rozwiązań.,4,"Art. 32 ust. 2 przewiduje milczący brak zastrzeżeń, z wyjątkami z ust. 3."
Jaki dokument potwierdza prawo do dysponowania nieruchomością we wniosku o pozwolenie na budowę?,Wyłącznie zgoda wszystkich przyszłych użytkowników.,Wyłącznie umowa z kierownikiem budowy.,Tylko opinia geodety o granicach działki.,Oświadczenie inwestora składane pod rygorem odpowiedzialności karnej.,4,Art. 32 ust. 4 pkt 2 i art. 33 ust. 2 pkt 2 wymagają oświadczenia inwestora.
"Co trzeba przedstawić dla całego zamierzenia, gdy pozwolenie obejmuje tylko część samodzielnych obiektów?",Wyłącznie kosztorys obiektów ujętych w pozwoleniu.,Tylko projekt techniczny ostatniego obiektu.,Jedynie listę nabywców przyszłych budynków.,Projekt zagospodarowania działki lub terenu dla całości zamierzenia.,4,"Art. 33 ust. 1 pozwala podzielić decyzję, ale wymaga projektu zagospodarowania całego zamierzenia."
Ile papierowych egzemplarzy części projektowych dołącza się do wniosku o pozwolenie na budowę?,Dwa egzemplarze.,Trzy egzemplarze.,Pięć egzemplarzy.,Jeden egzemplarz.,2,Art. 33 ust. 2 pkt 1 przewiduje trzy egzemplarze projektu papierowego albo wersję elektroniczną.
Do czego należy dostosować zakres i treść projektu budowlanego?,Wyłącznie do liczby sąsiednich nieruchomości.,Wyłącznie do ceny materiałów budowlanych.,Do specyfiki obiektu i stopnia skomplikowania robót.,Do terminu sprzedaży gotowego obiektu.,3,Art. 34 ust. 2 wymaga dostosowania projektu do charakteru obiektu i robót.
Jaki dokument geodezyjny stanowi podstawę projektu zagospodarowania działki?,Dowolny szkic sporządzony bez pomiarów.,Aktualna mapa do celów projektowych albo jej kopia.,Wyłącznie mapa turystyczna okolicy.,Wyłącznie ortofotomapa bez danych działki.,2,Art. 34 ust. 3 pkt 1 wymaga aktualnej mapy do celów projektowych lub jej kopii.
W której części projektu budowlanego wskazuje się obszar oddziaływania obiektu?,W projekcie zagospodarowania działki lub terenu.,Wyłącznie w protokole odbioru robót.,Jedynie w książce obiektu budowlanego.,Wyłącznie w kosztorysie inwestorskim.,1,Art. 34 ust. 3 pkt 1 lit. e umieszcza tę informację w projekcie zagospodarowania.
Gdzie w projekcie budowlanym opisuje się układ komunikacyjny i zieleń na działce?,Jedynie w protokole odbioru końcowego.,Wyłącznie w oświadczeniu kierownika budowy.,Wyłącznie w projekcie technicznym konstrukcji.,W projekcie zagospodarowania działki lub terenu.,4,Art. 34 ust. 3 pkt 1 lit. d zalicza komunikację i zieleń do zagospodarowania terenu.
W której części projektu budowlanego określa się zamierzony sposób użytkowania obiektu?,W projekcie architektoniczno-budowlanym.,Wyłącznie w dzienniku budowy.,Wyłącznie w projekcie geodezyjnym.,Jedynie w oświadczeniu wykonawcy.,1,Art. 34 ust. 3 pkt 2 lit. b wymaga tej informacji w projekcie architektoniczno-budowlanym.
Gdzie ujmuje się charakterystyczne parametry techniczne projektowanego obiektu?,Tylko w protokole kontroli pięcioletniej.,W projekcie architektoniczno-budowlanym.,Wyłącznie w wykazie e-CRUB.,Wyłącznie w tablicy informacyjnej budowy.,2,Art. 34 ust. 3 pkt 2 lit. c przewiduje parametry w części architektoniczno-budowlanej.
W której części projektu budowlanego powinny znaleźć się obliczenia statyczno-wytrzymałościowe?,Jedynie w zgłoszeniu zakończenia budowy.,W projekcie technicznym.,Wyłącznie w decyzji o warunkach zabudowy.,W projekcie zagospodarowania terenu.,2,Art. 34 ust. 3 pkt 3 lit. a przypisuje rozwiązania konstrukcyjne i obliczenia projektowi technicznemu.
Czy projekt techniczny może być sprzeczny z projektem zagospodarowania działki?,"Tak, jeśli kierownik budowy wpisze uwagę do dziennika.","Tak, bo jest zatwierdzany przez odrębny organ.","Nie, lecz zgodność dotyczy tylko nazwy inwestora.","Nie, musi być z nim zgodny, podobnie jak z częścią architektoniczno-budowlaną.",4,Art. 34 ust. 3c wymaga zgodności trzech części projektu.
Które części projektu zatwierdza się w decyzji o pozwoleniu na budowę?,Projekt zagospodarowania i projekt architektoniczno-budowlany.,"Projekt techniczny i projekt zagospodarowania działki, bez części architektonicznej.","Projekt techniczny i projekt architektoniczno-budowlany, bez części zagospodarowania.","Wszystkie trzy części projektu, łącznie z projektem technicznym zatwierdzanym decyzją.",1,Art. 34 ust. 4 obejmuje zatwierdzeniem dwie wskazane części projektu.
Czy inwestor może żądać odrębnej decyzji zatwierdzającej projekt przed pozwoleniem na budowę?,"Nie, żadna część projektu nie może być zatwierdzona osobno.","Tak, ale dopiero po wydaniu pozwolenia na użytkowanie.","Nie, wyjątek dotyczy wyłącznie rozbiórki.","Tak, jeśli spełnia warunki uzyskania pozwolenia.",4,Art. 34 ust. 5 dopuszcza wcześniejsze odrębne zatwierdzenie wskazanej części projektu.
Jak długo najwyżej obowiązuje odrębna decyzja zatwierdzająca projekt przed pozwoleniem?,Bezterminowo.,Przez trzy lata.,Przez pięć lat.,Przez rok.,4,Art. 34 ust. 5 ogranicza ważność odrębnej decyzji do roku.
Jak można potwierdzić weryfikację mapy do celów projektowych?,Wyłącznie podpisem wykonawcy robót budowlanych.,Samym numerem księgi wieczystej działki.,Klauzulą urzędową albo oświadczeniem geodety o pozytywnym wyniku weryfikacji.,Dowolną pieczątką sklepu geodezyjnego.,3,Art. 34b dopuszcza dwa sposoby potwierdzenia pozytywnej weryfikacji danych mapy.
Co organ sprawdza w projekcie zagospodarowania działki przed wydaniem pozwolenia?,Wyłącznie ceny materiałów budowlanych.,Wyłącznie nazwę firmy wykonującej roboty.,"Zgodność z przepisami, w tym techniczno-budowlanymi.",Tylko przyszłą wartość rynkową działki.,3,Art. 35 ust. 1 pkt 2 wymaga weryfikacji projektu zagospodarowania z przepisami.
"Jaki obowiązek powstaje, gdy organ stwierdzi nieprawidłowości w dokumentacji przed pozwoleniem?",Projektant musi po zakończeniu budowy sporządzić kosztorys.,Inwestor musi usunąć wskazane nieprawidłowości w terminie określonym postanowieniem.,Właściciel sąsiedniej działki musi poprawić projekt.,Organ automatycznie wydaje pozwolenie bez korekty.,2,Art. 35 ust. 3 przewiduje postanowienie o usunięciu stwierdzonych braków.
Czy rozpoczęcie robót przed uzyskaniem wymaganego pozwolenia może skutkować odmową jego wydania?,"Nie, organ bada wyłącznie zgodność projektu z planem.","Tak, ale tylko gdy roboty zakończono ponad 10 lat wcześniej.","Nie, wcześniejsze roboty zawsze przyspieszają pozwolenie.","Tak, ustawa wskazuje to jako przesłankę odmowy.",4,Art. 35 ust. 5 pkt 2 nakazuje odmowę przy robotach wykonywanych przed decyzją.
Jaki termin zwykle uruchamia karę za opóźnienie organu w decyzji o pozwoleniu na budowę?,30 dni od pierwszego wpisu do dziennika budowy.,"65 dni od złożenia wniosku, z ustawowymi wyłączeniami okresów.",14 dni od sporządzenia projektu przez projektanta.,Rok od oddania obiektu do użytkowania.,2,"Art. 35 ust. 6 i 8 przewiduje karę po 65 dniach, z wyjątkami i wyłączeniami czasu."
Ile wynosi kara organu za każdy dzień zwłoki przy wydaniu pozwolenia po ustawowym terminie?,500 zł za dzień.,5000 zł za dzień.,1000 zł za dzień.,100 zł za dzień.,1,"Art. 35 ust. 6 przewiduje 500 zł za dzień zwłoki, wymierzane przez organ wyższego stopnia."
Kiedy skarżącemu zwraca się kaucję złożoną przy wstrzymaniu wykonania pozwolenia przez sąd?,Gdy skarga zostanie uznana za słuszną w całości lub części.,Zawsze po pierwszej rozprawie niezależnie od wyniku.,Dopiero po pięciu latach od zakończenia budowy.,Wyłącznie gdy inwestor dobrowolnie zrzeknie się kaucji.,1,Art. 35a ust. 2 nakazuje zwrot kaucji przy uwzględnieniu skargi.
Co organ może określić w decyzji o pozwoleniu na budowę w odniesieniu do terenu budowy?,Szczególne warunki użytkowania sąsiedniej nieruchomości po zakończeniu budowy.,Szczególne warunki zabezpieczenia terenu i prowadzenia robót.,Szczegółowe warunki późniejszego korzystania z każdego lokalu w budynku.,Wybór wykonawcy robót oraz wysokość wynagrodzenia kierownika budowy.,2,Art. 36 ust. 1 pkt 1 pozwala określić warunki bezpieczeństwa terenu i robót.
Co może stać się istotnym odstąpieniem od projektu w związku z obszarem oddziaływania?,"Zwiększenie obszaru poza działkę, na której zaprojektowano obiekt.",Zmiana numeru telefonu wykonawcy.,Poprawienie literówki w nazwie projektu.,Zmiana marki materiału bez wpływu na projekt.,1,Art. 36a ust. 5 pkt 1 wymienia zwiększenie obszaru oddziaływania poza działkę.
"Jaki próg zmiany wysokości, długości lub szerokości obiektu może stanowić istotne odstąpienie?",Przekroczenie 1% zatwierdzonego parametru.,Przekroczenie 2% zatwierdzonego parametru.,Przekroczenie 10% zatwierdzonego parametru.,Przekroczenie 5% zatwierdzonego parametru.,2,Art. 36a ust. 5 pkt 2 lit. b określa próg ponad 2% dla tych wymiarów.
Czy zmiana źródła ciepła z gazu na paliwo stałe może stanowić istotne odstąpienie?,"Nie, źródło ciepła nigdy nie ma znaczenia.","Tak, ale tylko po rozbiórce obiektu.","Nie, chyba że budynek nie ma instalacji grzewczej.","Tak, ustawa wymienia taką zamianę.",4,"Art. 36a ust. 5 pkt 7 wymienia zmianę z gazu, paliwa ciekłego, OZE lub sieci na paliwo stałe."
Co jest potrzebne przy istotnej zmianie projektu dołączonego do skutecznego zgłoszenia?,Wyłącznie zgoda projektanta wpisana do dokumentacji skutecznego zgłoszenia.,Ponowne zgłoszenie jedynie zmienionego fragmentu projektu bez objęcia całego zamierzenia.,"Decyzja o zmianie pozwolenia na budowę, którego inwestor wcześniej nie uzyskał.",Pozwolenie na budowę dla całości zamierzenia albo ponowne zgłoszenie.,4,Art. 36a ust. 1a przewiduje te dwie drogi przy istotnym odstąpieniu od projektu ze zgłoszenia.
Co trzeba ponownie uzyskać przy zmianie projektu technicznego dotyczącej wcześniej uzgodnionych rozwiązań?,Wymagane uzgodnienia dla zmienionych rozwiązań.,Tylko podpis wykonawcy pod kosztorysem.,Zgodę każdego sąsiada niezależnie od skutków zmiany.,Wyłącznie decyzję o warunkach zabudowy dla całej gminy.,1,Art. 36b ust. 1 wymaga ponownego uzgodnienia zmienianych rozwiązań.
Kto powinien okazać aktualny projekt budowlany na żądanie organu nadzoru?,Kierownik budowy.,Sprzedawca materiałów budowlanych.,Właściciel sąsiedniego obiektu.,Wyłącznie urzędnik wydający warunki zabudowy.,1,Art. 36b ust. 3 nakłada obowiązek okazania projektu na kierownika budowy.
Co umożliwia wznowienie budowy po wygaśnięciu pozwolenia wskutek trzyletniej przerwy?,Nowa decyzja o pozwoleniu na budowę.,Zaświadczenie o zakończeniu rozbiórki.,Samo zawiadomienie wykonawcy o powrocie na budowę.,Wyłącznie wpis do starego dziennika budowy.,1,Art. 37 ust. 2 wymaga nowego pozwolenia po wygaśnięciu wcześniejszego.
Po ilu latach od doręczenia decyzji o pozwoleniu na budowę nie stwierdza się jej nieważności?,Po 10 latach.,Po 5 latach.,Po 2 latach.,Po 3 latach.,2,Art. 37b ust. 1 wyznacza pięcioletnią granicę dla stwierdzenia nieważności pozwolenia.
Jak długo organ powinien przechowywać zatwierdzone projekty budowlane i dokumenty pozwolenia?,Co najmniej przez okres istnienia obiektu.,Tylko do dnia zakończenia budowy.,Przez trzy miesiące od rozpoczęcia użytkowania.,Wyłącznie przez rok od wydania pozwolenia.,1,Art. 38 ust. 2 wymaga przechowywania dokumentów przez cały okres istnienia obiektu.
Czy uzgodnienie konserwatorskie przy obiekcie z gminnej ewidencji dotyczy również pozwolenia na rozbiórkę?,"Nie, dotyczy wyłącznie pozwolenia na budowę.","Tak, lecz tylko po wykonaniu rozbiórki.","Nie, gminna ewidencja nigdy nie wpływa na rozbiórkę.","Tak, organ budowlany uzgadnia także pozwolenie na rozbiórkę.",4,"Art. 39 ust. 3 obejmuje uzgodnieniem zarówno budowę, jak i rozbiórkę."
Jaki organ wyraża zgodę przed budową na obszarze Pomnika Zagłady lub jego strefy ochronnej?,Powiatowy inspektor nadzoru budowlanego kontrolujący wykonanie robót.,Starosta prowadzący zwykłą sprawę pozwolenia na budowę.,Właściwy wojewoda.,Wojewódzki konserwator zabytków jako organ ochrony miejsca pamięci.,3,Art. 39a wymaga zgody wojewody przed pozwoleniem na budowę na tym obszarze.
Jakie dokumenty nowy inwestor dołącza do wniosku o przeniesienie pozwolenia na budowę?,Samo oświadczenie wykonawcy o wartości robót.,Wyłącznie wypis z rejestru gruntów bez pozostałych dokumentów.,Oświadczenie o przejęciu warunków i prawie do nieruchomości oraz co do zasady zgodę dotychczasowego inwestora.,Wyłącznie protokół ostatniej kontroli okresowej obiektu.,3,Art. 40 ust. 1 wymienia oświadczenia nowego inwestora i zasadniczo zgodę dotychczasowego.
Kiedy zgoda dotychczasowego inwestora nie jest potrzebna do przeniesienia pozwolenia?,Gdy minęły dwa tygodnie od rozpoczęcia robót.,Gdy nowy inwestor ma inną firmę wykonawczą.,Gdy po wydaniu pozwolenia własność lub użytkowanie wieczyste przeszły na nowego inwestora.,Gdy obiekt ma mniej niż dwie kondygnacje.,3,Art. 40 ust. 1a zwalnia z tej zgody przy przejściu określonych praw do nieruchomości.
Kto jest stroną postępowania o przeniesienie pozwolenia na budowę?,Wszyscy mieszkańcy gminy.,Każdy wykonawca robót na działce.,Dotychczasowy i nowy inwestor.,Wyłącznie projektant i starosta.,3,Art. 40 ust. 3 ogranicza krąg stron do obu inwestorów.
Czy prawa wynikające ze skutecznego zgłoszenia można przenieść na inną osobę?,"Nie, prawa ze zgłoszenia zawsze wygasają przy zmianie inwestora.","Tak, przez samo przekazanie poprzedniego zgłoszenia nowemu inwestorowi.","Tak, lecz bez sprawdzenia przejęcia warunków zgłoszenia przez nowego inwestora.","Tak, w drodze decyzji i przy odpowiednim stosowaniu warunków przeniesienia pozwolenia.",4,Art. 40 ust. 4 pozwala przenieść prawa i obowiązki ze zgłoszenia bez sprzeciwu.
Co ustawa zalicza do prac przygotowawczych rozpoczynających budowę?,Geodezyjne wytyczenie obiektu w terenie.,Złożenie wniosku o pozwolenie na budowę.,Samo kupno materiałów w hurtowni.,Wyłącznie podpisanie umowy z wykonawcą.,1,"Art. 41 ust. 1–2 wiąże rozpoczęcie budowy z pracami na terenie, np. wytyczeniem."
Gdzie mogą być wykonywane prace przygotowawcze do budowy?,Na całym obszarze gminy po wydaniu pozwolenia.,Tylko na terenie objętym pozwoleniem lub zgłoszeniem.,Wyłącznie w siedzibie projektanta.,Na dowolnym terenie sąsiednim bez uzgodnień.,2,Art. 41 ust. 3 ogranicza prace przygotowawcze do terenu objętego formalnością budowlaną.
Kogo inwestor zawiadamia o planowanym terminie rozpoczęcia robót wymagających pozwolenia?,Organ nadzoru budowlanego oraz projektanta sprawującego nadzór nad zgodnością budowy z projektem.,"Wyłącznie starostę, który wcześniej wydał pozwolenie na budowę.",Organ nadzoru budowlanego i wojewódzkiego konserwatora zabytków w każdej sprawie.,"Organ administracji architektoniczno-budowlanej i kierownika robót, bez projektanta.",1,Art. 41 ust. 4 wymaga zawiadomienia nadzoru i wskazanego projektanta.
Co dołącza się do zawiadomienia o rozpoczęciu robót dotyczącego kierownika i ustanowionego inspektora?,"Dokumenty kwalifikacyjne wyłącznie projektanta, bez danych kierownika i inspektora.","Dane tych osób i, z ustawowymi wyjątkami, dokumenty uprawnień oraz członkostwa w izbie.","Wyłącznie oświadczenie inwestora, że osoby te mają odpowiednie kwalifikacje.",Dane osób i kosztorys robót zamiast wymaganych dokumentów kwalifikacyjnych.,2,"Art. 41 ust. 4a i 4aa określa dane oraz dokumenty, z wyjątkami dla rejestru e-CRUB."
Kiedy można rozpocząć dostawy mediów na potrzeby budowy?,Po okazaniu wymaganego pozwolenia albo zgłoszenia.,Dopiero po pozwoleniu na użytkowanie gotowego obiektu.,Zawsze przed dopełnieniem formalności budowlanych.,Wyłącznie po wpisaniu obiektu do książki obiektu budowlanego.,1,Art. 41 ust. 5 wiąże dostawy mediów budowlanych z okazaniem podstawy robót.
Co inwestor przekazuje kierownikowi budowy przed rozpoczęciem robót?,"Wyłącznie pozwolenie na budowę, bez projektu stanowiącego podstawę robót.",Dokumentację powykonawczą przygotowaną dopiero po zakończeniu robót.,"Sam projekt architektoniczno-budowlany, bez wymaganego projektu technicznego.","Projekt budowlany, w tym projekt techniczny, jeśli jest wymagany.",4,Art. 42 ust. 1 pkt 4 wymaga przekazania kierownikowi projektu budowlanego.
Kiedy organ może zwolnić inwestora z ustanowienia kierownika budowy?,"Zawsze, gdy inwestor złoży wniosek o zwolnienie, bez badania charakteru robót.","Jedynie wtedy, gdy obiekt ma mniej niż dwie kondygnacje.","Dopiero po zakończeniu robót, jeżeli kierownik nie dokonywał wpisów.",Gdy uzasadnia to mały stopień skomplikowania robót lub inne ważne względy.,4,Art. 42 ust. 3 dopuszcza decyzję wyłączającą obowiązek kierownika.
"Kiedy należy zinwentaryzować geodezyjnie elementy obiektu, które ulegną zakryciu?",Wyłącznie po rozbiórce obiektu.,Przed ich zakryciem.,Po upływie trzech lat od zakończenia robót.,Dopiero po pięcioletniej kontroli obiektu.,2,Art. 43 ust. 3 wymaga pomiaru przed zakryciem elementów.
Co dołącza inwestor do dokumentacji budowy po zmianie kierownika budowy?,Wyłącznie nową umowę sprzedaży działki.,Wyłącznie nową decyzję o warunkach zabudowy.,Oświadczenie nowego kierownika o przejęciu obowiązków.,Samo oświadczenie dawnego wykonawcy o kosztach.,3,Art. 44 pkt 1 wymaga oświadczenia osoby przejmującej funkcję.
Kiedy prowadzenie dziennika budowy jest zasadniczo obowiązkowe?,Dopiero po zawiadomieniu o zakończeniu budowy.,Gdy roboty wymagają ustanowienia kierownika budowy.,Wyłącznie przy obiektach o wartości ponad milion złotych.,Tylko gdy sąsiad zażąda kopii wpisów.,2,Art. 45 wiąże dziennik z obowiązkiem ustanowienia kierownika budowy.
Co kierownik budowy potwierdza wpisem w dzienniku przed rozpoczęciem budowy?,"Wyłącznie numer pozwolenia na budowę, bez potwierdzenia odbioru projektu.",Otrzymanie od inwestora zatwierdzonego projektu i wymaganej części technicznej.,"Otrzymanie wyłącznie projektu technicznego, nawet gdy zatwierdzony projekt nie został przekazany.",Przekazanie inwestorowi dokumentacji powykonawczej przed rozpoczęciem robót.,2,Art. 45a ust. 1 pkt 2 wymaga potwierdzenia odbioru dokumentacji projektowej.
"Kto zabezpiecza teren budowy, gdy nie ma obowiązku ustanowienia kierownika budowy?",Właściciel sąsiedniego obiektu.,Wojewódzki inspektor nadzoru.,Projektant sprawdzający.,Inwestor.,4,Art. 45a ust. 2 przenosi na inwestora obowiązek zabezpieczenia terenu.
Jaką informację o organach zawiera tablica informacyjna budowy?,Wyłącznie siedzibę izby architektów.,Wyłącznie urząd skarbowy właściwy dla wykonawcy.,Tylko numer rachunku bankowego gminy.,Organ wydający pozwolenie lub rozpatrujący zgłoszenie oraz kontakt do nadzoru budowlanego.,4,Art. 45b ust. 1 wymienia organ prowadzący formalność i właściwy nadzór.
Gdzie umieszcza się tablicę informacyjną budowy?,Wyłącznie wewnątrz zamkniętego obiektu.,W dowolnym miejscu poza terenem budowy.,Tylko w biurze projektanta.,W miejscu widocznym od strony drogi publicznej lub dojazdu.,4,Art. 45b ust. 3 wymaga widoczności tablicy od strony drogi lub dojazdu.
Do kiedy tablica informacyjna pozostaje na budowie wymagającej pozwolenia na użytkowanie?,Do zakończenia prac fundamentowych.,Do sporządzenia projektu technicznego.,Do uzyskania decyzji o pozwoleniu na użytkowanie.,Do pierwszej dostawy materiałów.,3,Art. 45b ust. 4 pkt 1 wiąże zdjęcie tablicy z pozwoleniem na użytkowanie.
Co zawiera ogłoszenie dotyczące bezpieczeństwa pracy na budowie?,"Terminy budowy, maksymalną liczbę pracowników i dane o planie BIOZ.",Wyłącznie listę cen wszystkich materiałów.,Wyłącznie imiona właścicieli działek sąsiednich.,Jedynie projekt architektoniczno-budowlany.,1,Art. 45c ust. 1 wymienia te trzy grupy informacji o bezpieczeństwie.
Kto przechowuje dokumenty stanowiące podstawę robót podczas ich wykonywania?,Wyłącznie starosta w każdym przypadku.,"Kierownik budowy, a gdy nie jest wymagany – inwestor.",Wojewódzki konserwator zabytków przy każdej budowie.,Właściciel sąsiedniej nieruchomości.,2,Art. 46 powierza przechowywanie dokumentów kierownikowi albo inwestorowi.
W jakim terminie organ rozstrzyga o niezbędności wejścia na sąsiednią nieruchomość?,W ciągu 30 dni od zakończenia budowy.,W ciągu 14 dni od wniosku inwestora.,W ciągu roku od zgłoszenia robót.,W ciągu 3 dni od wydania pozwolenia.,2,Art. 47 ust. 2 określa czternastodniowy termin na decyzję w razie braku uzgodnienia.
Czy dla obiektu liniowego dziennik budowy można prowadzić oddzielnie dla odcinków?,"Nie, jeden dziennik zawsze obejmuje wszystkie odcinki.","Nie, dziennik nie może dotyczyć obiektu liniowego.","Tak, lecz tylko po zakończeniu robót.","Tak, dla każdego wydzielonego odcinka robót.",4,Art. 47b ust. 2 dopuszcza osobne dzienniki dla wydzielonych odcinków.
W jakiej postaci nie prowadzi się dziennika budowy na terenach zamkniętych MON?,W postaci papierowej.,W żadnej postaci mimo obowiązku kierownika.,Wyłącznie w postaci protokołu odbioru.,W postaci elektronicznej.,4,Art. 47c ust. 2 wyłącza elektroniczny dziennik dla wskazanych terenów zamkniętych.
Kto może dokonywać wpisów w dzienniku budowy poza uczestnikami procesu budowlanego?,"Pracownik geodezyjny bez wymaganych uprawnień, niezależnie od czynności.","Każdy pracownik wykonawcy, nawet gdy nie pełni ustawowej funkcji.",Przedstawiciel urzędu bez upoważnienia do kontroli budowy.,Uprawniony geodeta i upoważnieni kontrolerzy działający na budowie.,4,Art. 47e ust. 1 dopuszcza wpisy geodety oraz osób kontrolujących w granicach ich czynności.
Kto występuje o wydanie dziennika budowy?,Inwestor.,Właściciel sąsiedniej działki.,Inspektor nadzoru inwestorskiego.,Dowolny podwykonawca robót.,1,Art. 47g ust. 1 przypisuje wystąpienie o dziennik inwestorowi.
Jaki organ wydaje dziennik budowy po decyzji o legalizacji budowy?,Projektant po uzgodnieniu z właściwym inspektorem nadzoru.,"Organ administracji architektoniczno-budowlanej, który wcześniej przyjął zgłoszenie.",Organ nadzoru budowlanego.,Organ prowadzący gminną ewidencję obiektów budowlanych.,3,Art. 47g ust. 2 pkt 2 wskazuje nadzór budowlany przy legalizacji lub wznowieniu robót.
W jakim terminie organ wydaje dziennik budowy po uzyskaniu podstawy do robót?,W ciągu 14 dni kalendarzowych od końca budowy.,W ciągu 30 dni od odbioru obiektu.,Dopiero po upływie pięciu lat użytkowania.,W ciągu 3 dni roboczych od wystąpienia inwestora.,4,"Art. 47g ust. 5 przewiduje trzy dni robocze, nie wcześniej niż od wykonalności decyzji lub prawa ze zgłoszenia."
Jak wydaje się elektroniczny dziennik budowy?,Przez zapewnienie inwestorowi dostępu w systemie EDB.,Przez wpis do księgi wieczystej nieruchomości.,Przez wysłanie projektu technicznego do sąsiadów.,Przez ostemplowanie pustego papierowego zeszytu.,1,Art. 47h ust. 1 pkt 2 opisuje wydanie przez dostęp w EDB.
Co zmienia się w EDB po przeniesieniu pozwolenia na nowego inwestora?,Dziennik jest automatycznie usuwany z systemu.,Dziennik zamienia się z elektronicznego na papierowy.,"Nowy inwestor otrzymuje dostęp do dziennika, a poprzedni go traci.",Obaj inwestorzy zawsze zachowują pełny dostęp bezterminowo.,3,Art. 47i nakazuje zmianę dostępu w EDB po wykonalnym przeniesieniu decyzji.
W jakim terminie EDB zmienia dostęp inwestorów po przeniesieniu pozwolenia?,W ciągu 3 dni roboczych od wykonalności decyzji o przeniesieniu.,Dopiero po wydaniu pozwolenia na użytkowanie.,W ciągu roku od zakończenia budowy.,W ciągu 14 dni od złożenia samego wniosku.,1,Art. 47i wyznacza trzy dni robocze od wykonalności decyzji.
Kto występuje o kolejny tom zapełnionego papierowego dziennika budowy?,Właściciel sąsiedniej działki.,Każdy podwykonawca robót.,Inwestor.,Geodeta uprawniony.,3,Art. 47j ust. 2 nakazuje inwestorowi wystąpić o kolejny tom dziennika.
Czy papierowy dziennik budowy można kontynuować elektronicznie?,"Nie, obie formy trzeba prowadzić równolegle do końca.","Nie, forma dziennika nigdy nie może ulec zmianie.","Tak, ale bez zamykania papierowego dziennika.","Tak, po wydaniu elektronicznego dziennika zamyka się papierowy wpisem.",4,Art. 47k ust. 1–2 pozwala przejść z papieru do EDB po zamknięciu papierowej części.
Czy elektroniczny dziennik budowy można potem kontynuować na papierze?,"Nie, bo elektroniczny dziennik zamyka się po tygodniu.","Tak, ale tylko po wydaniu pozwolenia na użytkowanie.","Nie, można go kontynuować tylko elektronicznie.","Tak, w dowolnym momencie bez formalności.",3,Art. 47k ust. 3 wyklucza powrót z EDB do papierowej postaci dziennika.
Kto zamyka dziennik budowy po zakończeniu robót?,Inspektor ochrony środowiska podczas kontroli.,Projektant przez zmianę projektu technicznego.,Starosta decyzją o pozwoleniu na budowę.,Kierownik budowy przez odpowiedni wpis.,4,Art. 47l ust. 1 przypisuje zamknięcie dziennika kierownikowi budowy.
Kiedy EDB nadaje dziennikowi status „oddany do użytkowania”?,Z chwilą założenia konta przez inwestora.,Zawsze po upływie 21 dni od wydania dziennika.,Po pierwszym wpisie kierownika budowy.,Po przyjęciu zawiadomienia bez sprzeciwu albo wydaniu pozwolenia na użytkowanie.,4,Art. 47l ust. 5 wiąże ten status z legalnym rozpoczęciem użytkowania.
Jakie dane trzeba podać przy zakładaniu konta w systemie EDB?,Wyłącznie adres zamieszkania i PESEL.,"Imię, nazwisko i adres e-mail.",Tylko numer pozwolenia na budowę.,Wyłącznie numer działki i księgi wieczystej.,2,"Art. 47n ust. 2 wymaga imienia, nazwiska oraz adresu e-mail."
Kto udostępnia dziennik EDB pozostałym uczestnikom procesu budowlanego?,Główny Inspektor Nadzoru Budowlanego na wniosek każdego uczestnika.,Organ wydający pozwolenie po otrzymaniu zgłoszenia rozpoczęcia robót.,Inwestor.,"Kierownik budowy wszystkim uczestnikom, także inspektorowi ustanowionemu później.",3,Art. 47o ust. 1 pkt 1 daje inwestorowi rolę udostępniania dziennika uczestnikom.
Kto daje geodecie uprawnionemu dostęp do wpisów w elektronicznym dzienniku budowy?,Kierownik budowy albo kierownik robót.,Wyłącznie organ wydający warunki zabudowy.,Każdy sąsiad działki budowlanej.,Wyłącznie rzeczoznawca majątkowy.,1,Art. 47o ust. 1 pkt 2 przewiduje nadanie dostępu geodecie przez kierownika.
"Czy inwestor może odebrać uczestnikowi dostęp do dziennika EDB tak, by uniemożliwić mu ustawowe obowiązki?","Nie, bo żaden dostęp do EDB nie może być odebrany.","Tak, może zawsze pozbawić go możliwości działania.","Tak, ale tylko po uzgodnieniu z wykonawcą.","Nie, odebranie dostępu nie może utrudniać wykonywania praw i obowiązków.",4,"Art. 47o ust. 2–3 dopuszcza odebranie dostępu, ale chroni wykonywanie funkcji."
Kto odpowiada za utrzymanie i rozwój systemu EDB?,Projektant sprawujący nadzór autorski.,Każdy starosta odrębnie dla powiatu.,Wojewódzki konserwator zabytków.,Główny Inspektor Nadzoru Budowlanego.,4,Art. 47q wskazuje Głównego Inspektora jako administratora danych i systemu EDB.
Czy podanie numeru telefonu jest konieczne do przechowywania go w EDB?,"Nie, system przechowuje numer tylko gdy użytkownik go poda.","Nie, EDB nigdy nie przechowuje numerów telefonów.","Tak, numer jest zawsze pobierany automatycznie.","Tak, lecz tylko gdy wskaże go kierownik budowy.",1,Art. 47r pkt 1 lit. d uzależnia przechowywanie telefonu od podania go przez użytkownika.
Po jakim czasie dane indywidualnego dziennika są usuwane z EDB po nadaniu właściwego statusu?,Od razu po zamknięciu budowy.,Po 10 latach od pierwszego wpisu.,Po 5 latach bez żadnych wyjątków.,"Po 25 latach, z uwzględnieniem przepisów archiwalnych.",4,Art. 47s ust. 2 wyznacza 25 lat od statusu użytkowania lub zamknięcia dziennika.
Do kiedy co do zasady wydaje się papierowe dzienniki budowy?,"Do 31 grudnia 2031 r., z wyjątkiem wskazanych terenów zamkniętych.",Do 31 grudnia 2026 r. bez wyjątków.,Tylko do 31 grudnia 2028 r.,Bezterminowo dla każdej inwestycji.,1,Art. 47v przewiduje granicę końca 2031 r. i wyjątki dla terenów zamkniętych.
Co podaje postanowienie o wstrzymaniu samowolnej budowy oprócz nakazu wstrzymania?,Informację o możliwości legalizacji oraz opłacie legalizacyjnej.,Jedynie numer dziennika budowy.,Wyłącznie harmonogram rozbiórki sporządzony przez inwestora.,Tylko wysokość podatku od nieruchomości.,1,Art. 48 ust. 3 nakazuje pouczyć o legalizacji i zasadach opłaty.
"Od kiedy liczy się termin na wniosek o legalizację, gdy wniesiono zażalenie na wstrzymanie budowy?","Od dnia, w którym postanowienie o wstrzymaniu stało się ostateczne.",Od dnia złożenia wniosku o pozwolenie na użytkowanie.,Od dnia pierwszego wpisu w dzienniku budowy.,Od daty zakupu materiałów budowlanych.,1,Art. 48a ust. 3 przesuwa początek terminu po rozpoznaniu zażalenia.
Do kiedy można wycofać wniosek o legalizację?,Wyłącznie w ciągu 3 dni od złożenia wniosku.,W dowolnym czasie po wydaniu decyzji legalizacyjnej.,Do dnia wydania decyzji o legalizacji.,Dopiero po ostatecznej rozbiórce obiektu.,3,Art. 48a ust. 2 wyznacza granicę wycofania przed decyzją legalizacyjną.
Jaki najkrótszy termin organ wyznacza na dokumenty legalizacyjne w zwykłym postępowaniu?,Nie krótszy niż 3 lata od wydania pozwolenia.,Nie krótszy niż 60 dni od doręczenia postanowienia.,Zawsze dokładnie 14 dni od zgłoszenia.,Nie krótszy niż 7 dni od rozpoczęcia budowy.,2,Art. 48b ust. 1 chroni co najmniej 60 dni na przedłożenie dokumentów.
Co potwierdza zgodność samowolnej budowy z ustaleniami planistycznymi w dokumentach legalizacyjnych?,Tylko podpis właściciela sąsiedniej działki.,"Zaświadczenie wójta, burmistrza albo prezydenta miasta.",Wyłącznie wpis kierownika do dziennika budowy.,Wyłącznie oświadczenie wykonawcy robót.,2,Art. 48b ust. 2–3 wymaga zaświadczenia organu gminy o zgodności z planem lub właściwą decyzją.
Co bada organ nadzoru po przedłożeniu dokumentów w zwykłej legalizacji?,Kompletność dokumentów i zgodność projektu zagospodarowania z przepisami.,Tylko zgodność projektu technicznego z kosztorysem wykonawcy.,Samo uiszczenie opłaty legalizacyjnej przed badaniem dokumentów.,Wyłącznie zgodność architektury obiektu z preferencjami właściciela.,1,Art. 49 ust. 1 wskazuje oba zakresy weryfikacji przed ustaleniem opłaty.
Co następuje po pozytywnej kontroli dokumentów legalizacyjnych przed decyzją o legalizacji?,Organ ustala opłatę legalizacyjną w postanowieniu.,Inwestor wyłącznie zamyka dziennik budowy.,Projektant sam zatwierdza całą budowę.,Organ natychmiast wydaje pozwolenie na użytkowanie.,1,Art. 49 ust. 2a przewiduje postanowienie o opłacie po sprawdzeniu dokumentów.
Czy na postanowienie o ustaleniu opłaty legalizacyjnej można wnieść zażalenie?,"Tak, ustawa przewiduje zażalenie.","Tak, ale dopiero po rozbiórce obiektu.","Nie, można je zmienić wyłącznie u projektanta.","Nie, kwoty nigdy nie można kwestionować.",1,Art. 49 ust. 2b dopuszcza zażalenie na ustalenie opłaty.
Co zatwierdza decyzja legalizacyjna po opłaceniu należności?,"Wyłącznie projekt techniczny, niezależnie od rodzaju samowolnej budowy.","Samo zaświadczenie o zgodności z planem, bez zatwierdzenia odpowiedniego projektu.",Projekt rozbiórki zamiast projektu umożliwiającego legalizację obiektu.,"Projekt budowlany albo projekt zagospodarowania, zależnie od rodzaju budowy.",4,Art. 49 ust. 4 wiąże decyzję z zatwierdzeniem właściwego projektu i ewentualnym wznowieniem.
Kiedy decyzja legalizacyjna zezwala na wznowienie budowy?,"Nigdy, decyzja dotyczy tylko użytkowania.",Wyłącznie po upływie 20 lat od zakończenia.,Zawsze po rozbiórce całego obiektu.,Gdy budowa nie została jeszcze zakończona.,4,Art. 49 ust. 4 pkt 2 pozwala wznowić niezakończoną budowę po legalizacji.
Czy zwykła legalizacja budowy wymagającej pozwolenia kończy się obowiązkiem uzyskania pozwolenia na użytkowanie?,"Nie, sam wniosek legalizacyjny pozwala użytkować obiekt.","Nie, wystarczy ustna zgoda organu nadzoru.","Tak, organ nakłada taki obowiązek w decyzji legalizacyjnej.","Tak, ale tylko przy obiekcie tymczasowym na wystawie.",3,Art. 49 ust. 5 nakazuje pozwolenie na użytkowanie dla wskazanych kategorii budów.
Kiedy opłata legalizacyjna może zostać zwrócona po uchyleniu legalizacji i nakazie rozbiórki?,"Po stwierdzeniu wykonania rozbiórki, w ustawowym terminie 30 dni.","Po złożeniu oświadczenia o rozbiórce, bez stwierdzenia jej wykonania.","Po samym uchyleniu legalizacji, jeszcze przed wykonaniem nakazanej rozbiórki.","Po upływie 30 dni od wydania nakazu, niezależnie od stanu obiektu.",1,Art. 49a ust. 1 przewiduje zwrot po wykonanej rozbiórce w opisanej sytuacji.
Co grozi przy nieuiszczeniu opłaty legalizacyjnej w wyznaczonym terminie?,Decyzja o rozbiórce obiektu lub jego części.,Automatyczne zatwierdzenie projektu bez opłaty.,Wyłącznie upomnienie bez dalszych skutków.,Obniżenie opłaty o połowę po terminie.,1,Art. 49e pkt 5 nakazuje decyzję rozbiórkową przy braku opłaty.
Czy wycofanie wniosku o legalizację usuwa ryzyko nakazu rozbiórki?,"Nie, ale powoduje wyłącznie ponowne zgłoszenie.","Tak, postępowanie kończy się pełną legalizacją.","Tak, jeśli obiekt ma pozwolenie na użytkowanie.","Nie, jest jedną z podstaw wydania decyzji o rozbiórce.",4,Art. 49e pkt 2 wskazuje wycofanie wniosku jako podstawę nakazu rozbiórki.
Po jakim czasie od zakończenia samowolnej budowy można wszcząć uproszczoną legalizację?,Dopiero po 30 latach.,Po co najmniej 10 latach.,Po co najmniej 20 latach.,Po co najmniej 5 latach.,3,Art. 49f ust. 1 wyznacza granicę dwudziestu lat.
Jaki dokument techniczny jest wymagany przy uproszczonej legalizacji?,"Protokół z kontroli okresowej, bez oceny możliwości bezpiecznego użytkowania.","Ekspertyza potwierdzająca jedynie wiek obiektu, bez oceny bezpieczeństwa.",Projekt techniczny nowej budowy zamiast ekspertyzy istniejącego obiektu.,Ekspertyza potwierdzająca brak zagrożenia i możliwość bezpiecznego użytkowania.,4,Art. 49g ust. 2 pkt 3 wymaga ekspertyzy osoby z odpowiednimi uprawnieniami.
Jaki pomiar geodezyjny należy do dokumentów uproszczonej legalizacji?,Inwentaryzacja powykonawcza obiektu.,Tylko pomiar sąsiedniej drogi publicznej.,Wyłącznie szkic przed rozpoczęciem budowy.,Wyłącznie mapa całej gminy w skali 1:100000.,1,Art. 49g ust. 2 pkt 2 wymaga geodezyjnej inwentaryzacji po wybudowaniu.
Co bada organ w uproszczonej legalizacji oprócz kompletności dokumentów?,Czy ekspertyza potwierdza bezpieczeństwo i możliwość użytkowania obiektu.,Wyłącznie czy inwestor ma rachunek bankowy w Polsce.,Wyłącznie wysokość kosztów materiałów.,Tylko czy roboty trwały krócej niż rok.,1,Art. 49h ust. 1 nakazuje sprawdzić treść ekspertyzy o stanie obiektu.
Czy decyzja wydana w uproszczonej legalizacji może stanowić podstawę użytkowania obiektu?,"Tak, ale wyłącznie po wydaniu nowego pozwolenia na budowę.","Nie, zawsze konieczne jest osobne zgłoszenie do gminy.","Tak, decyzja o legalizacji stanowi taką podstawę.","Nie, uproszczony tryb dotyczy tylko rozbiórki.",3,Art. 49i ust. 2 nadaje decyzji legalizacyjnej skutek umożliwiający użytkowanie.
Co może spowodować nakaz rozbiórki w uproszczonej legalizacji mimo złożenia dokumentów?,Ekspertyza wykazująca zagrożenie albo brak możliwości bezpiecznego użytkowania.,Zmiana numeru telefonu właściciela obiektu.,Sama obecność starego dziennika budowy.,Brak kosztorysu wykonawcy sprzed 20 lat.,1,Art. 49i ust. 1 pkt 2 lit. c nakazuje rozbiórkę przy negatywnej ekspertyzie.
Co musi wskazać postanowienie o wstrzymaniu robót prowadzonych niezgodnie z prawem poza samym zakazem?,Wyłącznie wartość rynkową powstałego obiektu.,Tylko historię zmian właściciela działki.,Przyczynę wstrzymania i wymagane zabezpieczenia.,Wyłącznie koszt przyszłej kontroli okresowej.,3,Art. 50 ust. 2 wymaga podania powodu i potrzebnych zabezpieczeń.
"Po jakim czasie zasadniczo traci ważność postanowienie o wstrzymaniu robót z art. 50, jeśli nie ma dalszej decyzji?",Po 2 miesiącach od doręczenia.,Po 14 dniach od sporządzenia projektu.,Po 3 latach od pierwszej kontroli.,Po 6 miesiącach od zakończenia budowy.,1,"Art. 50 ust. 4 wyznacza dwa miesiące, chyba że wydano dalszą decyzję."
Co organ może nakazać w razie istotnego odstąpienia od zatwierdzonego projektu?,Wyłącznie nowy kosztorys inwestycji bez aktualizacji rozwiązań projektowych.,Jedynie naniesienie zmian na dziennik budowy bez projektu zamiennego.,Sporządzenie i przedstawienie projektu zamiennego uwzględniającego wykonane zmiany.,Projekt rozbiórki obiektu zamiast projektu uwzględniającego wykonane odstąpienia.,3,Art. 51 ust. 1 pkt 3 pozwala żądać projektu zamiennego i działań doprowadzających roboty do prawa.
Jaki termin ma organ na decyzję po wstrzymaniu robót w trybie art. 50?,Zawsze 14 dni od zamknięcia dziennika.,Co do zasady 2 miesiące od wydania postanowienia.,Tylko 3 dni robocze od pierwszej kontroli.,Co najmniej 5 lat od zakończenia robót.,2,Art. 51 ust. 1 nakazuje rozstrzygnąć przed upływem dwóch miesięcy.
Co robi organ po wykonaniu nałożonych czynności naprawczych z art. 51 ust. 1 pkt 2?,Przekazuje sprawę wyłącznie do urzędu skarbowego.,Sprawdza wykonanie obowiązku i wydaje decyzję potwierdzającą je albo nakazującą dalsze skutki.,Automatycznie usuwa całą dokumentację budowy.,Bez kontroli uznaje obiekt za rozebrany.,2,Art. 51 ust. 3 wymaga weryfikacji wykonania nałożonych działań.
Jak organ kończy sprawę istotnego odstąpienia po przyjęciu projektu zamiennego przy niedokończonych robotach?,Zatwierdza projekty i pozwala wznowić roboty.,Tylko zamyka dziennik budowy bez decyzji.,Wyłącznie wydaje nową decyzję o warunkach zabudowy.,Zawsze nakazuje rozbiórkę całego obiektu.,1,Art. 51 ust. 4 przewiduje zatwierdzenie projektu zamiennego i pozwolenie na wznowienie.
"Kiedy organ może najpierw pouczyć inwestora o doprowadzeniu robót do zgodności, zanim zastosuje tryb wstrzymania?",Tylko po stwierdzeniu katastrofy budowlanej.,Wyłącznie po sprzedaży działki sąsiedniej.,Przy każdej zmianie ceny materiałów budowlanych.,"Gdy roboty istotnie odbiegają od pozwolenia, projektu lub przepisów.",4,Art. 51a ust. 1 pozwala pouczyć przy stwierdzonej istotnej niezgodności robót.
Po jakim czasie organ zasadniczo sprawdza wykonanie pouczenia o doprowadzeniu robót do zgodności?,"Po 60 dniach, chyba że inwestor wcześniej wniesie o sprawdzenie.",Po 2 latach niezależnie od stanu robót.,Po 7 dniach bez możliwości wcześniejszego sprawdzenia.,Dopiero po wydaniu pozwolenia na użytkowanie.,1,Art. 51a ust. 3 przewiduje kontrolę po 60 dniach albo wcześniej na wniosek.
"Na kogo nakłada się obowiązki z decyzji dotyczących naruszeń, gdy inwestor nie może ich wykonać lub roboty są zakończone?","Na organ, który wcześniej wydał warunki zabudowy.",Na każdego mieszkańca sąsiedniej ulicy.,Na właściciela albo zarządcę obiektu.,Wyłącznie na projektanta sprawdzającego.,3,Art. 52 ust. 1 przenosi obowiązki na właściciela lub zarządcę w opisanym przypadku.
Z czyjej inicjatywy wszczyna się co do zasady postępowania dotyczące robót prowadzonych z naruszeniem ustawy?,Z urzędu przez właściwy organ.,Wyłącznie na wniosek wykonawcy robót.,Wyłącznie na żądanie projektanta.,Tylko po zgodzie wszystkich sąsiadów.,1,Art. 53a ust. 1 przewiduje wszczęcie postępowań z urzędu.
Czy pozwolenie na użytkowanie może objąć tylko część obiektu przed końcem wszystkich robót?,"Nie, decyzja może obejmować tylko cały zespół obiektów.","Nie, przed ukończeniem całości użytkowanie jest zawsze zakazane.","Tak, jeśli część może samodzielnie funkcjonować zgodnie z przeznaczeniem.","Tak, nawet gdy część nie nadaje się do samodzielnego użytkowania.",3,Art. 55 ust. 1a–1b wymaga samodzielnej funkcjonalności części oddawanej wcześniej.
Czy pozwolenie na użytkowanie może dotyczyć jednego z kilku obiektów objętych jednym pozwoleniem na budowę?,"Nie, decyzja zawsze musi dotyczyć wszystkich obiektów.","Tak, jeśli ten obiekt samodzielnie funkcjonuje zgodnie z przeznaczeniem.","Tak, choć obiekt nie ma jeszcze podstawowych instalacji.","Nie, można objąć tylko ostatni z wybudowanych obiektów.",2,Art. 55 ust. 1a–1b dopuszcza częściowe oddanie samodzielnego obiektu.
Kiedy inwestor zawiadamia Państwową Inspekcję Sanitarną przed użytkowaniem obiektu?,Dopiero po pięciu latach użytkowania budynku.,Przy każdej budowie domu jednorodzinnego bez wyjątków.,Gdy projekt wymagał uzgodnienia pod względem higieny i zdrowia.,Wyłącznie przy rozbiórce obiektu nieużytkowanego.,3,Art. 56 ust. 1 pkt 1 wiąże zawiadomienie z wcześniejszym uzgodnieniem sanitarnym.
Kiedy inwestor zawiadamia Państwową Straż Pożarną o zakończeniu budowy?,"Wyłącznie wtedy, gdy w trakcie budowy był pożar.",Przy każdym remoncie mieszkania niezależnie od projektu.,Dopiero przy pierwszej kontroli okresowej.,Gdy projekt wymagał uzgodnienia pod względem ochrony przeciwpożarowej.,4,Art. 56 ust. 1 pkt 2 wymaga zawiadomienia przy projekcie uzgadnianym pożarowo.
Jaki skutek ma brak stanowiska inspekcji sanitarnej lub straży pożarnej przez 14 dni po zawiadomieniu?,Zastępuje decyzję o warunkach zabudowy.,Traktuje się go zawsze jak odmowę użytkowania.,Powoduje automatyczny nakaz rozbiórki.,Traktuje się go jak brak sprzeciwu lub uwag.,4,Art. 56 ust. 2 uznaje milczenie tych organów za brak uwag.
"Co inwestor podaje przy zakończeniu budowy, jeśli dziennik był elektroniczny?",Wyłącznie hasło do konta kierownika budowy.,Tylko wydruk z portalu podatkowego.,Oryginał papierowego dziennika mimo korzystania z EDB.,Numer elektronicznego dziennika budowy.,4,Art. 57 ust. 1 pkt 1 wymaga numeru dziennika EDB zamiast papierowego oryginału.
Jaką wersję projektu technicznego dołącza się do zawiadomienia o zakończeniu budowy?,Tylko kosztorys zastępujący projekt techniczny.,Wyłącznie pierwszą wersję sprzed rozpoczęcia budowy.,Wyłącznie projekt niezwiązany z wybudowanym obiektem.,Wersję uwzględniającą zmiany dokonane w trakcie robót.,4,Art. 57 ust. 1 pkt 1a wymaga aktualnego projektu technicznego z dokonanymi zmianami.
Jaki dokument geodezyjny dołącza się do zawiadomienia o zakończeniu budowy?,Dokumentację inwentaryzacji powykonawczej z informacją o położeniu obiektu względem projektu.,Wyłącznie mapę planowanej budowy sprzed robót.,Tylko wypis z ewidencji gruntów bez pomiarów.,Jedynie rysunek poglądowy wykonawcy.,1,Art. 57 ust. 1 pkt 5 wymaga pomiarów powykonawczych i informacji o zgodności usytuowania.
Czy przy zakończeniu budowy dołącza się protokoły badań instalacji i przyłączy potrzebnych do użytkowania?,"Nie, wystarcza samo świadectwo charakterystyki energetycznej budynku.","Tak, gdy mają zastosowanie do danego obiektu.","Tak, ale tylko przy zgłoszeniu rozpoczęcia robót, nie przy ich zakończeniu.","Nie, protokoły zastępuje oświadczenie kierownika budowy.",2,Art. 57 ust. 1 pkt 4 wymaga odpowiednich protokołów badań i sprawdzeń.
"Jaki dokument dotyczący energetyki budynku dołącza się przy zakończeniu budowy, jeśli ustawa tego wymaga?",Wyłącznie rachunek za pierwsze ogrzewanie.,Kopię albo wydruk świadectwa charakterystyki energetycznej.,Jedynie katalog urządzeń grzewczych producenta.,Tylko umowę na zakup energii elektrycznej.,2,Art. 57 ust. 1 pkt 6a wymaga świadectwa z ustawowymi wyjątkami.
Jaki wyjątek dotyczy załączników przy zawiadomieniu o zakończeniu budowy domu jednorodzinnego?,"Nie dołącza się protokołów instalacyjnych także wtedy, gdy dotyczą szczelności instalacji gazowej.","Nie dołącza się świadectwa energetycznego, ale zawsze wymagany jest każdy protokół instalacyjny.",Nie dołącza się m.in. dziennika i protokołów poza badaniem szczelności instalacji gazowej.,Nie dołącza się żadnych dokumentów z przebiegu robót ani oświadczenia kierownika.,3,"Art. 57 ust. 1b upraszcza załączniki dla domu jednorodzinnego, zachowując protokół gazowy."
Co dołącza inwestor przy zakończeniu budowy po nieistotnych zmianach projektu?,Kopie rysunków z naniesionymi zmianami i w razie potrzeby opis.,"Jedynie oświadczenie wykonawcy o zmianach, bez rysunków projektanta.",Nowy projekt budowlany całego obiektu zamiast rysunków z nieistotnymi zmianami.,"Sam wpis do dziennika budowy, bez naniesienia zmian w dokumentacji.",1,Art. 57 ust. 2 nakazuje pokazać nieistotne zmiany na rysunkach do zawiadomienia.
Co oznacza złożenie wniosku o pozwolenie na użytkowanie dla obowiązkowej kontroli?,Zastępuje obowiązkową kontrolę i pozwala od razu rozpocząć użytkowanie.,Przenosi obowiązek kontroli z nadzoru budowlanego na organ wydający pozwolenie.,"Oznacza wyłącznie prośbę o wyznaczenie terminu, bez skutku wezwania do kontroli.",Jest wezwaniem organu nadzoru do jej przeprowadzenia.,4,Art. 57 ust. 6 traktuje wniosek jako wezwanie do obowiązkowej kontroli.
Czy organ może uzależnić użytkowanie obiektu od wykonania wskazanych robót?,"Tak, ale tylko na żądanie właściciela sąsiedniego obiektu.","Nie, decyzja nigdy nie może zawierać warunków.","Nie, nawet jeśli część robót wykończeniowych pozostała.","Tak, może określić taki warunek w pozwoleniu na użytkowanie.",4,Art. 59 ust. 2 pozwala określić warunki użytkowania i terminy robót.
Czy niedokończone instalacje służące ochronie środowiska można potraktować jak zwykłe niedokończone roboty wykończeniowe?,"Nie, ale tylko przy obiekcie jednorodzinnym.","Tak, jeśli wykonawca zapewni krótką gwarancję.","Tak, zawsze można je dokończyć po rozpoczęciu użytkowania.","Nie, wyjątek pozwalający wyznaczyć termin pozostałych robót ich nie obejmuje.",4,Art. 59 ust. 3–4 wyłącza instalacje ochrony środowiska z tej możliwości.
Kto jest stroną postępowania o pozwolenie na użytkowanie?,Wyłącznie inwestor.,Inwestor i każdy mieszkaniec całej gminy.,Wyłącznie kierownik budowy.,Każdy dostawca materiałów na budowę.,1,Art. 59 ust. 7 ogranicza krąg stron do inwestora.
Co organ sprawdza podczas obowiązkowej kontroli przed pozwoleniem na użytkowanie?,Wyłącznie treść umów z podwykonawcami.,Wyłącznie rynkową wartość ukończonego obiektu.,Zgodność wykonania z warunkami pozwolenia i projektem budowlanym.,Tylko historię opłat za media w budynku.,3,Art. 59a ust. 1 wiąże kontrolę z pozwoleniem i projektem.
Czy kontrola przed użytkowaniem obejmuje geometrię dachu?,"Nie, kontrola obejmuje tylko pomieszczenia podziemne.","Tak, sprawdza m.in. nachylenie, wysokość kalenicy i układ połaci.","Tak, ale wyłącznie po dziesięciu latach użytkowania.","Nie, dach jest zawsze pomijany.",2,Art. 59a ust. 2 pkt 2 lit. c wymienia geometrię dachu w kontroli.
Czy przy obowiązkowej kontroli sprawdza się uporządkowanie terenu budowy?,"Nie, porządek zależy wyłącznie od wykonawcy.","Tak, lecz dopiero przy corocznym przeglądzie.","Tak, jest to element ustawowego zakresu kontroli.","Nie, nadzór bada wyłącznie projekt na papierze.",3,Art. 59a ust. 2 pkt 5 wymaga sprawdzenia porządku na terenie budowy.
W jakim terminie organ przeprowadza obowiązkową kontrolę po wezwaniu inwestora?,Przed upływem 21 dni od doręczenia wezwania lub uzupełnienia.,Dopiero po 60 dniach od rozpoczęcia użytkowania.,Przed upływem roku od zamknięcia dziennika.,Przed upływem 7 dni od wydania pozwolenia na budowę.,1,Art. 59c ust. 1 wyznacza 21 dni od wezwania lub jego uzupełnienia.
W jakim terminie organ zawiadamia inwestora o dacie obowiązkowej kontroli?,W ciągu 7 dni od doręczenia wezwania lub uzupełnienia.,W ciągu 3 miesięcy od pierwszego użytkowania.,W ciągu 21 dni od zakończenia kontroli.,Dopiero przy wydaniu decyzji o użytkowaniu.,1,Art. 59c ust. 1 wyznacza siedem dni na zawiadomienie o terminie kontroli.
Czy inwestor ma obowiązek uczestniczyć w obowiązkowej kontroli?,"Tak, ale tylko przez sąsiada działki.","Tak, powinien być obecny w wyznaczonym terminie.","Nie, ustawa wyraźnie zakazuje jego udziału.","Nie, obecność jest wymagana wyłącznie od projektanta.",2,Art. 59c ust. 2 nakłada obowiązek uczestnictwa na inwestora.
Kto może z upoważnienia organu przeprowadzić obowiązkową kontrolę?,Każdy właściciel działki sąsiedniej.,Dowolny podwykonawca obiektu bez uprawnień.,Pracownik tego organu posiadający uprawnienia budowlane.,Wyłącznie sprzedawca materiałów budowlanych.,3,"Art. 59e wymaga, by kontroler był zatrudniony w organie i miał uprawnienia budowlane."
Przez jak długi czas przechowuje się protokół obowiązkowej kontroli?,Do pierwszej kontroli rocznej obiektu.,Wyłącznie przez 14 dni po kontroli.,Przez okres istnienia obiektu budowlanego.,Tylko do wypłaty ostatniej faktury wykonawcy.,3,Art. 59d ust. 2 wymaga przechowywania protokołu przez okres istnienia obiektu.
Jaką formę ma kara za nieprawidłowości stwierdzone w obowiązkowej kontroli?,"Postanowienie, na które przysługuje zażalenie.",Wyłącznie ustne polecenie kierownika budowy.,Automatyczna zmiana pozwolenia na budowę.,Niepodlegający kontroli wpis do dziennika.,1,Art. 59g ust. 1 przewiduje postanowienie o karze i możliwość zażalenia.
W jakim terminie wnosi się karę wymierzoną po obowiązkowej kontroli?,W ciągu 30 dni od rozpoczęcia budowy.,W ciągu 7 dni od doręczenia postanowienia.,Dopiero przy sprzedaży obiektu.,Po pięciu latach od użytkowania.,2,Art. 59g ust. 2 określa siedem dni na zapłatę kary.
Po jakim czasie od ostateczności pozwolenia na użytkowanie nie stwierdza się jego nieważności?,Po 10 latach.,Po 2 latach.,Po 5 latach.,Po 3 latach.,3,Art. 59h wyznacza pięcioletnią granicę stwierdzenia nieważności.
Co organ robi najpierw po stwierdzeniu nielegalnego użytkowania obiektu?,Od razu wydaje nowe pozwolenie na budowę.,Automatycznie usuwa obiekt z ewidencji gruntów.,Przekazuje sprawę wyłącznie projektantowi.,Poucza inwestora lub właściciela o koniecznych formalnościach i zakazie użytkowania.,4,Art. 59i ust. 1 przewiduje pouczenie przed dalszymi kontrolami i karami.
"Po jakim czasie organ sprawdza, czy po pouczeniu trwa nielegalne użytkowanie?",Dopiero przy sprzedaży obiektu.,Po 60 dniach od doręczenia pouczenia.,Po 5 latach od wydania pozwolenia.,Po 7 dniach od rozpoczęcia budowy.,2,Art. 59i ust. 3 wyznacza kontrolę po 60 dniach od doręczenia pouczenia.
"Co może się stać, jeśli mimo pouczenia nadal nielegalnie użytkuje się obiekt?",Organ automatycznie legalizuje użytkowanie.,Dziennik budowy staje się pozwoleniem na użytkowanie.,Wykonawca sam wydaje decyzję o użytkowaniu.,Organ wymierza karę w postanowieniu.,4,Art. 59i ust. 4 przewiduje karę po stwierdzeniu dalszego naruszenia.
Czy kolejne kary za nielegalne użytkowanie mogą być nakładane wielokrotnie?,"Tak, codziennie bez żadnego odstępu.","Nie, po pierwszej karze użytkowanie jest automatycznie legalne.","Tak, ale nie częściej niż po upływie 30 dni od poprzedniego postanowienia.","Nie, możliwa jest tylko jedna kara w historii obiektu.",3,Art. 59i ust. 7 dopuszcza ponawianie kar z zachowaniem odstępu.
Co inwestor przekazuje właścicielowi przy oddawaniu obiektu do użytkowania?,"Wyłącznie pozwolenie na użytkowanie, bez dokumentacji robót.",Dokumentację projektową sprzed budowy bez zmian powykonawczych.,"Wyłącznie książkę obiektu, bez decyzji i instrukcji potrzebnych do eksploatacji.",Dokumentację budowy i powykonawczą oraz potrzebne decyzje i instrukcje.,4,Art. 60 ust. 1 wymaga przekazania dokumentacji i w razie potrzeby instrukcji.
Jak można przekazać elektroniczny dziennik budowy właścicielowi po oddaniu obiektu?,Tylko w formie ustnego streszczenia wpisów.,Jako wydruk z EDB albo nośnik z pobranym dziennikiem.,Wyłącznie jako hasło do konta kierownika budowy.,Wyłącznie jako skan papierowej tablicy budowy.,2,Art. 60 ust. 2 przewiduje wydruk lub nośnik danych z dziennikiem EDB.
Jakie zdarzenia związane z bezpieczeństwem wpisuje się do książki obiektu budowlanego?,Wyłącznie koszty zakupu mieszkań przez lokatorów.,Jedynie numery faktur za media.,Tylko terminy urlopów pracowników zarządcy.,"Kontrole, opinie techniczne, naprawy urządzeń przeciwpożarowych i katastrofy.",4,"Art. 60a wymienia kontrole, ekspertyzy, naprawy i katastrofy dotyczące obiektu."
Czy dla budynku mieszkalnego jednorodzinnego trzeba prowadzić książkę obiektu budowlanego?,"Nie, ale tylko przez pierwszy rok użytkowania.","Tak, dla każdego domu bez wyjątku.","Nie, ustawa wyłącza taki obowiązek.","Tak, wyłącznie jeśli ma mniej niż dwie kondygnacje.",3,Art. 60b ust. 2 pkt 1 lit. a zwalnia dom jednorodzinny z książki obiektu.
Kto zakłada książkę obiektu budowlanego?,Właściciel lub zarządca obiektu.,Organ nadzoru budowlanego po wydaniu pozwolenia na użytkowanie.,"Inwestor w każdej sprawie, nawet gdy nie jest właścicielem ani zarządcą.",Osoba przeprowadzająca pierwszą kontrolę okresową obiektu.,1,Art. 60c nakłada założenie książki na właściciela albo zarządcę.
W jakim terminie zakłada się książkę obiektu po doręczeniu pozwolenia na użytkowanie?,W ciągu 30 dni.,W ciągu 7 dni.,W ciągu 60 dni.,W ciągu roku.,1,Art. 60c pkt 1 wyznacza trzydzieści dni od doręczenia decyzji.
Kto jest odpowiedzialny za bieżące prowadzenie książki obiektu?,Każdy lokator osobno.,Zawsze powiatowy inspektor nadzoru.,Wyłącznie projektant z etapu budowy.,Osoba fizyczna wskazana w książce przez właściciela lub zarządcę.,4,Art. 60d wymaga wskazania osoby fizycznej odpowiedzialnej za książkę.
Kto wpisuje do książki obiektu wyniki kontroli okresowej?,Wyłącznie projektant przed rozpoczęciem budowy.,Osoba przeprowadzająca tę kontrolę.,Każdy mieszkaniec budynku.,Wyłącznie wykonawca materiałów budowlanych.,2,Art. 60e ust. 1 pkt 3 i ust. 3 przypisuje wpis o kontroli kontrolującemu.
W jakim terminie dokonuje się wpisu do książki obiektu?,Do pięciu lat od zakończenia budowy.,Zawsze dopiero po roku od zdarzenia.,"Niezwłocznie, nie później niż w ciągu 7 dni od zdarzenia.",Wyłącznie w dniu kontroli rocznej.,3,"Art. 60f ust. 1 wymaga szybkiego wpisu, maksymalnie w siedem dni."
Kiedy zamyka się książkę obiektu w systemie c-KOB po jego rozbiórce?,W ciągu miesiąca od zakończenia rozbiórki.,Po dziesięciu latach od rozpoczęcia rozbiórki.,Z chwilą złożenia wniosku o pozwolenie na rozbiórkę.,Dopiero po wydaniu nowego pozwolenia na budowę.,1,Art. 60g nakłada miesięczny termin na zamknięcie książki po rozbiórce.
W jakiej postaci prowadzi się książkę obiektu położonego na terenie zamkniętym?,Tylko jako część księgi wieczystej.,Wyłącznie w systemie c-KOB.,W postaci papierowej.,Równocześnie w EDB i c-KOB.,3,Art. 60h ust. 2 przewiduje postać papierową dla obiektów na terenach zamkniętych.
Jak przekazuje się elektroniczną książkę obiektu po zmianie właściciela?,Tylko przez zmianę tablicy informacyjnej.,Wyłącznie przez wydruk protokołu kontroli.,W systemie c-KOB.,Przez wysłanie hasła do konta zbywcy.,3,Art. 60i ust. 2 wymaga przekazania elektronicznej książki w c-KOB.
"Co może zrobić nowy właściciel, jeśli poprzedni nie przekaże elektronicznej książki obiektu?",Założyć dowolną drugą książkę bez wykazania tytułu.,Uznać brak książki za zgodę na rozbiórkę.,Wystąpić do Głównego Inspektora Nadzoru Budowlanego z dokumentami potwierdzającymi swoje prawo.,Żądać wydania pozwolenia na budowę zamiast książki.,3,Art. 60i ust. 3 przewiduje przekazanie przez Głównego Inspektora po wykazaniu prawa.
Co zawiera plan sytuacyjny dołączany do książki obiektu?,"M.in. miejsca przyłączeń, odcięcia instalacji, drogi pożarowe i hydranty.",Tylko ceny urządzeń przeciwpożarowych.,Jedynie harmonogram najmu pomieszczeń.,Wyłącznie rozkład mebli w lokalach.,1,Art. 60k ust. 2 wskazuje infrastrukturę i elementy potrzebne m.in. ratownikom.
Czy osoba dokonująca kontroli powinna mieć dostęp do książki obiektu w c-KOB?,"Tak, właściciel lub prowadzący książkę zapewnia jej dostęp do wpisów.","Tak, ale dopiero po sprzedaży obiektu.","Nie, c-KOB służy wyłącznie projektantom.","Nie, wyniki kontroli zapisuje się tylko ustnie.",1,"Art. 60m wymaga udostępnienia książki kontrolerowi, także do dokonania wpisu."
Przez jaki czas c-KOB przechowuje książkę obiektu budowlanego?,Do chwili zmiany właściciela obiektu.,Wyłącznie do pierwszej kontroli rocznej.,Tylko przez pięć lat od wydania pozwolenia.,Przez okres istnienia obiektu.,4,Art. 60q ust. 1 wiąże przechowywanie książki z istnieniem obiektu.
Po jakim czasie od zamknięcia książki dane w c-KOB są zasadniczo usuwane?,Od razu po rozbiórce obiektu.,"Po 10 latach, z uwzględnieniem przepisów archiwalnych.",Po 2 latach bez wyjątków.,Po 25 latach od pierwszego wpisu.,2,Art. 60q ust. 2 przewiduje dziesięć lat od zamknięcia książki.
Kto odpowiada za bezpieczne użytkowanie obiektu po gwałtownych zdarzeniach zewnętrznych?,Wyłącznie organ wydający pozwolenie.,Właściciel lub zarządca obiektu.,Każdy przechodzień w pobliżu obiektu.,Wyłącznie pierwotny projektant.,2,Art. 61 pkt 2 nakazuje właścicielowi lub zarządcy reagować na uszkodzenia i zagrożenia po zdarzeniach.
Kiedy przeprowadza się dodatkową kontrolę bezpiecznego użytkowania obiektu?,"Po zdarzeniu zewnętrznym, które uszkodziło obiekt lub bezpośrednio zagraża uszkodzeniem.","Tylko po potwierdzonym zawaleniu części obiektu, a nie przy bezpośrednim zagrożeniu.","Dopiero przy następnym przeglądzie pięcioletnim, choć zdarzenie grozi uszkodzeniem obiektu.","Po zdarzeniu, które uszkodziło samo wyposażenie, ale nie obiekt i nie grozi jego uszkodzeniem.",1,Art. 62 ust. 1 pkt 4 łączy kontrolę z okolicznościami zagrażającymi bezpieczeństwu z art. 61.
Jak często kontroluje się duży budynek o powierzchni zabudowy ponad 2000 m² w zakresie kontroli rocznej?,Co najmniej raz w roku.,Co najmniej raz na pięć lat.,Co najmniej cztery razy w roku.,Co najmniej dwa razy w roku.,4,Art. 62 ust. 1 pkt 3 zaostrza częstotliwość dla dużych budynków.
Do jakich dat przypadają dwa obowiązkowe przeglądy dużego budynku?,Do 31 marca oraz do 30 września.,Do 31 maja oraz do 30 listopada.,Do 30 czerwca oraz do 31 grudnia.,Do 1 stycznia oraz do 1 lipca.,2,Art. 62 ust. 1 pkt 3 wskazuje dwa terminy kontroli w roku.
Jaki próg dachu innego obiektu powoduje dwie kontrole w roku?,Powierzchnia dachu przekraczająca 1000 m².,"Każda powierzchnia dachu, nawet 10 m².",Powierzchnia dachu przekraczająca 2000 m².,Powierzchnia dachu przekraczająca 500 m².,1,Art. 62 ust. 1 pkt 3 obejmuje inne obiekty z dachem ponad 1000 m².
Czy coroczna kontrola elementów narażonych na pogodę obejmuje każdy dom jednorodzinny?,"Nie, zwolnienie dotyczy wyłącznie nowych domów przez rok.","Tak, bez żadnego wyjątku.","Tak, ale tylko gdy dom jest murowany.","Nie, właściciele domów jednorodzinnych są z tej części kontroli zwolnieni.",4,Art. 62 ust. 2 pkt 1 wyłącza obowiązek kontroli elementów z ust. 1 pkt 1 lit. a dla domów.
Kto zasadniczo przeprowadza okresowe kontrole obiektów budowlanych?,Osoba posiadająca uprawnienia budowlane w odpowiedniej specjalności.,"Dowolny pracownik zarządcy po wewnętrznym szkoleniu, bez wymaganych uprawnień.",Wyłącznie mistrz kominiarski niezależnie od rodzaju kontrolowanego elementu.,Osoba z kwalifikacjami dozorowymi dla instalacji elektrycznej przy każdej kontroli konstrukcji.,1,"Art. 62 ust. 4 wymaga kwalifikacji budowlanych, z wyjątkami dla wskazanych instalacji i przewodów."
Kto może kontrolować instalację elektryczną podczas kontroli okresowej?,Jedynie osoba podpisująca umowę z dostawcą energii.,Tylko projektant architektury bez kwalifikacji elektrycznych.,Osoba z kwalifikacjami wymaganymi do dozoru nad eksploatacją odpowiednich urządzeń i instalacji.,Wyłącznie każdy lokator mający dostęp do skrzynki.,3,Art. 62 ust. 5 dopuszcza kontrolę instalacji przez osoby z właściwymi kwalifikacjami dozoru.
Kto może skontrolować grawitacyjny przewód kominowy dymowy w ustawowym trybie?,Wyłącznie geodeta uprawniony.,Mistrz kominiarski albo osoba z odpowiednimi uprawnieniami budowlanymi.,Każdy wykonawca remontu elewacji.,Jedynie zarządca bez kwalifikacji technicznych.,2,Art. 62 ust. 6 określa kwalifikacje dla kontroli przewodów kominowych.
Kto kontroluje komin przemysłowy lub przewód o wymuszonym ciągu?,Wyłącznie mistrz kominiarski bez uprawnień budowlanych.,Każdy właściciel obiektu samodzielnie.,Tylko dostawca paliwa do kotłowni.,Osoba z uprawnieniami budowlanymi w odpowiedniej specjalności.,4,Art. 62 ust. 6 pkt 2 wymaga odpowiednich uprawnień budowlanych dla tych kominów.
"Co powinien zawierać protokół okresowej kontroli, gdy stwierdzono usterki?",Tylko koszty przyszłej sprzedaży obiektu.,"Opis nieprawidłowości, zalecane czynności i termin ich wykonania.",Jedynie nazwę firmy ubezpieczeniowej.,Wyłącznie podpis kontrolera bez opisu.,2,"Art. 62a ust. 2–3 wymaga ustaleń, zaleceń i terminu usunięcia usterek."
Czy protokół kolejnej kontroli obejmuje niewykonane zalecenia z poprzednich przeglądów?,"Nie, poprzednie zalecenia zawsze się pomija.","Tak, powinien wskazać ich zakres.","Tak, ale tylko w protokole podatkowym.","Nie, bo kolejna kontrola nie może dotyczyć wcześniejszych usterek.",2,Art. 62a ust. 2 pkt 9 nakazuje odnotować niewykonane zalecenia.
W jakim systemie sporządza się co do zasady elektroniczny protokół kontroli przewodów kominowych?,Wyłącznie w e-CRUB.,Tylko w portalu e-Budownictwo.,W systemie obsługującym centralną ewidencję emisyjności budynków.,W Elektronicznym Dzienniku Budowy EDB.,3,Art. 62a ust. 5 wiąże protokół kominowy z centralną ewidencją emisyjności budynków.
Ile czasu ma kontroler na wpisanie zakończonego przeglądu do książki obiektu?,30 dni od pierwszego użytkowania.,7 dni od zakończenia kontroli.,14 dni od wydania pozwolenia na budowę.,Rok od ukończenia robót.,2,Art. 62b ust. 1 wyznacza siedem dni od zakończenia kontroli.
Kogo zawiadamia się o szczególnej kontroli dużego obiektu wykonywanej dwa razy w roku?,Państwową Inspekcję Sanitarną właściwą dla położenia obiektu.,"Organ administracji architektoniczno-budowlanej, który wydał pozwolenie.",Organ nadzoru budowlanego.,"Państwową Straż Pożarną, bez przekazywania informacji nadzorowi.",3,Art. 62b ust. 2 wymaga zawiadomienia nadzoru o kontroli z art. 62 ust. 1 pkt 3.
Jak długo właściciel lub zarządca przechowuje dokumentację budowy i późniejszych robót?,Tylko do zakończenia gwarancji wykonawcy.,Przez okres istnienia obiektu budowlanego.,Wyłącznie przez 30 dni od ostatniej kontroli.,Wyłącznie przez dwa lata od oddania obiektu.,2,Art. 63 ust. 1 wymaga przechowywania dokumentów przez cały okres istnienia obiektu.
Jakie dokumenty poza protokołami kontroli dołącza się do książki obiektu?,Jedynie listę odwiedzających obiekt.,Tylko rachunki właściciela za codzienne zakupy.,Wyłącznie wszystkie prywatne umowy najmu lokali.,"Protokoły kontroli, oceny stanu technicznego, świadectwo energetyczne oraz ocenę ryzyka instalacji wodociągowej.",4,"Art. 64 ust. 3 wymaga dołączenia protokołów, ocen i ekspertyz oraz świadectwa energetycznego; nowelizacja z Dz. U. z 2026 r. poz. 605 dodała ocenę ryzyka w wewnętrznym systemie wodociągowym i jej aktualizację."
Komu właściciel lub zarządca udostępnia dokumenty o stanie technicznym obiektu?,Jedynie organowi wydającemu pozwolenie na budowę przy pierwszej inwestycji.,Upoważnionym przedstawicielom nadzoru budowlanego i innych organów kontrolnych.,Tylko pierwszemu nabywcy działki.,Wyłącznie każdemu wykonawcy materiałów bez upoważnienia.,2,Art. 65 wymaga udostępniania dokumentacji uprawnionym kontrolerom.
"Co może zrobić organ, gdy użytkowanie budynku zagraża życiu ludzi?","Nakazać usunięcie nieprawidłowości, a do tego czasu zakazać użytkowania.",Wyłącznie podwyższyć podatek od nieruchomości.,Tylko zmienić nazwę zarządcy w książce obiektu.,Automatycznie zatwierdzić stary projekt budowlany.,1,Art. 66 ust. 1–2 pozwala wydać nakaz naprawy i zakaz użytkowania przy zagrożeniu.
Czy decyzję o zakazie użytkowania przy zagrożeniu życia można ogłosić ustnie?,"Tak, ale wyłącznie przez kierownika budowy.","Nie, ustawa zawsze wymaga pięcioletniego wyprzedzenia.","Nie, zakaz może dotyczyć tylko obiektu rozebranego.","Tak, podlega natychmiastowemu wykonaniu i może być ogłoszona ustnie.",4,Art. 66 ust. 2 przewiduje ustne ogłoszenie i natychmiastową wykonalność w zagrożeniu.
"Kiedy organ nakazuje rozbiórkę obiektu nieużytkowanego, który nie jest zabytkiem wpisanym do rejestru?",Wyłącznie po zgłoszeniu zwykłego remontu.,Zawsze po pierwszym roku bez użytkowania.,"Gdy nie nadaje się do remontu, odbudowy ani wykończenia.",Gdy właściciel planuje zmianę sposobu użytkowania.,3,"Art. 67 ust. 1–2 wiąże nakaz z brakiem możliwości przywrócenia obiektu, z wyjątkiem zabytków."
Co obejmuje nakaz rozbiórki nieużytkowanego obiektu oprócz samych robót?,Uporządkowanie terenu oraz terminy rozpoczęcia i zakończenia.,Wyłącznie zmianę numeru działki w ewidencji.,Tylko przeniesienie książki obiektu na sąsiada.,Wyłącznie wycenę wartości odzyskanych materiałów.,1,Art. 67 ust. 1 wymaga także uporządkowania terenu i wyznaczenia terminów.
Kiedy organ nakazuje opróżnienie budynku zagrażającego zawaleniem?,"Gdy właściciel spóźnia się z okresową kontrolą, nawet bez ryzyka zawalenia.","Gdy planowany remont wymaga czasowego przeniesienia mieszkańców, choć budynek jest bezpieczny.","Gdy obiekt jest nieużytkowany i nadaje się do odbudowy, bez bezpośredniego zagrożenia.",Gdy budynek przeznaczony na pobyt ludzi bezpośrednio grozi zawaleniem.,4,Art. 68 nakazuje wyłączenie lub opróżnienie budynku przy bezpośrednim zagrożeniu zawaleniem.
Co organ może umieścić na budynku grożącym zawaleniem?,"Ostrzeżenie o konieczności kontroli za pięć lat, bez zakazu użytkowania.",Wyłącznie tablicę informacyjną o numerze pozwolenia na budowę.,Informację o planowanym remoncie bez wskazania istniejącego zagrożenia.,Zawiadomienie o zagrożeniu i zakazie użytkowania.,4,Art. 68 pkt 3 lit. a przewiduje widoczne zawiadomienie o zagrożeniu i zakazie.
Na czyj koszt organ zapewnia doraźne zabezpieczenie niebezpiecznego obiektu?,Właściciela albo zarządcy obiektu.,Wyłącznie projektanta pierwotnej budowy.,Każdego sąsiada w tej samej gminie.,Organ zawsze ponosi koszt bez możliwości zwrotu.,1,Art. 69 ust. 1 obciąża kosztami właściciela lub zarządcę obiektu.
Jakie służby poza nadzorem budowlanym mogą zastosować pilne zabezpieczenia niebezpiecznego obiektu?,Wyłącznie urząd skarbowy i izba budowlana.,Tylko służby geodezyjne i notariat.,Wyłącznie rada gminy i sąd rejonowy.,Policja i Państwowa Straż Pożarna.,4,Art. 69 ust. 2 upoważnia Policję i Państwową Straż Pożarną do działań na koszt zobowiązanego.
"Kiedy trzeba usunąć usterki stwierdzone podczas kontroli, jeśli grożą pożarem lub porażeniem prądem?",W czasie kontroli lub bezpośrednio po niej.,W ciągu pięciu lat bez względu na zagrożenie.,Dopiero przy następnej kontroli pięcioletniej.,Wyłącznie po sprzedaży obiektu.,1,"Art. 70 ust. 1 wymaga pilnego usunięcia usterek mogących zagrozić ludziom, mieniu lub środowisku."
Co kontroler robi z protokołem wskazującym pilne usterki zagrażające bezpieczeństwu?,Bezzwłocznie przesyła kopię organowi nadzoru budowlanego.,Zatrzymuje go wyłącznie u siebie do kolejnego roku.,Usuwa protokół po ustnej rozmowie z zarządcą.,Przekazuje go tylko do urzędu podatkowego.,1,Art. 70 ust. 2 wymaga szybkiego przekazania protokołu nadzorowi.
Czy zmiana sposobu użytkowania może polegać na zaniechaniu dotychczasowej działalności?,"Tak, jeśli zmienia to wskazane warunki bezpieczeństwa, zdrowia lub obciążeń.","Tak, ale każda rezygnacja z dowolnej czynności wymaga pozwolenia.","Nie, liczy się tylko rozpoczęcie nowej działalności.","Nie, dotyczy wyłącznie zmiany właściciela budynku.",1,"Art. 71 ust. 1 pkt 2 obejmuje zarówno podjęcie, jak i zaniechanie działalności zmieniającej warunki."
Co podaje się w zgłoszeniu zmiany sposobu użytkowania obiektu?,Tylko wysokość przyszłego czynszu.,Jedynie datę ostatniej kontroli kominiarskiej.,Dotychczasowy i zamierzony sposób użytkowania.,Wyłącznie numer telefonu wykonawcy.,3,Art. 71 ust. 2 wymaga opisania stanu obecnego i planowanego.
Kiedy organ wnosi sprzeciw wobec zmiany użytkowania sprzecznej z planem miejscowym?,Wyłącznie na życzenie obecnego najemcy.,"Nigdy, bo plan dotyczy tylko budowy.",Gdy zamierzona zmiana narusza ustalenia planu lub właściwej decyzji planistycznej.,Dopiero po pięcioletniej kontroli budynku.,3,Art. 71 ust. 5 pkt 2 przewiduje sprzeciw przy naruszeniu planu lub decyzji.
Co organ nakazuje przy niezgłoszonej zmianie sposobu użytkowania?,Wstrzymuje użytkowanie i żąda dokumentów wymaganych do zgłoszenia.,Automatycznie wydaje pozwolenie na budowę.,Zawsze nakazuje rozbiórkę całego obiektu od razu.,Wyłącznie kieruje sprawę do urzędu skarbowego.,1,Art. 71a ust. 1 przewiduje wstrzymanie użytkowania i uzupełnienie dokumentów.
Co grozi za dalsze użytkowanie obiektu mimo wstrzymania po niezgłoszonej zmianie sposobu użytkowania?,Zmiana organu właściwego do wydania pozwolenia.,Decyzja nakazująca przywrócenie poprzedniego sposobu użytkowania.,Automatyczna legalizacja nowej działalności.,Wyłącznie pouczenie bez dalszych skutków.,2,Art. 71a ust. 4 nakazuje przywrócić poprzednie użytkowanie przy dalszym naruszeniu.
Czym jest katastrofa budowlana według ustawy?,Wyłącznie przerwą w dostawie prądu do budynku.,"Niezamierzonym, gwałtownym zniszczeniem obiektu, jego części albo wskazanych elementów konstrukcyjnych.",Każdą planową rozbiórką prowadzoną na pozwolenie.,Każdym drobnym uszkodzeniem nadającym się do naprawy.,2,Art. 73 ust. 1 definiuje katastrofę jako niezamierzone gwałtowne zniszczenie.
Czy awaria instalacji sama w sobie jest katastrofą budowlaną w rozumieniu art. 73?,"Tak, każda awaria instalacji jest katastrofą.","Tak, jeśli właściciel zgłosi ją do zarządcy.","Nie, ale tylko w budynku jednorodzinnym.","Nie, ustawa wyraźnie ją wyłącza.",4,Art. 73 ust. 2 pkt 3 nie zalicza samej awarii instalacji do katastrofy budowlanej.
Czy uszkodzenie naprawialnego elementu wbudowanego w obiekt jest automatycznie katastrofą budowlaną?,"Tak, gdy obiekt ma książkę obiektu.","Nie, ale tylko po pięciu latach użytkowania.","Nie, takie uszkodzenie jest wyłączone z definicji.","Tak, bez względu na zakres uszkodzenia.",3,Art. 73 ust. 2 pkt 1 wyłącza naprawialny lub wymienialny element.
Kto prowadzi postępowanie wyjaśniające przyczyny katastrofy budowlanej?,Wyłącznie wykonawca uszkodzonego obiektu.,Tylko właściciel działki sąsiedniej.,Właściwy organ nadzoru budowlanego.,Wyłącznie urząd skarbowy.,3,Art. 74 powierza postępowanie wyjaśniające nadzorowi budowlanemu.
Jaki jest pierwszy obowiązek osób odpowiedzialnych za obiekt po katastrofie?,Zorganizowanie doraźnej pomocy poszkodowanym i ograniczenie skutków.,Sporządzenie nowego kosztorysu przed udzieleniem pomocy.,Wyłącznie zgłoszenie zmiany sposobu użytkowania.,Wydanie pozwolenia na budowę z datą wsteczną.,1,Art. 75 ust. 1 pkt 1 stawia na doraźną pomoc i przeciwdziałanie rozszerzaniu skutków.
Który pełny zestaw organów trzeba niezwłocznie zawiadomić o katastrofie budowlanej?,"Policję, Państwową Straż Pożarną i kierownika budowy, bez organu nadzoru.","Organ nadzoru, organ wydający pozwolenie i projektanta, bez zawiadamiania prokuratora.","Prokuratora, organ administracji architektoniczno-budowlanej i właściciela, bez Policji.","Organ nadzoru budowlanego, właściwego prokuratora i Policję.",4,"Art. 75 ust. 1 pkt 3 wymaga zawiadomienia organu nadzoru, prokuratora i Policji."
"Czy po katastrofie wolno zmienić stan miejsca, by ratować życie?","Tak, ale trzeba opisać zmiany i oznaczyć je na szkicach, a w miarę możliwości na zdjęciach.","Tak, bez obowiązku dokumentowania jakichkolwiek zmian.","Nie, miejsce można ruszyć dopiero po rozbiórce.","Nie, ratowanie życia musi czekać na komisję.",1,Art. 75 ust. 2 dopuszcza ratownicze zmiany miejsca katastrofy pod warunkiem dokumentowania.
Co organ nadzoru robi niezwłocznie po otrzymaniu zawiadomienia o katastrofie?,Zamyka sprawę po samym wpisie do książki obiektu.,Automatycznie wydaje pozwolenie na odbudowę bez badania.,Zleca jedynie wycenę rynkową obiektu.,Powołuje komisję do ustalenia przyczyn i potrzebnych działań zabezpieczających.,4,Art. 76 ust. 1 pkt 1 wymaga niezwłocznego powołania komisji.
Kto przewodniczy komisji badającej przyczyny katastrofy budowlanej?,Właściciel sąsiedniego budynku.,Projektant wybrany przez inwestora.,Przedstawiciel wykonawcy robót.,Przedstawiciel organu nadzoru budowlanego.,4,Art. 76 ust. 2 wskazuje przedstawiciela nadzoru jako przewodniczącego.
Czy decyzję o zabezpieczeniu miejsca katastrofy można ogłosić ustnie?,"Nie, decyzja może dotyczyć jedynie budowy nowego obiektu.","Tak, podlega natychmiastowemu wykonaniu.","Nie, zawsze trzeba odczekać 30 dni.","Tak, ale tylko przez właściciela obiektu.",2,Art. 76 ust. 4 dopuszcza ustne ogłoszenie pilnej decyzji zabezpieczającej.
"Kto ponosi koszt ekspertyzy zleconej przez organ, gdy jest niezbędna do ustalenia przyczyn katastrofy?",Tylko projektant sąsiedniego budynku.,"Inwestor, właściciel albo zarządca obiektu.",Każdy mieszkaniec całej gminy.,Wyłącznie organ nadzoru bez możliwości obciążenia innych.,2,Art. 78 ust. 2 pozwala zlecić ekspertyzę na koszt wskazanych osób.
Co robi właściciel po zakończeniu postępowania dotyczącego katastrofy?,Usuwa skutki wyłącznie po upływie roku od zakończenia postępowania.,"Poprzestaje na przekazaniu dokumentacji komisji, bez działań przy obiekcie.",Wstrzymuje usuwanie skutków katastrofy do czasu ponownego pozwolenia na budowę.,Niezwłocznie podejmuje działania konieczne do usunięcia jej skutków.,4,Art. 79 nakazuje szybkie usunięcie skutków katastrofy.
Czy kilka katastrof o prawdopodobnie wspólnej przyczynie można badać w jednym postępowaniu?,"Nie, ustawa wyklucza wspólną przyczynę katastrof.","Tak, organ może prowadzić jedno postępowanie dla uszkodzonych obiektów.","Nie, każde uszkodzenie zawsze wymaga odrębnego organu.","Tak, ale wyłącznie na wniosek wykonawcy.",2,Art. 76a pozwala połączyć wyjaśnianie przyczyn dotyczących kilku obiektów.
Jakie dokumenty można wygenerować w portalu e-Budownictwo?,Wyłącznie decyzje organu bez wniosku inwestora.,Wyłącznie świadectwo energetyczne po kontroli.,Tylko wycenę nieruchomości i akt notarialny.,"M.in. wniosek o pozwolenie, zgłoszenie robót i zawiadomienie o zakończeniu budowy.",4,Art. 79a ust. 1 wymienia formularze dokumentów budowlanych dostępnych w portalu.
Czy do wygenerowania formularza w portalu e-Budownictwo trzeba mieć konto?,"Tak, ustawa wymaga konta w portalu.","Nie, formularz można zapisać bez konta.","Tak, lecz wyłącznie konto kierownika budowy.","Nie, wystarczy numer książki obiektu.",1,Art. 79b wymaga konta do wygenerowania dokumentu.
Co staje się identyfikatorem użytkownika po rejestracji w portalu e-Budownictwo?,Numer pozwolenia na użytkowanie.,Numer działki budowlanej.,Numer uprawnień projektanta.,Wskazany adres e-mail.,4,Art. 79d ust. 1–2 wiąże identyfikator konta z adresem e-mail.
Po jakim czasie od ostatniego logowania konto e-Budownictwo jest automatycznie usuwane?,Po 10 latach.,Po 30 dniach.,Po 5 latach.,Po 2 latach.,4,Art. 79h ust. 2 przewiduje automatyczne usunięcie konta po dwóch latach nieaktywności.
Co dzieje się z dokumentami zapisanymi na koncie po jego usunięciu z portalu e-Budownictwo?,Przenoszą się automatycznie do książki obiektu.,Pozostają dostępne na koncie bezterminowo.,Zamieniają się w decyzje administracyjne.,Są automatycznie usuwane razem z danymi konta.,4,Art. 79j ust. 2 nakazuje usunięcie danych i dokumentów wraz z kontem.
Kto odpowiada za funkcjonowanie portalu e-Budownictwo i bezpieczeństwo jego danych?,Główny Inspektor Nadzoru Budowlanego.,Każdy starosta oddzielnie w swoim powiecie.,Wojewódzki konserwator zabytków.,Projektant wybrany przez inwestora.,1,Art. 79k ust. 1 powierza portal i dane Głównemu Inspektorowi.
Jaki organ rozpatruje odwołanie od decyzji starosty w sprawie pozwolenia na budowę?,Wojewoda.,Sam starosta w ponownym postępowaniu.,Główny Inspektor Nadzoru Budowlanego.,Wojewódzki inspektor nadzoru budowlanego.,1,Art. 82 ust. 3 ustanawia wojewodę organem wyższego stopnia wobec starosty w sprawach administracji architektoniczno-budowlanej.
Który organ jest pierwszą instancją dla robót na terenie portu morskiego?,Wojewoda.,Minister właściwy do spraw gospodarki morskiej.,Powiatowy inspektor nadzoru budowlanego.,Starosta.,1,"Art. 82 ust. 3 pkt 1 zalicza porty morskie do spraw, w których administrację architektoniczno-budowlaną w pierwszej instancji prowadzi wojewoda."
Który organ co do zasady prowadzi pierwszoinstancyjne postępowanie dotyczące samowoli budowlanej?,Starosta.,Powiatowy inspektor nadzoru budowlanego.,Wojewoda.,Główny Inspektor Nadzoru Budowlanego.,2,Art. 83 ust. 1 powierza powiatowemu inspektorowi sprawy legalizacji i nakazu rozbiórki; dla szczególnych inwestycji właściwy może być inspektor wojewódzki.
Kto jest organem wyższego stopnia wobec powiatowego inspektora nadzoru budowlanego?,Starosta.,Wojewódzki inspektor nadzoru budowlanego.,Wojewoda działający jako organ architektoniczno-budowlany.,Główny Inspektor Nadzoru Budowlanego.,2,Art. 83 ust. 2 wskazuje wojewódzkiego inspektora jako organ wyższego stopnia w sprawach powiatowego nadzoru budowlanego.
Kiedy wojewódzki inspektor nadzoru budowlanego działa jako organ pierwszej instancji?,Wyłącznie przy odwołaniu od decyzji powiatowego inspektora.,"W sprawach nadzoru nad inwestycjami, dla których wojewoda jest pierwszą instancją administracji architektoniczno-budowlanej.",Przy wszystkich inwestycjach na terenie miasta wojewódzkiego.,Przy każdym odwołaniu od decyzji starosty o pozwoleniu na budowę.,2,Art. 83 ust. 3 łączy właściwość wojewódzkiego inspektora w pierwszej instancji z kategoriami spraw powierzonych wojewodzie w art. 82.
Które zadanie należy do organów nadzoru budowlanego?,Ustalanie warunków zabudowy dla inwestycji.,Wydawanie miejscowych planów zagospodarowania.,Badanie przyczyn katastrof budowlanych.,Zatwierdzanie projektów architektoniczno-budowlanych w każdej sprawie.,3,Art. 84 ust. 1 wymienia kontrolę przestrzegania prawa budowlanego oraz badanie przyczyn katastrof.
Na podstawie jakich danych organy sprawdzają uprawnienia osób wpisanych do centralnego rejestru?,Danych systemu e-CRUB.,Wyłącznie kopii dyplomu dołączonej do projektu.,Wyłącznie oświadczenia inwestora o doświadczeniu osoby.,Danych elektronicznej książki obiektu budowlanego.,1,Art. 81 ust. 3a wskazuje e-CRUB jako podstawę kontroli uprawnień wpisanych do centralnego rejestru.
"Co może zrobić organ, gdy awaria e-CRUB uniemożliwia sprawdzenie uprawnień budowlanych?",Zażądać kopii uprawnień lub zaświadczenia o przynależności do właściwej izby.,Uznać uprawnienia za nieważne do końca awarii.,Zażądać wyłącznie kopii umowy z inwestorem.,Odstąpić od sprawdzania kwalifikacji bez dalszych czynności.,1,Art. 81 ust. 3b pozwala przy awarii rejestru żądać dokumentów potwierdzających uprawnienia i spełnienie wymogu samorządu zawodowego.
Kto powołuje powiatowego inspektora nadzoru budowlanego?,Właściwa izba samorządu zawodowego.,Wojewoda spośród kandydatów wskazanych przez starostę.,Starosta spośród kandydatów wskazanych przez inspektora wojewódzkiego.,Główny Inspektor Nadzoru Budowlanego na wniosek wojewody.,3,"Art. 86 ust. 1 powierza powołanie staroście, przy udziale wojewódzkiego inspektora przedstawiającego kandydatów."
Kto powołuje wojewódzkiego inspektora nadzoru budowlanego?,Starosta za zgodą wojewody.,Wojewoda za zgodą Głównego Inspektora Nadzoru Budowlanego.,Główny Inspektor Nadzoru Budowlanego bez udziału wojewody.,Prezes Rady Ministrów na wniosek starostów.,2,Art. 87 ust. 1 wymaga powołania przez wojewodę i zgody Głównego Inspektora Nadzoru Budowlanego.
Jaką pozycję w administracji zajmuje Główny Inspektor Nadzoru Budowlanego?,Jest organem gminy właściwym tylko do kontroli użytkowania.,Jest centralnym organem administracji rządowej właściwym w sprawach budowlanych.,Jest wyłącznie organem odwoławczym od decyzji starostów.,Jest organem samorządu zawodowego architektów.,2,Art. 88 ust. 1 określa Głównego Inspektora jako centralny organ administracji rządowej dla administracji architektoniczno-budowlanej i nadzoru.
Kto powołuje Głównego Inspektora Nadzoru Budowlanego?,Sejm na wniosek organów samorządu zawodowego.,Prezes Rady Ministrów na wniosek właściwego ministra po otwartym naborze.,Wojewoda wybrany przez pozostałych wojewodów.,Minister właściwy do spraw budownictwa bez udziału Prezesa Rady Ministrów.,2,Art. 88 ust. 3 przewiduje powołanie przez Prezesa Rady Ministrów spośród osób wyłonionych w konkurencyjnym naborze.
Wobec jakich organów Główny Inspektor Nadzoru Budowlanego jest organem wyższego stopnia?,Wojewodów i wojewódzkich inspektorów nadzoru budowlanego.,Wójtów i kierowników budowy.,Starostów i powiatowych inspektorów nadzoru budowlanego.,Wyłącznie organów samorządu zawodowego.,1,"Art. 88a ust. 1 pkt 1 wskazuje wojewodów i wojewódzkich inspektorów jako organy, wobec których Główny Inspektor jest organem wyższego stopnia."
Gdzie organ nadzoru budowlanego ma ustawowe prawo wstępu w związku z kontrolą?,Wyłącznie na teren budowy po zakończeniu robót.,Do każdego lokalu bez związku z wykonywaniem nadzoru.,Wyłącznie do budynku użyteczności publicznej.,Do obiektu budowlanego oraz na teren budowy i zakładu pracy.,4,Art. 81a ust. 1 przyznaje nadzorowi prawo wstępu do obiektu oraz na teren budowy i zakładu pracy.
W czyjej obecności co do zasady kontroluje się lokal mieszkalny?,"W obecności wyłącznie przedstawiciela administracji, bez domownika.",W obecności tylko kierownika budowy oraz przedstawiciela organu.,Pełnoletniego domownika oraz przedstawiciela administracji lub zarządcy budynku.,W obecności właściciela lokalu bez dorosłego domownika ani zarządcy budynku.,3,Art. 81a ust. 2 przewiduje przy kontroli lokalu mieszkalnego obecność pełnoletniego domownika oraz przedstawiciela administracji lub zarządcy.
Kiedy kontrola podmiotu niebędącego przedsiębiorcą może odbyć się w obecności pełnoletniego świadka?,"W uzasadnionym przypadku, gdy nie ma osób zwykle obecnych przy kontroli.",Wyłącznie przy kontroli przedsiębiorcy prowadzącego zakład pracy.,"W każdym przypadku na żądanie kontrolera, nawet gdy właściciel jest obecny.","Gdy zwykle obecne osoby są nieobecne, lecz bez potrzeby uzasadnienia kontroli.",1,Art. 81a ust. 3 dopuszcza pełnoletniego świadka w uzasadnionych przypadkach nieobecności osób wymienionych w ust. 2.
Kiedy organ może nakazać dostarczenie oceny technicznej lub ekspertyzy?,"Gdy ma uzasadnione wątpliwości co do wyrobów, robót lub stanu technicznego obiektu.","Gdy dokumentacja jest obszerna, niezależnie od jakości robót i stanu obiektu.","Wyłącznie na wniosek inwestora, nawet jeśli organ nie ma wątpliwości.","Dopiero po pewnym stwierdzeniu wady, bez możliwości badania samych wątpliwości.",1,"Art. 81c ust. 2 pozwala żądać oceny lub ekspertyzy przy uzasadnionych wątpliwościach dotyczących jakości wyrobów, robót albo obiektu."
Kto ponosi koszt oceny technicznej nakazanej przez organ na podstawie art. 81c?,"Projektant, niezależnie od tego, komu wydano postanowienie.",Organ nadzoru budowlanego niezależnie od okoliczności.,Osoba zobowiązana do jej dostarczenia.,Właściwy starosta z budżetu powiatu.,3,"Art. 81c ust. 2 obciąża kosztami osobę, na którą nałożono obowiązek przedłożenia oceny lub ekspertyzy."
Jaki środek przysługuje na postanowienie nakazujące dostarczenie ekspertyzy technicznej?,Zażalenie.,Wyłącznie wniosek o wznowienie postępowania.,Odwołanie od decyzji o pozwoleniu na użytkowanie.,Sprzeciw do wojewódzkiego konserwatora zabytków.,1,Art. 81c ust. 3 przewiduje zażalenie na postanowienie nakładające obowiązek dostarczenia ekspertyzy.
Jakich dokumentów może żądać organ od uczestnika procesu budowlanego?,"Dokumentów dotyczących tylko pozwolenia na budowę, choć kontrola dotyczy utrzymania.","Wyłącznie projektu architektonicznego, bez dokumentów dotyczących robót i użytkowania.","Samych dokumentów geodezyjnych, nawet gdy organ bada legalność wyrobów.","Dokumentów związanych z robotami, oddaniem obiektu do użytkowania lub jego utrzymaniem.",4,"Art. 81c ust. 1 obejmuje dokumenty dotyczące prowadzenia robót, użytkowania i utrzymania obiektu oraz legalności wyrobów."
"Co organ powinien zrobić, gdy ustne polecenie usunięcia bezpośredniego zagrożenia zostało wydane powiatowemu inspektorowi?",Inspektor może je wykonać dopiero po kontroli wojewódzkiej.,Organ musi najpierw uzyskać zgodę inwestora.,"Polecenie wygasa, jeśli nie powtórzono go telefonicznie.",Polecenie trzeba potwierdzić na piśmie.,4,Art. 89c ust. 3 wymaga pisemnego potwierdzenia polecenia przekazanego ustnie; samą czynność należy wykonać niezwłocznie.
"Kto rozstrzyga o nieważności polecenia usunięcia zagrożenia, które narusza prawo?",Wojewoda.,"Starosta, który wydał polecenie.",Powiatowy inspektor nadzoru budowlanego.,Właściwa izba samorządu zawodowego.,1,Art. 89c ust. 5 stwierdza nieważność polecenia sprzecznego z prawem; o nieważności rozstrzyga wojewoda.
"Co robi powiatowy inspektor, jeśli nie może wykonać polecenia w sprawie bezpośredniego zagrożenia?",Przekazuje ją projektantowi do samodzielnego rozstrzygnięcia.,Czeka do zakończenia postępowania o pozwolenie na budowę.,Zwraca polecenie do inwestora jako niewykonalne.,Niezwłocznie przedkłada sprawę wojewódzkiemu inspektorowi nadzoru budowlanego.,4,"Art. 89c ust. 4 nakazuje przedłożyć sprawę inspektorowi wojewódzkiemu, gdy polecenie jest niewykonalne albo narusza prawo."
Kto może wydać powiatowemu inspektorowi polecenie podjęcia działań przy bezpośrednim zagrożeniu życia związanym z obiektem?,Wyłącznie właściwy projektant i kierownik budowy.,Wyłącznie wojewódzki konserwator zabytków.,"Starosta, wójt, burmistrz lub prezydent miasta.",Każdy właściciel nieruchomości sąsiedniej.,3,Art. 89c ust. 1 upoważnia wskazane organy samorządu do wydania polecenia służącego usunięciu bezpośredniego zagrożenia.
Jaka sankcja może grozić za wykonywanie samodzielnej funkcji technicznej bez wymaganych uprawnień?,Wyłącznie nakaz uzupełnienia uprawnień po zakończeniu robót.,Wyłącznie upomnienie wpisywane do dziennika budowy.,"Grzywna, ograniczenie wolności albo pozbawienie wolności do roku.",Zakaz prowadzenia działalności budowlanej zawsze przez pięć lat.,3,Art. 91 ust. 1 penalizuje wykonywanie samodzielnej funkcji technicznej bez właściwych uprawnień lub prawa jej wykonywania.
Jaka sankcja grozi za niewypełnianie obowiązku należytego utrzymania obiektu wynikającego z art. 61?,"Grzywna nie mniejsza niż 100 stawek dziennych, ograniczenie wolności albo pozbawienie wolności do roku.",Wyłącznie obowiązek ponownego zgłoszenia zakończenia budowy.,Grzywna do 20 stawek dziennych bez możliwości innej kary.,Wyłącznie kara administracyjna za brak książki obiektu.,1,Art. 91a dotyczy m.in. niewłaściwego utrzymania obiektu i przewiduje wskazane sankcje karne.
"Jak może zostać ukarane nieusunięcie stwierdzonych uszkodzeń obiektu, które grożą ludziom lub mieniu?","Aresztem, ograniczeniem wolności albo grzywną.",Zakazem wykonywania funkcji technicznej przez właściciela w każdej sprawie.,"Grzywną albo pozbawieniem wolności do roku, bez możliwości aresztu.","Wyłącznie nakazem naprawy, bez sankcji za niewykonanie obowiązku.",1,Art. 92 ust. 1 pkt 2 obejmuje niewykonanie obowiązku usunięcia uszkodzeń lub braków stwarzających zagrożenie.
Czy wykonywanie robót bez wymaganego pozwolenia lub zgłoszenia może stanowić wykroczenie?,"Tak, ustawa przewiduje za takie naruszenie grzywnę.","Nie, jeśli inwestor posiada projekt techniczny.","Tak, ale tylko po doprowadzeniu do katastrofy budowlanej.","Nie, wyłącznie nakaz rozbiórki bez odpowiedzialności za wykroczenie.",1,Art. 93 pkt 2a przewiduje grzywnę za roboty prowadzone z naruszeniem wymogów pozwolenia albo zgłoszenia; odrębnie mogą działać środki nadzoru.
Co grozi za niewykonywanie wymaganych okresowych kontroli obiektu?,Wyłącznie utrata prawa własności obiektu.,Grzywna przewidziana za wykroczenie.,Pozbawienie wolności do roku w każdym przypadku.,Wyłącznie obowiązek ponownego pozwolenia na budowę.,2,Art. 93 pkt 8 przewiduje grzywnę za niewykonanie obowiązków kontroli okresowych wynikających z art. 62.
Co grozi za zmianę sposobu użytkowania bez wymaganego zgłoszenia?,Grzywna przewidziana w przepisach o wykroczeniach.,Zawsze natychmiastowy nakaz rozbiórki całego obiektu.,Wyłącznie sankcja za naruszenie warunków zabudowy.,Wyłącznie obowiązek zmiany wpisu w dzienniku budowy.,1,Art. 93 pkt 9b penalizuje zmianę sposobu użytkowania bez zgłoszenia albo mimo sprzeciwu; nadzór może też prowadzić postępowanie naprawcze.
Co grozi za nieudostępnienie żądanych przez nadzór dokumentów dotyczących robót lub utrzymania obiektu?,Zawsze kara pozbawienia wolności do roku.,Automatyczne cofnięcie wszystkich uprawnień budowlanych.,Utrata własności obiektu.,Grzywna.,4,Art. 93 pkt 10 przewiduje grzywnę za nieudostępnienie dokumentów i informacji żądanych w ramach ustawowych uprawnień organu.
Kogo może dotyczyć odpowiedzialność zawodowa w budownictwie?,Wyłącznie urzędników wydających pozwolenia na budowę.,Wyłącznie wykonawców sprzedających materiały budowlane.,"Każdego właściciela obiektu, nawet bez funkcji technicznej.",Osób wykonujących samodzielne funkcje techniczne w budownictwie.,4,"Art. 95 wiąże odpowiedzialność zawodową z wykonywaniem samodzielnych funkcji technicznych, np. projektowaniem lub kierowaniem budową."
Kiedy rażący błąd osoby pełniącej samodzielną funkcję techniczną może rodzić odpowiedzialność zawodową?,"Gdy inwestor poniósł niewielki koszt poprawki, bez skutków wskazanych w ustawie.","Gdy błąd jedynie opóźnił wykonanie robót, bez zagrożenia i znacznej szkody.","Gdy projekt był trudny do wykonania, ale nie powstało zagrożenie ani znaczna szkoda.","Gdy spowodował zagrożenie życia, mienia lub środowiska albo znaczne szkody materialne.",4,Art. 95 pkt 3 dotyczy rażących błędów i zaniedbań o poważnych skutkach; ustawa wskazuje zagrożenie lub znaczne szkody.
Czy projektant uchylający się od nadzoru autorskiego może odpowiadać zawodowo?,"Tak, lecz wyłącznie gdy wcześniej utracił uprawnienia.","Tak, jeśli uchyla się od podjęcia nadzoru albo wykonuje go niedbale.","Nie, jeśli inwestor prowadzi dziennik budowy.","Nie, nadzór autorski nigdy nie jest objęty odpowiedzialnością zawodową.",2,Art. 95 pkt 5 zalicza uchylanie się od nadzoru autorskiego i jego niedbałe pełnienie do przesłanek odpowiedzialności zawodowej.
Jakie kary należą do katalogu odpowiedzialności zawodowej w budownictwie?,"Upomnienie, upomnienie z egzaminem albo czasowy zakaz wykonywania funkcji z egzaminem.",Wyłącznie cofnięcie pozwolenia na budowę i kara pieniężna.,"Upomnienie, kara aresztu albo dożywotni zakaz projektowania.",Wyłącznie grzywna i nakaz rozbiórki obiektu.,1,"Art. 96 ust. 1 wymienia trzy rodzaje sankcji zawodowych, w tym czasowy zakaz połączony z obowiązkiem egzaminu."
Na jak długo można orzec zakaz wykonywania samodzielnej funkcji technicznej w ramach odpowiedzialności zawodowej?,Od pięciu do dziesięciu lat.,Od roku do pięciu lat.,Od miesiąca do roku.,"Bez określenia okresu, aż do zakończenia każdej budowy.",2,Art. 96 ust. 1 pkt 3 określa przedział od roku do pięciu lat; zakaz łączy się z egzaminem.
Kiedy można dodatkowo orzec zakaz wykonywania samodzielnej funkcji technicznej po wcześniejszych upomnieniach?,"Już po pierwszym upomnieniu, niezależnie od kolejnego czynu.","Wyłącznie wtedy, gdy inwestor wniesie odwołanie.",Dopiero po czterech upomnieniach za identyczny czyn.,Gdy osoba ponownie dopuściła się czynu mimo dwóch upomnień.,4,Art. 96 ust. 4 pkt 1 dopuszcza zakaz po kolejnym czynie osoby uprzednio dwukrotnie upomnianej.
"Jaki dodatkowy termin otrzymuje ukarany, jeśli nie zdał nakazanego egzaminu w terminie?",Od sześciu do dwunastu miesięcy.,Od trzech do sześciu miesięcy.,Do trzydziestu dni.,Dokładnie dwa lata.,2,Art. 96 ust. 6 przewiduje dodatkowy termin nie krótszy niż trzy i nie dłuższy niż sześć miesięcy.
Kto może wnioskować o wszczęcie postępowania z tytułu odpowiedzialności zawodowej?,Organ nadzoru budowlanego po postępowaniu wyjaśniającym albo właściwy organ samorządu zawodowego.,"Organ architektoniczno-budowlany na podstawie samej skargi, bez postępowania wyjaśniającego.","Tylko organ nadzoru budowlanego, bez możliwości wniosku samorządu zawodowego.","Tylko organ samorządu zawodowego, bez możliwości wniosku nadzoru.",1,"Art. 97 ust. 1 i 3 przewiduje wniosek organu nadzoru budowlanego lub, w granicach właściwości, organu samorządu zawodowego."
Kto orzeka w sprawie odpowiedzialności zawodowej w budownictwie?,Organy właściwego samorządu zawodowego.,Powiatowy inspektor nadzoru budowlanego w każdej sprawie.,Wojewódzki konserwator zabytków.,Starosta jako organ pierwszej instancji.,1,"Art. 98 ust. 1 powierza orzekanie organom samorządu zawodowego, choć postępowanie może zacząć się od wniosku nadzoru."
W jakim terminie ostateczna decyzja o ukaraniu zawodowym jest przekazywana do Głównego Inspektora przez e-CRUB?,W ciągu 7 dni od wydania decyzji nieostatecznej.,Dopiero przy wniosku o zatarcie kary.,W ciągu 30 dni od zakończenia budowy.,W ciągu 14 dni od jej ostateczności.,4,Art. 99 ust. 3 nakazuje organowi samorządu przekazanie danych i kopii ostatecznej decyzji w ciągu 14 dni.
Po jakim czasie od uzyskania przez nadzór wiedzy o czynie nie można już wszcząć postępowania zawodowego?,Po upływie roku.,Po upływie sześciu miesięcy.,Po upływie trzech lat liczonych od uzyskania wiedzy.,Po upływie trzech miesięcy.,2,"Art. 100 ustanawia sześciomiesięczny termin od wiadomości o czynie, obok granicy trzyletniej związanej z zakończeniem robót lub użytkowaniem."
Jaka jest najpóźniejsza granica wszczęcia postępowania z tytułu odpowiedzialności zawodowej?,Pięć lat od podpisania umowy z inwestorem.,Sześć miesięcy od dnia rozpoczęcia robót budowlanych.,"Trzy lata od zakończenia robót, zawiadomienia o zakończeniu budowy albo pozwolenia na użytkowanie.",Trzy lata od powzięcia wiadomości o czynie przez organ nadzoru.,3,"Art. 100 określa granicę trzech lat powiązaną z końcem robót, zgłoszeniem zakończenia lub decyzją o użytkowaniu, niezależnie od terminu od wiadomości."
Po jakim okresie można wnosić o zatarcie kary upomnienia zawodowego?,Po sześciu miesiącach od dnia wydania upomnienia.,Po dwóch latach wykonywania samodzielnej funkcji technicznej bez ponownego ukarania.,Po pięciu latach od zakończenia budowy niezależnie od dalszej pracy.,Po trzech latach od złożenia egzaminu zawodowego.,2,Art. 101 ust. 1 pkt 1 lit. a i pkt 2 wymaga dwóch lat wykonywania funkcji bez kolejnego ukarania.
Do której kategorii obiektów budowlanych zalicza się muzeum według załącznika do ustawy?,Do kategorii XII obejmującej budynki administracji publicznej.,"Do kategorii IX obejmującej budynki kultury, nauki i oświaty.",Do kategorii XVII obejmującej budynki handlu i usług.,Do kategorii X obejmującej budynki kultu religijnego.,2,"Załącznik do Prawa budowlanego wymienia muzea w kategorii IX obok teatrów, galerii sztuki i bibliotek."
Do której kategorii załącznika zalicza się kościół jako budynek kultu religijnego?,Do kategorii XI.,Do kategorii XII.,Do kategorii X.,Do kategorii IX.,3,Załącznik do ustawy zalicza kościoły i inne budynki kultu religijnego do kategorii X.
Kiedy może być zatarta kara upomnienia połączonego z egzaminem zawodowym?,"Po trzech latach wykonywania funkcji od złożenia egzaminu, bez ponownego ukarania.",Dopiero po pięciu latach od przywrócenia prawa wykonywania funkcji.,Po roku od zakończenia robót objętych zarzutem.,"Po dwóch latach od wydania decyzji, bez konieczności zdania egzaminu.",1,Art. 101 ust. 1 pkt 1 lit. b i pkt 2 wymaga trzech lat wykonywania funkcji od złożenia egzaminu oraz braku nowej kary.
