pytanie,odpowiedz 1,odpowiedz 2,odpowiedz 3,odpowiedz 4,poprawna,opis
Z jakiego dnia pochodzi obwieszczenie Marszałka Sejmu w sprawie ogłoszenia jednolitego tekstu ustawy o ochronie zabytków i opiece nad zabytkami?,19 sierpnia 2024 r.,26 sierpnia 2024 r.,23 lipca 2003 r.,2 sierpnia 2024 r.,1,Obwieszczenie Marszałka Sejmu w sprawie ogłoszenia jednolitego tekstu ustawy zostało wydane 19 sierpnia 2024 r.
Z jakiego dnia pochodzi ustawa o ochronie zabytków i opiece nad zabytkami?,16 kwietnia 2004 r.,23 lipca 2003 r.,27 marca 2003 r.,15 lutego 1962 r.,2,"Tytuł ustawy wskazuje, że została uchwalona 23 lipca 2003 r."
Kto zgodnie z ustawą sprawuje opiekę nad zabytkiem?,Wyłącznie wojewódzki konserwator zabytków,Wyłącznie minister właściwy do spraw kultury,Właściciel lub posiadacz zabytku,Wyłącznie właściwa gmina,3,"Art. 5 wskazuje, że opiekę nad zabytkiem sprawuje jego właściciel lub posiadacz."
Która z poniższych jest formą ochrony zabytków?,Wyłącznie sporządzenie ekspertyzy technicznej,Wyłącznie objęcie zabytku ubezpieczeniem,Wyłącznie zawarcie umowy z właścicielem,Wpis do rejestru zabytków,4,Art. 7 wymienia wpis do rejestru zabytków jako jedną z form ochrony zabytków.
Kto może z urzędu wydać decyzję o wpisie zabytku ruchomego do rejestru w przypadkach wskazanych w ustawie?,Wojewódzki konserwator zabytków,Starosta,"Wójt, burmistrz albo prezydent miasta",Generalny Konserwator Zabytków,1,Art. 10 ust. 2 pozwala wojewódzkiemu konserwatorowi zabytków wydać z urzędu decyzję o wpisie zabytku ruchomego do rejestru w określonych przypadkach.
Kto prowadzi Listę Skarbów Dziedzictwa?,Generalny Konserwator Zabytków,Minister właściwy do spraw kultury i ochrony dziedzictwa narodowego,Wojewódzki konserwator zabytków,Dyrektor Biblioteki Narodowej,2,"Art. 14a ust. 1 stanowi, że Listę Skarbów Dziedzictwa prowadzi minister właściwy do spraw kultury i ochrony dziedzictwa narodowego."
Kto może utworzyć park kulturowy?,Wojewoda w drodze zarządzenia,Minister właściwy do spraw kultury w drodze decyzji,"Rada gminy w drodze uchwały, po zasięgnięciu opinii wojewódzkiego konserwatora zabytków",Starosta w drodze decyzji,3,"Art. 16 ust. 1 przewiduje utworzenie parku kulturowego przez radę gminy w drodze uchwały, po zasięgnięciu opinii wojewódzkiego konserwatora zabytków."
Z kim uzgadnia się projekty i zmiany planu zagospodarowania przestrzennego województwa oraz miejscowego planu zagospodarowania przestrzennego w zakresie ochrony zabytków?,Z ministrem właściwym do spraw środowiska,Z właściwym starostą,Z Generalnym Dyrektorem Ochrony Środowiska,Z wojewódzkim konserwatorem zabytków,4,Art. 20 przewiduje uzgodnienie takich projektów i zmian z wojewódzkim konserwatorem zabytków.
Kto prowadzi krajowy wykaz zabytków skradzionych lub wywiezionych za granicę niezgodnie z prawem?,Generalny Konserwator Zabytków,Komendant Główny Policji,Minister Spraw Wewnętrznych i Administracji,Wojewoda,1,"Art. 23 ust. 1 stanowi, że krajowy wykaz zabytków skradzionych lub wywiezionych za granicę niezgodnie z prawem prowadzi Generalny Konserwator Zabytków."
Czy krajowy rejestr utraconych dóbr kultury jest jawny?,"Nie, dostęp mają wyłącznie organy ścigania",Tak,"Tak, ale wyłącznie dla właścicieli utraconych rzeczy","Nie, chyba że minister wyrazi zgodę",2,"Art. 24c ust. 1 stanowi, że krajowy rejestr utraconych dóbr kultury prowadzony w systemie teleinformatycznym jest jawny."
"W jakim terminie właściciel lub posiadacz zabytku powinien zawiadomić wojewódzkiego konserwatora zabytków o jego uszkodzeniu, zniszczeniu, zaginięciu lub kradzieży?",W terminie 3 dni,W terminie 7 dni,Nie później niż w terminie 14 dni od dnia powzięcia wiadomości o zdarzeniu,W terminie miesiąca,3,"Art. 28 ust. 1 pkt 1 przewiduje termin 14 dni od dnia powzięcia wiadomości o uszkodzeniu, zniszczeniu, zaginięciu lub kradzieży zabytku."
Na jaki maksymalny okres wojewódzki konserwator zabytków może nakazać udostępnienie zabytku nieruchomego w celu przeprowadzenia badań?,Na 14 dni,Na miesiąc,Na 6 miesięcy,"Na czas niezbędny do badań, jednak nie dłuższy niż 3 miesiące od dnia, w którym decyzja stała się ostateczna",4,"Art. 30 ust. 2 ogranicza okres nakazanego udostępnienia do czasu niezbędnego do badań, nie dłuższego niż 3 miesiące od dnia, w którym decyzja stała się ostateczna."
"W jakim terminie wójt, burmistrz lub prezydent miasta powinien przekazać wojewódzkiemu konserwatorowi zabytków zawiadomienie o przypadkowym znalezieniu przedmiotu mogącego być zabytkiem archeologicznym?","Niezwłocznie, nie dłużej niż w terminie 3 dni",W terminie 7 dni,W terminie 14 dni,W terminie miesiąca,1,"Art. 33 ust. 2 nakazuje przekazanie zawiadomienia niezwłocznie, nie dłużej niż w terminie 3 dni."
Czy nagroda za odkrycie lub przypadkowe znalezienie zabytku archeologicznego przysługuje osobom zawodowo zajmującym się badaniami archeologicznymi?,"Tak, zawsze",Nie,"Tak, ale tylko w formie dyplomu","Tak, jeżeli odkrycia dokonano poza godzinami pracy",2,Art. 34 ust. 2 wyłącza z prawa do nagrody osoby zawodowo zajmujące się badaniami archeologicznymi oraz osoby zatrudnione w grupach zorganizowanych w celu prowadzenia takich badań.
"Czy usunięcie drzewa lub krzewu z nieruchomości będącej wpisanym do rejestru parkiem, ogrodem lub inną formą zaprojektowanej zieleni wymaga pozwolenia wojewódzkiego konserwatora zabytków?","Nie, nigdy",Tylko gdy drzewo ma ponad 100 lat,Tak,Tylko gdy nieruchomość jest własnością Skarbu Państwa,3,"Art. 36 ust. 1 pkt 1 obejmuje obowiązkiem uzyskania pozwolenia także prace polegające na usunięciu drzewa lub krzewu z wpisanego do rejestru parku, ogrodu lub innej formy zaprojektowanej zieleni."
Kogo należy zapewnić przy pracach lub badaniach wymagających kwalifikacji wskazanych w art. 37a–37e?,Wyłącznie przedstawiciela gminy,Wyłącznie inspektora nadzoru budowlanego,Wyłącznie rzeczoznawcę ministra,Osobę spełniającą odpowiednie wymagania kwalifikacyjne określone w ustawie,4,Art. 36a ust. 1 nakłada obowiązek zapewnienia kierowania pracami i badaniami albo ich samodzielnego wykonywania przez osoby spełniające wymagania określone w art. 37a–37e.
Kto może prowadzić poszukiwania ukrytych lub porzuconych zabytków ruchomych przy użyciu urządzeń elektronicznych lub technicznych na zasadach określonych w art. 36b?,"Osoba pełnoletnia, posiadająca wymagane zgody i po dokonaniu zgłoszenia poszukiwań",Każda osoba powyżej 16 roku życia bez zgłoszenia,Wyłącznie pracownik muzeum,Wyłącznie archeolog posiadający stopień doktora,1,"Art. 36b ust. 1 przewiduje, że takie poszukiwania może prowadzić osoba pełnoletnia po spełnieniu warunków dotyczących zgód i zgłoszenia poszukiwań."
"Kto prowadzi rejestr zgłoszonych poszukiwań i znalezionych zabytków, o którym mowa w art. 36d?",Wojewódzki konserwator zabytków,Minister właściwy do spraw kultury i ochrony dziedzictwa narodowego,Komendant Główny Policji,Starosta,2,"Art. 36d ust. 1 stanowi, że rejestr poszukiwań w systemie teleinformatycznym prowadzi minister właściwy do spraw kultury i ochrony dziedzictwa narodowego."
"Jakiego co najmniej doświadczenia przy odpowiednich pracach wymaga art. 37a ust. 1 od osoby kierującej pracami konserwatorskimi, restauratorskimi lub badaniami konserwatorskimi przy zabytkach wpisanych do rejestru?",3 miesięcy,6 miesięcy,9 miesięcy,24 miesięcy,3,Art. 37a ust. 1 wymaga co najmniej 9 miesięcy udziału w odpowiednich pracach lub badaniach po osiągnięciu wskazanego etapu studiów.
Jakiego co najmniej doświadczenia przy robotach budowlanych prowadzonych przy zabytkach nieruchomych wpisanych do rejestru wymaga art. 37c od osoby kierującej robotami lub wykonującej nadzór inwestorski?,6 miesięcy,9 miesięcy,12 miesięcy,18 miesięcy,4,Art. 37c wymaga co najmniej 18 miesięcy udziału w robotach budowlanych prowadzonych przy zabytkach nieruchomych wpisanych do rejestru lub do inwentarza muzeum będącego instytucją kultury.
W jaki sposób powinien być przechowywany zabytek wpisany na Listę Skarbów Dziedzictwa?,W pomieszczeniu z odpowiednimi zabezpieczeniami technicznymi albo z zapewnioną bezpośrednią stałą ochroną fizyczną,Wyłącznie w siedzibie wojewódzkiego konserwatora zabytków,Wyłącznie w muzeum państwowym,"W dowolnym pomieszczeniu, jeżeli właściciel posiada polisę ubezpieczeniową",1,Art. 37i ust. 1 wymaga przechowywania takiego zabytku w pomieszczeniu z zabezpieczeniami technicznymi albo z zapewnioną bezpośrednią stałą ochroną fizyczną.
W jakim terminie osoba odmawiająca podpisania protokołu kontroli może przedstawić pisemne uwagi wojewódzkiemu konserwatorowi zabytków?,W terminie 3 dni,W terminie 7 dni,W terminie 14 dni,W terminie miesiąca,2,Art. 39 ust. 4 przewiduje 7 dni na przedstawienie pisemnych uwag w razie odmowy podpisania protokołu kontroli.
"Po jakim czasie co do zasady wygasa decyzja o wstrzymaniu działań, o której mowa w art. 43 ust. 1, jeżeli wojewódzki konserwator zabytków nie wyda jednej z dalszych decyzji przewidzianych w art. 44?",Po 14 dniach,Po miesiącu,Po 2 miesiącach od dnia jej doręczenia,Po 6 miesiącach,3,"Art. 44 ust. 1 stanowi, że decyzja z art. 43 ust. 1 wygasa po 2 miesiącach od dnia jej doręczenia, jeżeli w tym terminie nie zostanie wydana jedna z decyzji wskazanych w tym przepisie."
"Co może nakazać wojewódzki konserwator zabytków, gdy przy zabytku wpisanym do rejestru wykonano określone działania bez wymaganego pozwolenia lub niezgodnie z jego warunkami?",Wyłącznie zapłatę odszkodowania właścicielowi,Wyłącznie czasowe zamknięcie obiektu,Wyłącznie przekazanie zabytku do muzeum,Przywrócenie zabytku do poprzedniego stanu lub uporządkowanie terenu albo doprowadzenie zabytku do jak najlepszego stanu,4,Art. 45 ust. 1 przewiduje decyzję nakazującą przywrócenie zabytku do poprzedniego stanu lub uporządkowanie terenu albo zobowiązującą do doprowadzenia zabytku do jak najlepszego stanu.
Kiedy wojewódzki konserwator zabytków może nakazać przeprowadzenie prac konserwatorskich lub robót budowlanych przy zabytku wpisanym do rejestru?,Gdy ich wykonanie jest niezbędne ze względu na zagrożenie zniszczeniem lub istotnym uszkodzeniem zabytku,Wyłącznie po zmianie właściciela zabytku,"Tylko wtedy, gdy zabytek jest własnością gminy",Wyłącznie po upływie 10 lat od wpisu do rejestru,1,"Art. 49 ust. 1 pozwala nakazać prace konserwatorskie lub roboty budowlane, jeżeli są niezbędne ze względu na zagrożenie zniszczeniem lub istotnym uszkodzeniem zabytku."
Na czym polega czasowe zajęcie zagrożonego zabytku ruchomego?,Na ustanowieniu hipoteki na zabytku,"Na przekazaniu go, zależnie od rodzaju, do muzeum, archiwum lub biblioteki",Na obowiązkowym wywozie zabytku za granicę,Na przekazaniu go wyłącznie Policji,2,"Art. 50 ust. 2 stanowi, że czasowe zajęcie zabytku ruchomego polega na przekazaniu go, w zależności od rodzaju, do muzeum, archiwum lub biblioteki."
Kto wydaje jednorazowe pozwolenie na stały wywóz zabytku za granicę?,Wojewoda,Wojewódzki konserwator zabytków,Minister właściwy do spraw kultury i ochrony dziedzictwa narodowego,Dyrektor Biblioteki Narodowej w każdym przypadku,3,"Art. 52 ust. 1 stanowi, że jednorazowe pozwolenie na stały wywóz zabytku za granicę wydaje minister właściwy do spraw kultury i ochrony dziedzictwa narodowego."
Jaki może być maksymalny termin ważności wielokrotnego pozwolenia ogólnego na czasowy wywóz zabytków za granicę?,1 rok,2 lata,3 lata,5 lat,4,"Art. 55 ust. 2 stanowi, że termin ważności wielokrotnego pozwolenia ogólnego nie może być dłuższy niż 5 lat od dnia jego wydania."
Kto wydaje przewidziane w ustawie pozwolenia na wywóz za granicę w odniesieniu do materiałów bibliotecznych?,Dyrektor Biblioteki Narodowej,Naczelny Dyrektor Archiwów Państwowych,Generalny Konserwator Zabytków,Minister właściwy do spraw nauki,1,"Art. 58 stanowi, że w odniesieniu do materiałów bibliotecznych wskazane pozwolenia wydaje Dyrektor Biblioteki Narodowej."
"Dla zabytków o jakiej wartości podmiot gospodarczy wyspecjalizowany w obrocie zabytkami ma obowiązek prowadzenia księgi ewidencyjnej, zgodnie z art. 59a ust. 1?",Co najmniej 1 000 zł,Przekraczającej 10 000 zł,Przekraczającej 50 000 zł,Bez względu na wartość każdego zabytku,2,Art. 59a ust. 1 nakłada obowiązek prowadzenia księgi ewidencyjnej dla zabytków przyjętych lub oferowanych do zbycia o wartości przekraczającej 10 000 zł.
Czy wojewódzki konserwator zabytków może zasięgać opinii przy rozpatrywaniu wniosków dotyczących wywozu zabytków lub innych przedmiotów za granicę?,"Nie, opinia jest niedopuszczalna","Tak, ale wyłącznie opinii Policji","Tak, opinii instytucji kultury wyspecjalizowanych w opiece nad zabytkami","Tak, ale wyłącznie opinii starosty",3,Art. 60 pozwala wojewódzkiemu konserwatorowi zabytków zasięgać opinii instytucji kultury wyspecjalizowanych w opiece nad zabytkami.
Na jakiej podstawie minister właściwy do spraw kultury lub wojewódzki konserwator zabytków może udzielić dotacji podmiotom wskazanym w art. 73?,Na podstawie decyzji sądu,Na podstawie uchwały rady gminy,Wyłącznie na podstawie promesy bankowej,Na podstawie umowy zawartej z tymi osobami lub jednostkami,4,"Art. 75 stanowi, że dotacji udziela się na podstawie umowy zawartej z osobami lub jednostkami, o których mowa w art. 73."
"Do jakiej wysokości co do zasady może być udzielona dotacja na prace konserwatorskie, restauratorskie lub roboty budowlane przy zabytku wpisanym do rejestru?",Do 50% nakładów koniecznych,Do 25% nakładów koniecznych,Do 75% nakładów koniecznych,Zawsze do 100% nakładów koniecznych,1,"Art. 78 ust. 1 przewiduje co do zasady dotację do 50% nakładów koniecznych, a w przypadkach wskazanych w ustawie możliwe jest dofinansowanie do 100%."
Kto jest dysponentem Narodowego Funduszu Ochrony Zabytków?,Generalny Konserwator Zabytków,Minister właściwy do spraw kultury i ochrony dziedzictwa narodowego,Minister Finansów,Prezes Rady Ministrów,2,"Art. 83b ust. 1 stanowi, że dysponentem Narodowego Funduszu Ochrony Zabytków jest minister właściwy do spraw kultury i ochrony dziedzictwa narodowego."
Kto uchwala krajowy program ochrony zabytków i opieki nad zabytkami?,Generalny Konserwator Zabytków,Sejm,Rada Ministrów na wniosek ministra właściwego do spraw kultury i ochrony dziedzictwa narodowego,Rada Ochrony Zabytków,3,"Art. 86 ust. 1 stanowi, że krajowy program ochrony zabytków i opieki nad zabytkami uchwala Rada Ministrów na wniosek właściwego ministra."
Kto opracowuje krajowy plan ochrony zabytków na wypadek konfliktu zbrojnego i sytuacji kryzysowych?,Wojewoda,Minister Obrony Narodowej,Generalny Konserwator Zabytków samodzielnie,Minister właściwy do spraw kultury i ochrony dziedzictwa narodowego,4,"Art. 88 ust. 1 stanowi, że krajowy plan ochrony zabytków na wypadek konfliktu zbrojnego i sytuacji kryzysowych opracowuje minister właściwy do spraw kultury i ochrony dziedzictwa narodowego."
"Jaki minimalny staż pracy w zakresie związanym z ochroną zabytków musi posiadać kandydat na wojewódzkiego konserwatora zabytków, obok wymaganego wykształcenia?",Co najmniej 5 lat,Co najmniej 2 lata,Co najmniej 10 lat,Ustawa nie wymaga stażu pracy,1,Art. 91 ust. 2 pkt 2 wymaga co najmniej 5-letniego stażu pracy w zakresie związanym z ochroną zabytków.
Kto jest co do zasady organem pierwszej instancji w sprawach określonych w ustawie o ochronie zabytków i opiece nad zabytkami?,Minister właściwy do spraw kultury i ochrony dziedzictwa narodowego,Wojewódzki konserwator zabytków,Starosta,Generalny Konserwator Zabytków,2,"Art. 93 ust. 1 wskazuje, że co do zasady organem pierwszej instancji jest wojewódzki konserwator zabytków."
Na jaki okres powołuje się członków Rady Ochrony Zabytków i ilu członków może ona liczyć?,"Na 3 lata, od 5 do 10 członków","Na 4 lata, dokładnie 15 członków","Na 5 lat, od 10 do 20 członków","Bezterminowo, od 20 do 30 członków",3,Art. 97 ust. 3 przewiduje powołanie od 10 do 20 członków Rady Ochrony Zabytków na okres 5 lat.
Kto ustanawia społecznego opiekuna zabytków?,Minister właściwy do spraw kultury,"Wójt, burmistrz lub prezydent miasta",Wojewoda,"Starosta, na wniosek wojewódzkiego konserwatora zabytków",4,"Art. 103 ust. 1 stanowi, że społecznego opiekuna zabytków ustanawia starosta na wniosek wojewódzkiego konserwatora zabytków."
Kto przyznaje odznakę „Za opiekę nad zabytkami”?,Minister właściwy do spraw kultury i ochrony dziedzictwa narodowego,Wojewódzki konserwator zabytków,Prezydent Rzeczypospolitej Polskiej,Starosta,1,"Art. 106 ust. 2 stanowi, że odznakę „Za opiekę nad zabytkami” przyznaje minister właściwy do spraw kultury i ochrony dziedzictwa narodowego."
W jakiej wysokości może zostać nałożona kara pieniężna za działania wskazane w art. 107d podejmowane bez wymaganego pozwolenia lub niezgodnie z jego warunkami?,Od 100 do 10 000 zł,Od 500 do 500 000 zł,Od 1 000 do 1 000 000 zł,Wyłącznie 50 000 zł,2,Art. 107d przewiduje karę pieniężną w wysokości od 500 do 500 000 zł za wskazane w tym przepisie naruszenia.
Jaka kara grozi za podrobienie lub przerobienie zabytku w celu użycia go w obrocie zabytkami?,Wyłącznie kara grzywny do 500 zł,Wyłącznie kara administracyjna,"Grzywna, kara ograniczenia wolności albo pozbawienia wolności do lat 2",Pozbawienie wolności od 5 do 10 lat,3,"Art. 109a przewiduje za podrobienie lub przerobienie zabytku w celu użycia go w obrocie grzywnę, karę ograniczenia wolności albo pozbawienia wolności do lat 2."
Na podstawie jakich przepisów następuje orzekanie w sprawach określonych w art. 110–118 ustawy?,Kodeksu postępowania administracyjnego,Kodeksu postępowania cywilnego,Prawa o postępowaniu przed sądami administracyjnymi,Kodeksu postępowania w sprawach o wykroczenia,4,"Art. 120 stanowi, że orzekanie w sprawach określonych w art. 110–118 następuje na podstawie przepisów Kodeksu postępowania w sprawach o wykroczenia."
Kiedy ustawa o ochronie zabytków i opiece nad zabytkami wchodzi w życie zgodnie z art. 151?,Po upływie 60 dni od dnia ogłoszenia,Z dniem ogłoszenia,Po upływie 14 dni od dnia ogłoszenia,Z początkiem następnego roku kalendarzowego,1,"Art. 151 stanowi, że ustawa wchodzi w życie po upływie 60 dni od dnia ogłoszenia."
Które stwierdzenie jest zgodne z art. 1 ustawy?,Czynność ta zawsze wymaga uprzedniej zgody sądu administracyjnego.,"Ustawa określa przedmiot, zakres i formy ochrony zabytków oraz opieki nad nimi, zasady tworzenia krajowego programu ochrony zabytków i opieki nad zabytkami oraz finansowania prac konserwatorskich, restauratorskich i robót budowlanych przy zabytkach, a także organizację organów ochrony zabytków","Ustawa pozostawia tę kwestię wyłącznie uznaniu właściciela zabytku, bez udziału organów ochrony zabytków.",Przepis ma zastosowanie wyłącznie do zabytków znajdujących się poza terytorium Rzeczypospolitej Polskiej.,2,"Art. 1 ustawy przewiduje, że ustawa określa przedmiot, zakres i formy ochrony zabytków oraz opieki nad nimi, zasady tworzenia krajowego programu ochrony zabytków i opieki nad zabytkami oraz finansowania prac konserwatorskich, restauratorskich i robót budowlanych przy zabytkach, a także organizację organów ochrony zabytków."
Które stwierdzenie dotyczące rozwiązania przewidzianego w art. 2 jest prawidłowe?,"Ochronę materiałów archiwalnych wchodzących w skład narodowego zasobu archiwalnego regulują przepisy ustawy z dnia 21 lipca 1983 r. o narodowym zasobie archiwalnym i archiwach , z uwzględnieniem przepisów art. 14a ust. 2 oraz rozdziału 2a",Czynność ta zawsze wymaga uprzedniej zgody sądu administracyjnego.,"Ochronę materiałów archiwalnych wchodzących w skład narodowego zasobu archiwalnego regulują przepisy ustawy z dnia 14 lipca 1983 r. o narodowym zasobie archiwalnym i archiwach , z uwzględnieniem przepisów art. 14a ust. 2 oraz rozdziału 2a","Ustawa pozostawia tę kwestię wyłącznie uznaniu właściciela zabytku, bez udziału organów ochrony zabytków.",3,"Art. 2 ustawy przewiduje, że ochronę materiałów archiwalnych wchodzących w skład narodowego zasobu archiwalnego regulują przepisy ustawy z dnia 14 lipca 1983 r. o narodowym zasobie archiwalnym i archiwach , z uwzględnieniem przepisów art. 14a ust. 2 oraz rozdziału 2a."
Które z poniższych stwierdzeń prawidłowo oddaje treść art. 3 ustawy?,Czynność ta zawsze wymaga uprzedniej zgody sądu administracyjnego.,"Ustawa pozostawia tę kwestię wyłącznie uznaniu właściciela zabytku, bez udziału organów ochrony zabytków.",Przepis ma zastosowanie wyłącznie do zabytków znajdujących się poza terytorium Rzeczypospolitej Polskiej.,"Krajobraz kulturowy – postrzegana przez ludzi przestrzeń, zawierająca elementy przyrodnicze i wytwory cywilizacji, historycznie ukształtowana w wyniku działania czynników naturalnych i działalności człowieka",4,"Art. 3 ustawy przewiduje, że krajobraz kulturowy – postrzegana przez ludzi przestrzeń, zawierająca elementy przyrodnicze i wytwory cywilizacji, historycznie ukształtowana w wyniku działania czynników naturalnych i działalności człowieka."
Które stwierdzenie dotyczące rozwiązania przewidzianego w art. 4 jest prawidłowe?,Kontrolę stanu zachowania i przeznaczenia zabytków,Czynność ta zawsze wymaga uprzedniej zgody sądu administracyjnego.,"Ustawa pozostawia tę kwestię wyłącznie uznaniu właściciela zabytku, bez udziału organów ochrony zabytków.",Przepis ma zastosowanie wyłącznie do zabytków znajdujących się poza terytorium Rzeczypospolitej Polskiej.,1,"Art. 4 ustawy przewiduje, że kontrolę stanu zachowania i przeznaczenia zabytków."
Co wynika z art. 5 ustawy o ochronie zabytków i opiece nad zabytkami?,Czynność ta zawsze wymaga uprzedniej zgody sądu administracyjnego.,Korzystania z zabytku w sposób zapewniający trwałe zachowanie jego wartości,"Ustawa pozostawia tę kwestię wyłącznie uznaniu właściciela zabytku, bez udziału organów ochrony zabytków.",Przepis ma zastosowanie wyłącznie do zabytków znajdujących się poza terytorium Rzeczypospolitej Polskiej.,2,"Art. 5 ustawy przewiduje, że korzystania z zabytku w sposób zapewniający trwałe zachowanie jego wartości."
Które z poniższych stwierdzeń prawidłowo oddaje treść art. 6 ustawy?,"Ochronie mogą nie podlegać nazwy geograficzne, historyczne lub tradycyjne nazwy obiektu budowlanego, placu, ulicy lub jednostki osadniczej",Czynność ta zawsze wymaga uprzedniej zgody sądu administracyjnego.,"Ochronie mogą podlegać nazwy geograficzne, historyczne lub tradycyjne nazwy obiektu budowlanego, placu, ulicy lub jednostki osadniczej","Ustawa pozostawia tę kwestię wyłącznie uznaniu właściciela zabytku, bez udziału organów ochrony zabytków.",3,"Art. 6 ustawy przewiduje, że ochronie mogą podlegać nazwy geograficzne, historyczne lub tradycyjne nazwy obiektu budowlanego, placu, ulicy lub jednostki osadniczej."
Które stwierdzenie jest zgodne z art. 7 ustawy?,Formami ochrony zabytków są: 2) wpis do rejestru zabytków,Formami ochrony zabytków są: 1) wpis do gminnej ewidencji zabytków zabytków,Czynność ta zawsze wymaga uprzedniej zgody sądu administracyjnego.,Formami ochrony zabytków są: 1) wpis do rejestru zabytków,4,"Art. 7 ustawy przewiduje, że formami ochrony zabytków są: 1) wpis do rejestru zabytków."
Które stwierdzenie dotyczące rozwiązania przewidzianego w art. 8 jest prawidłowe?,Rejestr prowadzi się w formie odrębnych ksiąg dla zabytków: 1) nieruchomych,Rejestr prowadzi się w formie odrębnych ksiąg dla zabytków: 2) nieruchomych,Czynność ta zawsze wymaga uprzedniej zgody sądu administracyjnego.,"Ustawa pozostawia tę kwestię wyłącznie uznaniu właściciela zabytku, bez udziału organów ochrony zabytków.",1,"Art. 8 ustawy przewiduje, że rejestr prowadzi się w formie odrębnych ksiąg dla zabytków: 1) nieruchomych."
Które z poniższych stwierdzeń prawidłowo oddaje treść art. 9 ustawy?,"Wpisy, o których mowa w ust. 5, są wolne od opłat","Wpisy, o których mowa w ust. 4, są wolne od opłat","Wpisy, o których mowa w ust. 4, nie są wolne od opłat",Czynność ta zawsze wymaga uprzedniej zgody sądu administracyjnego.,2,"Art. 9 ustawy przewiduje, że wpisy, o których mowa w ust. 4, są wolne od opłat."
Które stwierdzenie dotyczące rozwiązania przewidzianego w art. 10 jest prawidłowe?,Do rejestru wpisuje się zabytek ruchomy na podstawie decyzji wydanej przez wojewódzkiego konserwatora zabytków wyłącznie z urzędu właściciela tego zabytku,Czynność ta zawsze wymaga uprzedniej zgody sądu administracyjnego.,Do rejestru wpisuje się zabytek ruchomy na podstawie decyzji wydanej przez wojewódzkiego konserwatora zabytków na wniosek właściciela tego zabytku,"Ustawa pozostawia tę kwestię wyłącznie uznaniu właściciela zabytku, bez udziału organów ochrony zabytków.",3,"Art. 10 ustawy przewiduje, że do rejestru wpisuje się zabytek ruchomy na podstawie decyzji wydanej przez wojewódzkiego konserwatora zabytków na wniosek właściciela tego zabytku."
Co wynika z art. 10a ustawy o ochronie zabytków i opiece nad zabytkami?,"Zakaz, o którym mowa w ust. 2, dotyczy także robót budowlanych objętych pozwoleniem na budowę albo zgłoszeniem, a także działań określonych w innej decyzji pozwalającej na ich prowadzenie",Czynność ta zawsze wymaga uprzedniej zgody sądu administracyjnego.,"Ustawa pozostawia tę kwestię wyłącznie uznaniu właściciela zabytku, bez udziału organów ochrony zabytków.","Zakaz, o którym mowa w ust. 1, dotyczy także robót budowlanych objętych pozwoleniem na budowę albo zgłoszeniem, a także działań określonych w innej decyzji pozwalającej na ich prowadzenie",4,"Art. 10a ustawy przewiduje, że zakaz, o którym mowa w ust. 1, dotyczy także robót budowlanych objętych pozwoleniem na budowę albo zgłoszeniem, a także działań określonych w innej decyzji pozwalającej na ich prowadzenie."
Które z poniższych stwierdzeń prawidłowo oddaje treść art. 11 ustawy?,Do rejestru nie wpisuje się zabytku: 1) wpisanego na Listę Skarbów Dziedzictwa,Do rejestru nie wpisuje się zabytku: 2) wpisanego na Listę Skarbów Dziedzictwa,Czynność ta zawsze wymaga uprzedniej zgody sądu administracyjnego.,"Ustawa pozostawia tę kwestię wyłącznie uznaniu właściciela zabytku, bez udziału organów ochrony zabytków.",1,"Art. 11 ustawy przewiduje, że do rejestru nie wpisuje się zabytku: 1) wpisanego na Listę Skarbów Dziedzictwa."
Które stwierdzenie jest zgodne z art. 12 ustawy?,"wojewódzki konserwator zabytków, w uzgodnieniu z wojewódzkim konserwatorem zabytków, może umieszczać na zabytku nieruchomym wpisanym do rejestru znak informujący o tym, iż zabytek ten podlega ochronie","Starosta, w uzgodnieniu z wojewódzkim konserwatorem zabytków, może umieszczać na zabytku nieruchomym wpisanym do rejestru znak informujący o tym, iż zabytek ten podlega ochronie","Generalny Konserwator Zabytków, w uzgodnieniu z wojewódzkim konserwatorem zabytków, może umieszczać na zabytku nieruchomym wpisanym do rejestru znak informujący o tym, iż zabytek ten podlega ochronie","minister właściwy do spraw kultury i ochrony dziedzictwa narodowego, w uzgodnieniu z wojewódzkim konserwatorem zabytków, może umieszczać na zabytku nieruchomym wpisanym do rejestru znak informujący o tym, iż zabytek ten podlega ochronie",2,"Art. 12 ustawy przewiduje, że starosta, w uzgodnieniu z wojewódzkim konserwatorem zabytków, może umieszczać na zabytku nieruchomym wpisanym do rejestru znak informujący o tym, iż zabytek ten podlega ochronie."
Co wynika z art. 13 ustawy o ochronie zabytków i opiece nad zabytkami?,Czynność ta zawsze wymaga uprzedniej zgody sądu administracyjnego.,"Ustawa pozostawia tę kwestię wyłącznie uznaniu właściciela zabytku, bez udziału organów ochrony zabytków.",Został wpisany do inwentarza muzeum,Przepis ma zastosowanie wyłącznie do zabytków znajdujących się poza terytorium Rzeczypospolitej Polskiej.,3,"Art. 13 ustawy przewiduje, że został wpisany do inwentarza muzeum."
Które z poniższych stwierdzeń prawidłowo oddaje treść art. 14 ustawy?,Na wniosek wojewódzkiego konserwatora zabytków informację o skreśleniu zabytku ruchomego z rejestru ogłasza się w wojewódzkim dzienniku urzędowym,Czynność ta zawsze wymaga uprzedniej zgody sądu administracyjnego.,"Ustawa pozostawia tę kwestię wyłącznie uznaniu właściciela zabytku, bez udziału organów ochrony zabytków.",Na wniosek wojewódzkiego konserwatora zabytków informację o skreśleniu zabytku nieruchomego z rejestru ogłasza się w wojewódzkim dzienniku urzędowym,4,"Art. 14 ustawy przewiduje, że na wniosek wojewódzkiego konserwatora zabytków informację o skreśleniu zabytku nieruchomego z rejestru ogłasza się w wojewódzkim dzienniku urzędowym."
Które stwierdzenie jest zgodne z art. 14a ustawy?,Listę Skarbów Dziedzictwa prowadzi minister właściwy do spraw kultury i ochrony dziedzictwa narodowego,Listę Skarbów Dziedzictwa prowadzi wojewódzki konserwator zabytków,Listę Skarbów Dziedzictwa prowadzi Generalny Konserwator Zabytków,Listę Skarbów Dziedzictwa prowadzi starosta,1,"Art. 14a ustawy przewiduje, że listę Skarbów Dziedzictwa prowadzi minister właściwy do spraw kultury i ochrony dziedzictwa narodowego."
Co wynika z art. 14aa ustawy o ochronie zabytków i opiece nad zabytkami?,Przepisu ust. 2 nie stosuje się do zabytku: 1) wpisanego do rejestru,Przepisu ust. 1 nie stosuje się do zabytku: 1) wpisanego do rejestru,Przepisu ust. 1 nie stosuje się do zabytku: 1) wpisanego do gminnej ewidencji zabytków,Czynność ta zawsze wymaga uprzedniej zgody sądu administracyjnego.,2,"Art. 14aa ustawy przewiduje, że przepisu ust. 1 nie stosuje się do zabytku: 1) wpisanego do rejestru."
Które z poniższych stwierdzeń prawidłowo oddaje treść art. 14b ustawy?,Postępowanie w sprawie skreślenia zabytku z Listy Skarbów Dziedzictwa wszczyna się z urzędu albo na wniosek właściciela zabytku nieruchomego,Postępowanie w sprawie skreślenia zabytku z Listy Skarbów Dziedzictwa wszczyna się wyłącznie na wniosek strony albo na wniosek właściciela zabytku ruchomego,Postępowanie w sprawie skreślenia zabytku z Listy Skarbów Dziedzictwa wszczyna się z urzędu albo na wniosek właściciela zabytku ruchomego,Postępowanie w sprawie skreślenia zabytku z Listy Skarbów Dziedzictwa wszczyna się z urzędu albo wyłącznie z urzędu właściciela zabytku ruchomego,3,"Art. 14b ustawy przewiduje, że postępowanie w sprawie skreślenia zabytku z Listy Skarbów Dziedzictwa wszczyna się z urzędu albo na wniosek właściciela zabytku ruchomego."
Które stwierdzenie jest zgodne z art. 15 ustawy?,"wojewódzki konserwator zabytków może złożyć wniosek, o którym mowa w ust. 1, po uzyskaniu opinii Rady Ochrony Zabytków","Generalny Konserwator Zabytków może złożyć wniosek, o którym mowa w ust. 1, po uzyskaniu opinii Rady Ochrony Zabytków","starosta może złożyć wniosek, o którym mowa w ust. 1, po uzyskaniu opinii Rady Ochrony Zabytków","Minister właściwy do spraw kultury i ochrony dziedzictwa narodowego może złożyć wniosek, o którym mowa w ust. 1, po uzyskaniu opinii Rady Ochrony Zabytków",4,"Art. 15 ustawy przewiduje, że minister właściwy do spraw kultury i ochrony dziedzictwa narodowego może złożyć wniosek, o którym mowa w ust. 1, po uzyskaniu opinii Rady Ochrony Zabytków."
Co wynika z art. 16 ustawy o ochronie zabytków i opiece nad zabytkami?,"Dla obszarów, na których utworzono park kulturowy, sporządza się obowiązkowo miejscowy plan zagospodarowania przestrzennego",Czynność ta zawsze wymaga uprzedniej zgody sądu administracyjnego.,"Ustawa pozostawia tę kwestię wyłącznie uznaniu właściciela zabytku, bez udziału organów ochrony zabytków.",Przepis ma zastosowanie wyłącznie do zabytków znajdujących się poza terytorium Rzeczypospolitej Polskiej.,1,"Art. 16 ustawy przewiduje, że dla obszarów, na których utworzono park kulturowy, sporządza się obowiązkowo miejscowy plan zagospodarowania przestrzennego."
Które z poniższych stwierdzeń prawidłowo oddaje treść art. 17 ustawy?,"Na terenie parku kulturowego lub jego części mogą być ustanowione zakazy i ograniczenia dotyczące: 2) prowadzenia robót budowlanych oraz działalności przemysłowej, rolniczej, hodowlanej, handlowej lub usługowej","Na terenie parku kulturowego lub jego części mogą być ustanowione zakazy i ograniczenia dotyczące: 1) prowadzenia robót budowlanych oraz działalności przemysłowej, rolniczej, hodowlanej, handlowej lub usługowej",Czynność ta zawsze wymaga uprzedniej zgody sądu administracyjnego.,"Ustawa pozostawia tę kwestię wyłącznie uznaniu właściciela zabytku, bez udziału organów ochrony zabytków.",2,"Art. 17 ustawy przewiduje, że na terenie parku kulturowego lub jego części mogą być ustanowione zakazy i ograniczenia dotyczące: 1) prowadzenia robót budowlanych oraz działalności przemysłowej, rolniczej, hodowlanej, handlowej lub usługowej."
Które stwierdzenie jest zgodne z art. 18 ustawy?,Czynność ta zawsze wymaga uprzedniej zgody sądu administracyjnego.,"Ustawa pozostawia tę kwestię wyłącznie uznaniu właściciela zabytku, bez udziału organów ochrony zabytków.",Ustala się przeznaczenie i zasady zagospodarowania terenu uwzględniające opiekę nad zabytkami,Przepis ma zastosowanie wyłącznie do zabytków znajdujących się poza terytorium Rzeczypospolitej Polskiej.,3,"Art. 18 ustawy przewiduje, że ustala się przeznaczenie i zasady zagospodarowania terenu uwzględniające opiekę nad zabytkami."
Co wynika z art. 19 ustawy o ochronie zabytków i opiece nad zabytkami?,Czynność ta zawsze wymaga uprzedniej zgody sądu administracyjnego.,"Ustawa pozostawia tę kwestię wyłącznie uznaniu właściciela zabytku, bez udziału organów ochrony zabytków.",Przepis ma zastosowanie wyłącznie do zabytków znajdujących się poza terytorium Rzeczypospolitej Polskiej.,Ujętych w wojewódzkiej lub gminnej ewidencji zabytków,4,"Art. 19 ustawy przewiduje, że ujętych w wojewódzkiej lub gminnej ewidencji zabytków."
Które z poniższych stwierdzeń prawidłowo oddaje treść art. 20 ustawy?,Projekty i zmiany planu zagospodarowania przestrzennego województwa oraz miejscowego planu zagospodarowania przestrzennego podlegają uzgodnieniu z wojewódzkim konserwatorem zabytków w zakresie kształtowania zabudowy i zagospodarowania terenu,Projekty i zmiany planu zagospodarowania przestrzennego województwa oraz miejscowego planu zagospodarowania przestrzennego nie podlegają uzgodnieniu z wojewódzkim konserwatorem zabytków w zakresie kształtowania zabudowy i zagospodarowania terenu,Czynność ta zawsze wymaga uprzedniej zgody sądu administracyjnego.,"Ustawa pozostawia tę kwestię wyłącznie uznaniu właściciela zabytku, bez udziału organów ochrony zabytków.",1,"Art. 20 ustawy przewiduje, że projekty i zmiany planu zagospodarowania przestrzennego województwa oraz miejscowego planu zagospodarowania przestrzennego podlegają uzgodnieniu z wojewódzkim konserwatorem zabytków w zakresie kształtowania zabudowy i zagospodarowania terenu."
Które stwierdzenie jest zgodne z art. 21 ustawy?,"Ewidencja zabytków nie jest podstawą do sporządzania programów opieki nad zabytkami przez województwa, powiaty i gminy","Ewidencja zabytków jest podstawą do sporządzania programów opieki nad zabytkami przez województwa, powiaty i gminy",Czynność ta zawsze wymaga uprzedniej zgody sądu administracyjnego.,"Ustawa pozostawia tę kwestię wyłącznie uznaniu właściciela zabytku, bez udziału organów ochrony zabytków.",2,"Art. 21 ustawy przewiduje, że ewidencja zabytków jest podstawą do sporządzania programów opieki nad zabytkami przez województwa, powiaty i gminy."
Co wynika z art. 22 ustawy o ochronie zabytków i opiece nad zabytkami?,Inne zabytki nieruchome znajdujące się w gminnej ewidencji zabytków,Czynność ta zawsze wymaga uprzedniej zgody sądu administracyjnego.,Inne zabytki nieruchome znajdujące się w wojewódzkiej ewidencji zabytków,"Ustawa pozostawia tę kwestię wyłącznie uznaniu właściciela zabytku, bez udziału organów ochrony zabytków.",3,"Art. 22 ustawy przewiduje, że inne zabytki nieruchome znajdujące się w wojewódzkiej ewidencji zabytków."
Które z poniższych stwierdzeń prawidłowo oddaje treść art. 23 ustawy?,"wojewódzki konserwator zabytków prowadzi, w formie zbioru kart informacyjnych, krajowy wykaz zabytków skradzionych lub wywiezionych za granicę niezgodnie z prawem","minister właściwy do spraw kultury i ochrony dziedzictwa narodowego prowadzi, w formie zbioru kart informacyjnych, krajowy wykaz zabytków skradzionych lub wywiezionych za granicę niezgodnie z prawem","starosta prowadzi, w formie zbioru kart informacyjnych, krajowy wykaz zabytków skradzionych lub wywiezionych za granicę niezgodnie z prawem","Generalny Konserwator Zabytków prowadzi, w formie zbioru kart informacyjnych, krajowy wykaz zabytków skradzionych lub wywiezionych za granicę niezgodnie z prawem",4,"Art. 23 ustawy przewiduje, że generalny Konserwator Zabytków prowadzi, w formie zbioru kart informacyjnych, krajowy wykaz zabytków skradzionych lub wywiezionych za granicę niezgodnie z prawem."
Które stwierdzenie jest zgodne z art. 24 ustawy?,Rejestr zabytków prowadzi się w formie odrębnych ksiąg dla poszczególnych rodzajów zabytków,Czynność ta zawsze wymaga uprzedniej zgody sądu administracyjnego.,"Ustawa pozostawia tę kwestię wyłącznie uznaniu właściciela zabytku, bez udziału organów ochrony zabytków.",Przepis ma zastosowanie wyłącznie do zabytków znajdujących się poza terytorium Rzeczypospolitej Polskiej.,1,"Art. 24 ustawy przewiduje, że rejestr zabytków prowadzi się w formie odrębnych ksiąg dla poszczególnych rodzajów zabytków."
Co wynika z art. 24a ustawy o ochronie zabytków i opiece nad zabytkami?,"Wniosek, o którym mowa w ust. 4, składa się na urzędowym formularzu","Wniosek, o którym mowa w ust. 3, składa się na urzędowym formularzu",Czynność ta zawsze wymaga uprzedniej zgody sądu administracyjnego.,"Ustawa pozostawia tę kwestię wyłącznie uznaniu właściciela zabytku, bez udziału organów ochrony zabytków.",2,"Art. 24a ustawy przewiduje, że wniosek, o którym mowa w ust. 3, składa się na urzędowym formularzu."
Które z poniższych stwierdzeń prawidłowo oddaje treść art. 24b ustawy?,Decyzja nie podlega natychmiastowemu wykonaniu,Czynność ta zawsze wymaga uprzedniej zgody sądu administracyjnego.,Decyzja podlega natychmiastowemu wykonaniu,"Ustawa pozostawia tę kwestię wyłącznie uznaniu właściciela zabytku, bez udziału organów ochrony zabytków.",3,"Art. 24b ustawy przewiduje, że decyzja podlega natychmiastowemu wykonaniu."
Które stwierdzenie jest zgodne z art. 24c ustawy?,"Krajowy rejestr utraconych dóbr kultury, prowadzony w systemie teleinformatycznym, nie jest jawny",Czynność ta zawsze wymaga uprzedniej zgody sądu administracyjnego.,"Ustawa pozostawia tę kwestię wyłącznie uznaniu właściciela zabytku, bez udziału organów ochrony zabytków.","Krajowy rejestr utraconych dóbr kultury, prowadzony w systemie teleinformatycznym, jest jawny",4,"Art. 24c ustawy przewiduje, że krajowy rejestr utraconych dóbr kultury, prowadzony w systemie teleinformatycznym, jest jawny."
Co wynika z art. 24d ustawy o ochronie zabytków i opiece nad zabytkami?,Od dnia dokonania wpisu w krajowym rejestrze utraconych dóbr kultury nikt nie może zasłaniać się nieznajomością danych ujawnionych w tym rejestrze,Od dnia dokonania wpisu w krajowym rejestrze utraconych dóbr kultury nikt nie nie może zasłaniać się nieznajomością danych ujawnionych w tym rejestrze,Od dnia dokonania wpisu w krajowym rejestrze utraconych dóbr kultury nikt może zasłaniać się nieznajomością danych ujawnionych w tym rejestrze,Czynność ta zawsze wymaga uprzedniej zgody sądu administracyjnego.,1,"Art. 24d ustawy przewiduje, że od dnia dokonania wpisu w krajowym rejestrze utraconych dóbr kultury nikt nie może zasłaniać się nieznajomością danych ujawnionych w tym rejestrze."
Które z poniższych stwierdzeń prawidłowo oddaje treść art. 24e ustawy?,Czynność ta zawsze wymaga uprzedniej zgody sądu administracyjnego.,Dane będące podstawą wpisu okazały się nieprawdziwe,"Ustawa pozostawia tę kwestię wyłącznie uznaniu właściciela zabytku, bez udziału organów ochrony zabytków.",Przepis ma zastosowanie wyłącznie do zabytków znajdujących się poza terytorium Rzeczypospolitej Polskiej.,2,"Art. 24e ustawy przewiduje, że dane będące podstawą wpisu okazały się nieprawdziwe."
Które stwierdzenie jest zgodne z art. 25 ustawy?,"Uzgodnionego z wojewódzkim konserwatorem zabytków programu zagospodarowania zabytku ruchomego wraz z otoczeniem oraz dalszego korzystania z tego zabytku, z uwzględnieniem wyeksponowania jego wartości",Czynność ta zawsze wymaga uprzedniej zgody sądu administracyjnego.,"Uzgodnionego z wojewódzkim konserwatorem zabytków programu zagospodarowania zabytku nieruchomego wraz z otoczeniem oraz dalszego korzystania z tego zabytku, z uwzględnieniem wyeksponowania jego wartości","Ustawa pozostawia tę kwestię wyłącznie uznaniu właściciela zabytku, bez udziału organów ochrony zabytków.",3,"Art. 25 ustawy przewiduje, że uzgodnionego z wojewódzkim konserwatorem zabytków programu zagospodarowania zabytku nieruchomego wraz z otoczeniem oraz dalszego korzystania z tego zabytku, z uwzględnieniem wyeksponowania jego wartości."
Co wynika z art. 26 ustawy o ochronie zabytków i opiece nad zabytkami?,Przepis ust. 2 stosuje się odpowiednio do decyzji o oddaniu w trwały zarząd zabytku nieruchomego wpisanego do rejestru,Przepis ust. 1 stosuje się odpowiednio do decyzji o oddaniu w trwały zarząd zabytku ruchomego wpisanego do rejestru,Przepis ust. 1 stosuje się odpowiednio do decyzji o oddaniu w trwały zarząd zabytku nieruchomego wpisanego do gminnej ewidencji zabytków,Przepis ust. 1 stosuje się odpowiednio do decyzji o oddaniu w trwały zarząd zabytku nieruchomego wpisanego do rejestru,4,"Art. 26 ustawy przewiduje, że przepis ust. 1 stosuje się odpowiednio do decyzji o oddaniu w trwały zarząd zabytku nieruchomego wpisanego do rejestru."
Które z poniższych stwierdzeń prawidłowo oddaje treść art. 27 ustawy?,"Na wniosek właściciela lub posiadacza zabytku wojewódzki konserwator zabytków przedstawia, w formie pisemnej, zalecenia konserwatorskie, określające sposób korzystania z zabytku, jego zabezpieczenia i wykonania prac konserwatorskich, a także zakres dopuszczalnych zmian, które mogą być wprowadzone w tym zabytku","Na wniosek właściciela lub posiadacza zabytku Generalny Konserwator Zabytków przedstawia, w formie pisemnej, zalecenia konserwatorskie, określające sposób korzystania z zabytku, jego zabezpieczenia i wykonania prac konserwatorskich, a także zakres dopuszczalnych zmian, które mogą być wprowadzone w tym zabytku","Na wniosek właściciela lub posiadacza zabytku minister właściwy do spraw kultury i ochrony dziedzictwa narodowego przedstawia, w formie pisemnej, zalecenia konserwatorskie, określające sposób korzystania z zabytku, jego zabezpieczenia i wykonania prac konserwatorskich, a także zakres dopuszczalnych zmian, które mogą być wprowadzone w tym zabytku","Na wniosek właściciela lub posiadacza zabytku starosta przedstawia, w formie pisemnej, zalecenia konserwatorskie, określające sposób korzystania z zabytku, jego zabezpieczenia i wykonania prac konserwatorskich, a także zakres dopuszczalnych zmian, które mogą być wprowadzone w tym zabytku",1,"Art. 27 ustawy przewiduje, że na wniosek właściciela lub posiadacza zabytku wojewódzki konserwator zabytków przedstawia, w formie pisemnej, zalecenia konserwatorskie, określające sposób korzystania z zabytku, jego zabezpieczenia i wykonania prac konserwatorskich, a także zakres dopuszczalnych zmian, które mogą być wprowadzone w tym zabytku."
Które stwierdzenie jest zgodne z art. 28 ustawy?,Zmianie miejsca przechowania zabytku nieruchomego w terminie miesiąca od dnia nastąpienia tej zmiany,Zmianie miejsca przechowania zabytku ruchomego w terminie miesiąca od dnia nastąpienia tej zmiany,Czynność ta zawsze wymaga uprzedniej zgody sądu administracyjnego.,"Ustawa pozostawia tę kwestię wyłącznie uznaniu właściciela zabytku, bez udziału organów ochrony zabytków.",2,"Art. 28 ustawy przewiduje, że zmianie miejsca przechowania zabytku ruchomego w terminie miesiąca od dnia nastąpienia tej zmiany."
Co wynika z art. 29 ustawy o ochronie zabytków i opiece nad zabytkami?,Przepisu ust. 2 nie stosuje się do przedmiotu będącego zabytkiem wpisanym na Listę Skarbów Dziedzictwa,Czynność ta zawsze wymaga uprzedniej zgody sądu administracyjnego.,Przepisu ust. 1 nie stosuje się do przedmiotu będącego zabytkiem wpisanym na Listę Skarbów Dziedzictwa,"Ustawa pozostawia tę kwestię wyłącznie uznaniu właściciela zabytku, bez udziału organów ochrony zabytków.",3,"Art. 29 ustawy przewiduje, że przepisu ust. 1 nie stosuje się do przedmiotu będącego zabytkiem wpisanym na Listę Skarbów Dziedzictwa."
Które z poniższych stwierdzeń prawidłowo oddaje treść art. 30 ustawy?,Właściciel lub posiadacz zabytku ruchomego bądź nieruchomości o cechach zabytku jest obowiązany udostępnić ten zabytek bądź nieruchomość wykonawcy badań w celu ich przeprowadzenia,Właściciel lub posiadacz zabytku nieruchomego bądź nieruchomości o cechach zabytku nie jest obowiązany udostępnić ten zabytek bądź nieruchomość wykonawcy badań w celu ich przeprowadzenia,Czynność ta zawsze wymaga uprzedniej zgody sądu administracyjnego.,Właściciel lub posiadacz zabytku nieruchomego bądź nieruchomości o cechach zabytku jest obowiązany udostępnić ten zabytek bądź nieruchomość wykonawcy badań w celu ich przeprowadzenia,4,"Art. 30 ustawy przewiduje, że właściciel lub posiadacz zabytku nieruchomego bądź nieruchomości o cechach zabytku jest obowiązany udostępnić ten zabytek bądź nieruchomość wykonawcy badań w celu ich przeprowadzenia."
Które stwierdzenie jest zgodne z art. 31 ustawy?,"Egzemplarz dokumentacji badań, o których mowa w ust. 1a, podlega po ich zakończeniu nieodpłatnemu przekazaniu wojewódzkiemu konserwatorowi zabytków","Egzemplarz dokumentacji badań, o których mowa w ust. 1a, nie podlega po ich zakończeniu nieodpłatnemu przekazaniu wojewódzkiemu konserwatorowi zabytków",Czynność ta zawsze wymaga uprzedniej zgody sądu administracyjnego.,"Ustawa pozostawia tę kwestię wyłącznie uznaniu właściciela zabytku, bez udziału organów ochrony zabytków.",1,"Art. 31 ustawy przewiduje, że egzemplarz dokumentacji badań, o których mowa w ust. 1a, podlega po ich zakończeniu nieodpłatnemu przekazaniu wojewódzkiemu konserwatorowi zabytków."
Co wynika z art. 32 ustawy o ochronie zabytków i opiece nad zabytkami?,Przepisy ust. 2 pkt 1 i 2 i ust. 3–8 stosuje się odpowiednio,Przepisy ust. 1 pkt 1 i 2 i ust. 3–8 stosuje się odpowiednio,Czynność ta zawsze wymaga uprzedniej zgody sądu administracyjnego.,"Ustawa pozostawia tę kwestię wyłącznie uznaniu właściciela zabytku, bez udziału organów ochrony zabytków.",2,"Art. 32 ustawy przewiduje, że przepisy ust. 1 pkt 1 i 2 i ust. 3–8 stosuje się odpowiednio."
Które z poniższych stwierdzeń prawidłowo oddaje treść art. 33 ustawy?,"O znalezieniu przedmiotu, o którym mowa w ust. 2, na polskich obszarach morskich należy niezwłocznie zawiadomić właściwego dyrektora urzędu morskiego",Czynność ta zawsze wymaga uprzedniej zgody sądu administracyjnego.,"O znalezieniu przedmiotu, o którym mowa w ust. 1, na polskich obszarach morskich należy niezwłocznie zawiadomić właściwego dyrektora urzędu morskiego","Ustawa pozostawia tę kwestię wyłącznie uznaniu właściciela zabytku, bez udziału organów ochrony zabytków.",3,"Art. 33 ustawy przewiduje, że o znalezieniu przedmiotu, o którym mowa w ust. 1, na polskich obszarach morskich należy niezwłocznie zawiadomić właściwego dyrektora urzędu morskiego."
Które stwierdzenie jest zgodne z art. 33a ustawy?,Czynność ta zawsze wymaga uprzedniej zgody sądu administracyjnego.,"Ustawa pozostawia tę kwestię wyłącznie uznaniu właściciela zabytku, bez udziału organów ochrony zabytków.",Przepis ma zastosowanie wyłącznie do zabytków znajdujących się poza terytorium Rzeczypospolitej Polskiej.,W zawiadomieniu należy wskazać lokalizację znalezionych przedmiotów,4,"Art. 33a ustawy przewiduje, że w zawiadomieniu należy wskazać lokalizację znalezionych przedmiotów."
Co wynika z art. 34 ustawy o ochronie zabytków i opiece nad zabytkami?,Przepisu ust. 1 nie stosuje się do osób zajmujących się zawodowo badaniami archeologicznymi lub zatrudnionych w grupach zorganizowanych w celu prowadzenia takich badań,Przepisu ust. 2 nie stosuje się do osób zajmujących się zawodowo badaniami archeologicznymi lub zatrudnionych w grupach zorganizowanych w celu prowadzenia takich badań,Czynność ta zawsze wymaga uprzedniej zgody sądu administracyjnego.,"Ustawa pozostawia tę kwestię wyłącznie uznaniu właściciela zabytku, bez udziału organów ochrony zabytków.",1,"Art. 34 ustawy przewiduje, że przepisu ust. 1 nie stosuje się do osób zajmujących się zawodowo badaniami archeologicznymi lub zatrudnionych w grupach zorganizowanych w celu prowadzenia takich badań."
Które z poniższych stwierdzeń prawidłowo oddaje treść art. 35 ustawy?,Czynność ta zawsze wymaga uprzedniej zgody sądu administracyjnego.,Przeprowadzenie inwentaryzacji i odpowiednich prac konserwatorskich,"Ustawa pozostawia tę kwestię wyłącznie uznaniu właściciela zabytku, bez udziału organów ochrony zabytków.",Przepis ma zastosowanie wyłącznie do zabytków znajdujących się poza terytorium Rzeczypospolitej Polskiej.,2,"Art. 35 ustawy przewiduje, że przeprowadzenie inwentaryzacji i odpowiednich prac konserwatorskich."
Które stwierdzenie dotyczące rozwiązania przewidzianego w art. 36 jest prawidłowe (zagadnienie 1)?,Przemieszczanie zabytku ruchomego wpisanego do rejestru,Przemieszczanie zabytku nieruchomego wpisanego do gminnej ewidencji zabytków,Przemieszczanie zabytku nieruchomego wpisanego do rejestru,Czynność ta zawsze wymaga uprzedniej zgody sądu administracyjnego.,3,"Art. 36 ustawy przewiduje, że przemieszczanie zabytku nieruchomego wpisanego do rejestru."
Co wynika z art. 36a ustawy o ochronie zabytków i opiece nad zabytkami?,"Osoba fizyczna lub jednostka organizacyjna występująca z wnioskiem o pozwolenie na prowadzenie robót budowlanych przy zabytku nieruchomym wpisanym do gminnej ewidencji zabytków jest obowiązana zapewnić kierowanie tymi robotami oraz wykonywanie nadzoru inwestorskiego przez osoby spełniające wymagania, o których mowa w art. 37c","Osoba fizyczna lub jednostka organizacyjna występująca z wnioskiem o pozwolenie na prowadzenie robót budowlanych przy zabytku nieruchomym wpisanym do rejestru jest obowiązana zapewnić kierowanie tymi robotami oraz wykonywanie nadzoru inwestorskiego przez osoby spełniające nie wymagania, o których mowa w art. 37c","Osoba fizyczna lub jednostka organizacyjna występująca z wnioskiem o pozwolenie na prowadzenie robót budowlanych przy zabytku nieruchomym wpisanym do rejestru nie jest obowiązana zapewnić kierowanie tymi robotami oraz wykonywanie nadzoru inwestorskiego przez osoby spełniające wymagania, o których mowa w art. 37c","Osoba fizyczna lub jednostka organizacyjna występująca z wnioskiem o pozwolenie na prowadzenie robót budowlanych przy zabytku nieruchomym wpisanym do rejestru jest obowiązana zapewnić kierowanie tymi robotami oraz wykonywanie nadzoru inwestorskiego przez osoby spełniające wymagania, o których mowa w art. 37c",4,"Art. 36a ustawy przewiduje, że osoba fizyczna lub jednostka organizacyjna występująca z wnioskiem o pozwolenie na prowadzenie robót budowlanych przy zabytku nieruchomym wpisanym do rejestru jest obowiązana zapewnić kierowanie tymi robotami oraz wykonywanie nadzoru inwestorskiego przez osoby spełniające wymagania, o których mowa w art. 37c."
Które stwierdzenie dotyczące rozwiązania przewidzianego w art. 36b jest prawidłowe?,"Termin oraz zakres terenowy prowadzenia poszukiwań, o których mowa w ust. 1","Termin oraz zakres terenowy prowadzenia poszukiwań, o których mowa w ust. 2",Czynność ta zawsze wymaga uprzedniej zgody sądu administracyjnego.,"Ustawa pozostawia tę kwestię wyłącznie uznaniu właściciela zabytku, bez udziału organów ochrony zabytków.",1,"Art. 36b ustawy przewiduje, że termin oraz zakres terenowy prowadzenia poszukiwań, o których mowa w ust. 1."
Które stwierdzenie jest zgodne z art. 36c ustawy?,"Przepisy art. 10a stosuje się odpowiednio w przypadkach, o których mowa w ust. 2 pkt 1","Przepisy art. 10a stosuje się odpowiednio w przypadkach, o których mowa w ust. 1 pkt 1",Czynność ta zawsze wymaga uprzedniej zgody sądu administracyjnego.,"Ustawa pozostawia tę kwestię wyłącznie uznaniu właściciela zabytku, bez udziału organów ochrony zabytków.",2,"Art. 36c ustawy przewiduje, że przepisy art. 10a stosuje się odpowiednio w przypadkach, o których mowa w ust. 1 pkt 1."
Które stwierdzenie dotyczące rozwiązania przewidzianego w art. 36d jest prawidłowe?,Zapewnia integralność danych w gminnej ewidencji zabytków poszukiwań,Czynność ta zawsze wymaga uprzedniej zgody sądu administracyjnego.,Zapewnia integralność danych w rejestrze poszukiwań,"Ustawa pozostawia tę kwestię wyłącznie uznaniu właściciela zabytku, bez udziału organów ochrony zabytków.",3,"Art. 36d ustawy przewiduje, że zapewnia integralność danych w rejestrze poszukiwań."
Które z poniższych stwierdzeń prawidłowo oddaje treść art. 37 ustawy?,"Tryb wydawania pozwoleń, o których mowa w art. 43 ust. 1–1b",Czynność ta zawsze wymaga uprzedniej zgody sądu administracyjnego.,"Ustawa pozostawia tę kwestię wyłącznie uznaniu właściciela zabytku, bez udziału organów ochrony zabytków.","Tryb wydawania pozwoleń, o których mowa w art. 36 ust. 1–1b",4,"Art. 37 ustawy przewiduje, że tryb wydawania pozwoleń, o których mowa w art. 36 ust. 1–1b."
Które stwierdzenie dotyczące rozwiązania przewidzianego w art. 37a jest prawidłowe?,"Przepisy ust. 1 i 2 stosuje się do osób, które samodzielnie wykonują prace konserwatorskie, prace restauratorskie lub badania konserwatorskie, prowadzone przy zabytkach wpisanych do rejestru","Przepisy ust. 2 i 2 stosuje się do osób, które samodzielnie wykonują prace konserwatorskie, prace restauratorskie lub badania konserwatorskie, prowadzone przy zabytkach wpisanych do rejestru","Przepisy ust. 1 i 2 stosuje się do osób, które samodzielnie wykonują prace konserwatorskie, prace restauratorskie lub badania konserwatorskie, prowadzone przy zabytkach wpisanych do gminnej ewidencji zabytków",Czynność ta zawsze wymaga uprzedniej zgody sądu administracyjnego.,1,"Art. 37a ustawy przewiduje, że przepisy ust. 1 i 2 stosuje się do osób, które samodzielnie wykonują prace konserwatorskie, prace restauratorskie lub badania konserwatorskie, prowadzone przy zabytkach wpisanych do rejestru."
Co wynika z art. 37b ustawy o ochronie zabytków i opiece nad zabytkami?,"Przepis ust. 2 stosuje się do osób, które samodzielnie wykonują prace konserwatorskie oraz prace restauratorskie, prowadzone przy zabytkach będących parkami wpisanymi do rejestru albo innego rodzaju zorganizowaną zielenią wpisaną do rejestru","Przepis ust. 1 stosuje się do osób, które samodzielnie wykonują prace konserwatorskie oraz prace restauratorskie, prowadzone przy zabytkach będących parkami wpisanymi do rejestru albo innego rodzaju zorganizowaną zielenią wpisaną do rejestru","Przepis ust. 1 stosuje się do osób, które samodzielnie wykonują prace konserwatorskie oraz prace restauratorskie, prowadzone przy zabytkach będących parkami wpisanymi do gminnej ewidencji zabytków albo innego rodzaju zorganizowaną zielenią wpisaną do rejestru",Czynność ta zawsze wymaga uprzedniej zgody sądu administracyjnego.,2,"Art. 37b ustawy przewiduje, że przepis ust. 1 stosuje się do osób, które samodzielnie wykonują prace konserwatorskie oraz prace restauratorskie, prowadzone przy zabytkach będących parkami wpisanymi do rejestru albo innego rodzaju zorganizowaną zielenią wpisaną do rejestru."
Które stwierdzenie dotyczące rozwiązania przewidzianego w art. 37c jest prawidłowe?,"Robotami budowlanymi kieruje albo nadzór inwestorski wykonuje, przy zabytkach nieruchomych wpisanych do rejestru osoba, która posiada uprawnienia budowlane określone przepisami Prawa budowlanego oraz która przez co najmniej 24 miesiące brała udział w robotach budowlanych prowadzonych przy zabytkach nieruchomych wpisanych do rejestru lub inwentarza muzeum będącego instytucją kultury","Robotami budowlanymi kieruje albo nadzór inwestorski wykonuje, przy zabytkach nieruchomych wpisanych do gminnej ewidencji zabytków osoba, która posiada uprawnienia budowlane określone przepisami Prawa budowlanego oraz która przez co najmniej 18 miesięcy brała udział w robotach budowlanych prowadzonych przy zabytkach nieruchomych wpisanych do rejestru lub inwentarza muzeum będącego instytucją kultury","Robotami budowlanymi kieruje albo nadzór inwestorski wykonuje, przy zabytkach nieruchomych wpisanych do rejestru osoba, która posiada uprawnienia budowlane określone przepisami Prawa budowlanego oraz która przez co najmniej 18 miesięcy brała udział w robotach budowlanych prowadzonych przy zabytkach nieruchomych wpisanych do rejestru lub inwentarza muzeum będącego instytucją kultury",Czynność ta zawsze wymaga uprzedniej zgody sądu administracyjnego.,3,"Art. 37c ustawy przewiduje, że robotami budowlanymi kieruje albo nadzór inwestorski wykonuje, przy zabytkach nieruchomych wpisanych do rejestru osoba, która posiada uprawnienia budowlane określone przepisami Prawa budowlanego oraz która przez co najmniej 18 miesięcy brała udział w robotach budowlanych prowadzonych przy zabytkach nieruchomych wpisanych do rejestru lub inwentarza muzeum będącego instytucją kultury."
Które stwierdzenie jest zgodne z art. 37d ustawy?,"Przepis ust. 2 stosuje się do osób, które samodzielnie wykonują badania architektoniczne zabytków wpisanych do rejestru","Przepis ust. 1 stosuje się do osób, które samodzielnie wykonują badania architektoniczne zabytków wpisanych do gminnej ewidencji zabytków",Czynność ta zawsze wymaga uprzedniej zgody sądu administracyjnego.,"Przepis ust. 1 stosuje się do osób, które samodzielnie wykonują badania architektoniczne zabytków wpisanych do rejestru",4,"Art. 37d ustawy przewiduje, że przepis ust. 1 stosuje się do osób, które samodzielnie wykonują badania architektoniczne zabytków wpisanych do rejestru."
Co wynika z art. 37e ustawy o ochronie zabytków i opiece nad zabytkami?,Doświadczenie zawodowe może być nabyte poza terytorium Rzeczypospolitej Polskiej,Doświadczenie zawodowe nie może być nabyte poza terytorium Rzeczypospolitej Polskiej,Czynność ta zawsze wymaga uprzedniej zgody sądu administracyjnego.,"Ustawa pozostawia tę kwestię wyłącznie uznaniu właściciela zabytku, bez udziału organów ochrony zabytków.",1,"Art. 37e ustawy przewiduje, że doświadczenie zawodowe może być nabyte poza terytorium Rzeczypospolitej Polskiej."
Które z poniższych stwierdzeń prawidłowo oddaje treść art. 37f ustawy?,"Przy ustalaniu udziału w pracach konserwatorskich, pracach restauratorskich lub badaniach konserwatorskich, robotach budowlanych lub badaniach architektonicznych, prowadzonych przy zabytkach wpisanych do rejestru albo na Listę Skarbów Dziedzictwa, uwzględnia się udział w tych pracach, badaniach lub robotach, prowadzonych przy zabytkach niewpisanych do rejestru, o ile były one prowadzone przed dniem 33 sierpnia 2011 r","Przy ustalaniu udziału w pracach konserwatorskich, pracach restauratorskich lub badaniach konserwatorskich, robotach budowlanych lub badaniach architektonicznych, prowadzonych przy zabytkach wpisanych do rejestru albo na Listę Skarbów Dziedzictwa, uwzględnia się udział w tych pracach, badaniach lub robotach, prowadzonych przy zabytkach niewpisanych do rejestru, o ile były one prowadzone przed dniem 26 sierpnia 2011 r","Przy ustalaniu udziału w pracach konserwatorskich, pracach restauratorskich lub badaniach konserwatorskich, robotach budowlanych lub badaniach architektonicznych, prowadzonych przy zabytkach wpisanych do gminnej ewidencji zabytków albo na Listę Skarbów Dziedzictwa, uwzględnia się udział w tych pracach, badaniach lub robotach, prowadzonych przy zabytkach niewpisanych do rejestru, o ile były one prowadzone przed dniem 26 sierpnia 2011 r",Czynność ta zawsze wymaga uprzedniej zgody sądu administracyjnego.,2,"Art. 37f ustawy przewiduje, że przy ustalaniu udziału w pracach konserwatorskich, pracach restauratorskich lub badaniach konserwatorskich, robotach budowlanych lub badaniach architektonicznych, prowadzonych przy zabytkach wpisanych do rejestru albo na Listę Skarbów Dziedzictwa, uwzględnia się udział w tych pracach, badaniach lub robotach, prowadzonych przy zabytkach niewpisanych do rejestru, o ile były one prowadzone przed dniem 26 sierpnia 2011 r."
Które stwierdzenie jest zgodne z art. 37g ustawy?,"Udział w pracach konserwatorskich, pracach restauratorskich, badaniach konserwatorskich, robotach budowlanych lub badaniach architektonicznych prowadzonych przed dniem 33 sierpnia 2011 r. przy zabytku niewpisanym do rejestru zabytków potwierdzają świadectwa, inne dokumenty lub zaświadczenia, o których mowa w ust. 1","Udział w pracach konserwatorskich, pracach restauratorskich, badaniach konserwatorskich, robotach budowlanych lub badaniach architektonicznych prowadzonych przed dniem 26 sierpnia 2011 r. przy zabytku niewpisanym do gminnej ewidencji zabytków zabytków potwierdzają świadectwa, inne dokumenty lub zaświadczenia, o których mowa w ust. 1","Udział w pracach konserwatorskich, pracach restauratorskich, badaniach konserwatorskich, robotach budowlanych lub badaniach architektonicznych prowadzonych przed dniem 26 sierpnia 2011 r. przy zabytku niewpisanym do rejestru zabytków potwierdzają świadectwa, inne dokumenty lub zaświadczenia, o których mowa w ust. 1",Czynność ta zawsze wymaga uprzedniej zgody sądu administracyjnego.,3,"Art. 37g ustawy przewiduje, że udział w pracach konserwatorskich, pracach restauratorskich, badaniach konserwatorskich, robotach budowlanych lub badaniach architektonicznych prowadzonych przed dniem 26 sierpnia 2011 r. przy zabytku niewpisanym do rejestru zabytków potwierdzają świadectwa, inne dokumenty lub zaświadczenia, o których mowa w ust. 1."
Co wynika z art. 37h ustawy o ochronie zabytków i opiece nad zabytkami?,"Doświadczenie zawodowe, o którym mowa w art. 37a, art. 37b i art. 37d, może być nabyte poza terytorium Rzeczypospolitej Polskiej, o ile dotyczy prac konserwatorskich, prac restauratorskich, badań konserwatorskich lub badań architektonicznych, prowadzonych przy zabytkach wpisanych do inwentarza muzeum lub zaliczanych do jednej z kategorii, o których mowa w art. 14a ust. 3","Doświadczenie zawodowe, o którym mowa w art. 37a, art. 37b i art. 37d, nie może być nabyte poza terytorium Rzeczypospolitej Polskiej, o ile dotyczy prac konserwatorskich, prac restauratorskich, badań konserwatorskich lub badań architektonicznych, prowadzonych przy zabytkach wpisanych do inwentarza muzeum lub zaliczanych do jednej z kategorii, o których mowa w art. 14a ust. 2",Czynność ta zawsze wymaga uprzedniej zgody sądu administracyjnego.,"Doświadczenie zawodowe, o którym mowa w art. 37a, art. 37b i art. 37d, może być nabyte poza terytorium Rzeczypospolitej Polskiej, o ile dotyczy prac konserwatorskich, prac restauratorskich, badań konserwatorskich lub badań architektonicznych, prowadzonych przy zabytkach wpisanych do inwentarza muzeum lub zaliczanych do jednej z kategorii, o których mowa w art. 14a ust. 2",4,"Art. 37h ustawy przewiduje, że doświadczenie zawodowe, o którym mowa w art. 37a, art. 37b i art. 37d, może być nabyte poza terytorium Rzeczypospolitej Polskiej, o ile dotyczy prac konserwatorskich, prac restauratorskich, badań konserwatorskich lub badań architektonicznych, prowadzonych przy zabytkach wpisanych do inwentarza muzeum lub zaliczanych do jednej z kategorii, o których mowa w art. 14a ust. 2."
Które z poniższych stwierdzeń prawidłowo oddaje treść art. 37i ustawy?,"Projekt zabezpieczeń, o których mowa w ust. 1, uzgadnia się z ministrem właściwym do spraw kultury i ochrony dziedzictwa narodowego","Projekt zabezpieczeń, o których mowa w ust. 2, uzgadnia się z ministrem właściwym do spraw kultury i ochrony dziedzictwa narodowego",Czynność ta zawsze wymaga uprzedniej zgody sądu administracyjnego.,"Ustawa pozostawia tę kwestię wyłącznie uznaniu właściciela zabytku, bez udziału organów ochrony zabytków.",1,"Art. 37i ustawy przewiduje, że projekt zabezpieczeń, o których mowa w ust. 1, uzgadnia się z ministrem właściwym do spraw kultury i ochrony dziedzictwa narodowego."
Które stwierdzenie jest zgodne z art. 38 ustawy?,Czynność ta zawsze wymaga uprzedniej zgody sądu administracyjnego.,Dokonania wpisu w dzienniku budowy w zakresie określonym przepisami Prawa budowlanego,"Ustawa pozostawia tę kwestię wyłącznie uznaniu właściciela zabytku, bez udziału organów ochrony zabytków.",Przepis ma zastosowanie wyłącznie do zabytków znajdujących się poza terytorium Rzeczypospolitej Polskiej.,2,"Art. 38 ustawy przewiduje, że dokonania wpisu w dzienniku budowy w zakresie określonym przepisami Prawa budowlanego."
Co wynika z art. 39 ustawy o ochronie zabytków i opiece nad zabytkami?,Czynność ta zawsze wymaga uprzedniej zgody sądu administracyjnego.,"Ustawa pozostawia tę kwestię wyłącznie uznaniu właściciela zabytku, bez udziału organów ochrony zabytków.","Z czynności kontrolnych kontrolujący sporządza protokół, którego jeden egzemplarz doręcza kontrolowanej osobie fizycznej lub kierownikowi kontrolowanej jednostki organizacyjnej",Przepis ma zastosowanie wyłącznie do zabytków znajdujących się poza terytorium Rzeczypospolitej Polskiej.,3,"Art. 39 ustawy przewiduje, że z czynności kontrolnych kontrolujący sporządza protokół, którego jeden egzemplarz doręcza kontrolowanej osobie fizycznej lub kierownikowi kontrolowanej jednostki organizacyjnej."
Które z poniższych stwierdzeń prawidłowo oddaje treść art. 40 ustawy?,"Kontrolowana osoba fizyczna lub kierownik kontrolowanej jednostki organizacyjnej, w terminie 30 dni od dnia otrzymania zaleceń, może zgłosić pisemnie umotywowane zastrzeżenia do zaleceń pokontrolnych oraz dodatkowe wyjaśnienia lub przedstawić dodatkową dokumentację","Kontrolowana osoba fizyczna lub kierownik kontrolowanej jednostki organizacyjnej, w terminie 14 dni od dnia otrzymania zaleceń, nie może zgłosić pisemnie umotywowane zastrzeżenia do zaleceń pokontrolnych oraz dodatkowe wyjaśnienia lub przedstawić dodatkową dokumentację",Czynność ta zawsze wymaga uprzedniej zgody sądu administracyjnego.,"Kontrolowana osoba fizyczna lub kierownik kontrolowanej jednostki organizacyjnej, w terminie 14 dni od dnia otrzymania zaleceń, może zgłosić pisemnie umotywowane zastrzeżenia do zaleceń pokontrolnych oraz dodatkowe wyjaśnienia lub przedstawić dodatkową dokumentację",4,"Art. 40 ustawy przewiduje, że kontrolowana osoba fizyczna lub kierownik kontrolowanej jednostki organizacyjnej, w terminie 14 dni od dnia otrzymania zaleceń, może zgłosić pisemnie umotywowane zastrzeżenia do zaleceń pokontrolnych oraz dodatkowe wyjaśnienia lub przedstawić dodatkową dokumentację."
Które stwierdzenie jest zgodne z art. 41 ustawy?,"W razie stwierdzenia, że działanie lub zaniechanie kontrolowanej osoby fizycznej albo kierownika kontrolowanej jednostki organizacyjnej lub jej pracownika narusza przepisy art. 108–118 ustawy, wojewódzki konserwator zabytków kieruje odpowiednio do Policji, prokuratury albo sądu zawiadomienie o popełnieniu przestępstwa lub wykroczenia","W razie stwierdzenia, że działanie lub zaniechanie kontrolowanej osoby fizycznej albo kierownika kontrolowanej jednostki organizacyjnej lub jej pracownika narusza przepisy art. 108–118 ustawy, Generalny Konserwator Zabytków kieruje odpowiednio do Policji, prokuratury albo sądu zawiadomienie o popełnieniu przestępstwa lub wykroczenia","W razie stwierdzenia, że działanie lub zaniechanie kontrolowanej osoby fizycznej albo kierownika kontrolowanej jednostki organizacyjnej lub jej pracownika narusza przepisy art. 108–118 ustawy, minister właściwy do spraw kultury i ochrony dziedzictwa narodowego kieruje odpowiednio do Policji, prokuratury albo sądu zawiadomienie o popełnieniu przestępstwa lub wykroczenia","W razie stwierdzenia, że działanie lub zaniechanie kontrolowanej osoby fizycznej albo kierownika kontrolowanej jednostki organizacyjnej lub jej pracownika narusza przepisy art. 108–118 ustawy, starosta kieruje odpowiednio do Policji, prokuratury albo sądu zawiadomienie o popełnieniu przestępstwa lub wykroczenia",1,"Art. 41 ustawy przewiduje, że w razie stwierdzenia, że działanie lub zaniechanie kontrolowanej osoby fizycznej albo kierownika kontrolowanej jednostki organizacyjnej lub jej pracownika narusza przepisy art. 108–118 ustawy, wojewódzki konserwator zabytków kieruje odpowiednio do Policji, prokuratury albo sądu zawiadomienie o popełnieniu przestępstwa lub wykroczenia."
Co wynika z art. 42 ustawy o ochronie zabytków i opiece nad zabytkami?,Przepisy art. 45 ust. 4 i 5 stosuje się odpowiednio,Przepisy art. 38 ust. 4 i 5 stosuje się odpowiednio,Czynność ta zawsze wymaga uprzedniej zgody sądu administracyjnego.,"Ustawa pozostawia tę kwestię wyłącznie uznaniu właściciela zabytku, bez udziału organów ochrony zabytków.",2,"Art. 42 ustawy przewiduje, że przepisy art. 38 ust. 4 i 5 stosuje się odpowiednio."
Które z poniższych stwierdzeń prawidłowo oddaje treść art. 43 ustawy?,Robót budowlanych przy zabytku wpisanym do gminnej ewidencji zabytków lub w jego otoczeniu,Czynność ta zawsze wymaga uprzedniej zgody sądu administracyjnego.,Robót budowlanych przy zabytku wpisanym do rejestru lub w jego otoczeniu,"Ustawa pozostawia tę kwestię wyłącznie uznaniu właściciela zabytku, bez udziału organów ochrony zabytków.",3,"Art. 43 ustawy przewiduje, że robót budowlanych przy zabytku wpisanym do rejestru lub w jego otoczeniu."
Które stwierdzenie jest zgodne z art. 44 ustawy?,"Po wykonaniu obowiązku, o którym mowa w ust. 1 pkt 3, Generalny Konserwator Zabytków wydaje pozwolenie na wznowienie wstrzymanych badań, prac, robót lub innych działań przy zabytku","Po wykonaniu obowiązku, o którym mowa w ust. 1 pkt 3, minister właściwy do spraw kultury i ochrony dziedzictwa narodowego wydaje pozwolenie na wznowienie wstrzymanych badań, prac, robót lub innych działań przy zabytku","Po wykonaniu obowiązku, o którym mowa w ust. 1 pkt 3, starosta wydaje pozwolenie na wznowienie wstrzymanych badań, prac, robót lub innych działań przy zabytku","Po wykonaniu obowiązku, o którym mowa w ust. 1 pkt 3, wojewódzki konserwator zabytków wydaje pozwolenie na wznowienie wstrzymanych badań, prac, robót lub innych działań przy zabytku",4,"Art. 44 ustawy przewiduje, że po wykonaniu obowiązku, o którym mowa w ust. 1 pkt 3, wojewódzki konserwator zabytków wydaje pozwolenie na wznowienie wstrzymanych badań, prac, robót lub innych działań przy zabytku."
Co wynika z art. 45 ustawy o ochronie zabytków i opiece nad zabytkami?,"W przypadkach, o których mowa w ust. 1 i 2, przepis art. 44 ust. 4 stosuje się odpowiednio","W przypadkach, o których mowa w ust. 2 i 2, przepis art. 44 ust. 4 stosuje się odpowiednio",Czynność ta zawsze wymaga uprzedniej zgody sądu administracyjnego.,"Ustawa pozostawia tę kwestię wyłącznie uznaniu właściciela zabytku, bez udziału organów ochrony zabytków.",1,"Art. 45 ustawy przewiduje, że w przypadkach, o których mowa w ust. 1 i 2, przepis art. 44 ust. 4 stosuje się odpowiednio."
Które z poniższych stwierdzeń prawidłowo oddaje treść art. 46 ustawy?,"Decyzja, o której mowa w ust. 1 i 2, wygasa, jeżeli w terminie 30 dni od dnia jej doręczenia nie nastąpi wszczęcie postępowania w sprawie wpisu zabytku do rejestru albo na Listę Skarbów Dziedzictwa","Decyzja, o której mowa w ust. 1 i 2, wygasa, jeżeli w terminie 14 dni od dnia jej doręczenia nie nastąpi wszczęcie postępowania w sprawie wpisu zabytku do rejestru albo na Listę Skarbów Dziedzictwa","Decyzja, o której mowa w ust. 1 i 2, wygasa, jeżeli w terminie 14 dni od dnia jej doręczenia nie nastąpi wszczęcie postępowania w sprawie wpisu zabytku do gminnej ewidencji zabytków albo na Listę Skarbów Dziedzictwa",Czynność ta zawsze wymaga uprzedniej zgody sądu administracyjnego.,2,"Art. 46 ustawy przewiduje, że decyzja, o której mowa w ust. 1 i 2, wygasa, jeżeli w terminie 14 dni od dnia jej doręczenia nie nastąpi wszczęcie postępowania w sprawie wpisu zabytku do rejestru albo na Listę Skarbów Dziedzictwa."
Które stwierdzenie jest zgodne z art. 47 ustawy?,"Generalny Konserwator Zabytków może wznowić postępowanie w sprawie wydanego pozwolenia, o którym mowa w art. 36 ust. 1, a następnie zmienić je lub cofnąć, w drodze decyzji, jeżeli w trakcie wykonywania badań, prac, robót lub innych działań określonych w pozwoleniu wystąpiły nowe fakty i okoliczności, mogące doprowadzić do uszkodzenia lub zniszczenia zabytku","minister właściwy do spraw kultury i ochrony dziedzictwa narodowego może wznowić postępowanie w sprawie wydanego pozwolenia, o którym mowa w art. 36 ust. 1, a następnie zmienić je lub cofnąć, w drodze decyzji, jeżeli w trakcie wykonywania badań, prac, robót lub innych działań określonych w pozwoleniu wystąpiły nowe fakty i okoliczności, mogące doprowadzić do uszkodzenia lub zniszczenia zabytku","Wojewódzki konserwator zabytków może wznowić postępowanie w sprawie wydanego pozwolenia, o którym mowa w art. 36 ust. 1, a następnie zmienić je lub cofnąć, w drodze decyzji, jeżeli w trakcie wykonywania badań, prac, robót lub innych działań określonych w pozwoleniu wystąpiły nowe fakty i okoliczności, mogące doprowadzić do uszkodzenia lub zniszczenia zabytku","starosta może wznowić postępowanie w sprawie wydanego pozwolenia, o którym mowa w art. 36 ust. 1, a następnie zmienić je lub cofnąć, w drodze decyzji, jeżeli w trakcie wykonywania badań, prac, robót lub innych działań określonych w pozwoleniu wystąpiły nowe fakty i okoliczności, mogące doprowadzić do uszkodzenia lub zniszczenia zabytku",3,"Art. 47 ustawy przewiduje, że wojewódzki konserwator zabytków może wznowić postępowanie w sprawie wydanego pozwolenia, o którym mowa w art. 36 ust. 1, a następnie zmienić je lub cofnąć, w drodze decyzji, jeżeli w trakcie wykonywania badań, prac, robót lub innych działań określonych w pozwoleniu wystąpiły nowe fakty i okoliczności, mogące doprowadzić do uszkodzenia lub zniszczenia zabytku."
Co wynika z art. 47a ustawy o ochronie zabytków i opiece nad zabytkami?,"Postępowanie w sprawie uchylenia lub zmiany pozwolenia, o którym mowa w art. 43 ust. 1, nie może być wszczęte po upływie 2 lat od dnia, w którym to pozwolenie stało się ostateczne","Postępowanie w sprawie uchylenia lub zmiany pozwolenia, o którym mowa w art. 36 ust. 1, nie nie może być wszczęte po upływie 2 lat od dnia, w którym to pozwolenie stało się ostateczne","Postępowanie w sprawie uchylenia lub zmiany pozwolenia, o którym mowa w art. 36 ust. 1, może być wszczęte po upływie 2 lat od dnia, w którym to pozwolenie stało się ostateczne","Postępowanie w sprawie uchylenia lub zmiany pozwolenia, o którym mowa w art. 36 ust. 1, nie może być wszczęte po upływie 2 lat od dnia, w którym to pozwolenie stało się ostateczne",4,"Art. 47a ustawy przewiduje, że postępowanie w sprawie uchylenia lub zmiany pozwolenia, o którym mowa w art. 36 ust. 1, nie może być wszczęte po upływie 2 lat od dnia, w którym to pozwolenie stało się ostateczne."
Które z poniższych stwierdzeń prawidłowo oddaje treść art. 48 ustawy?,"Cofnąć wydane pozwolenie, o którym mowa w art. 36 ust. 1b lub 2, jeżeli badania lub poszukiwania są prowadzone niezgodnie z zakresem i warunkami określonymi w tym pozwoleniu","Cofnąć wydane pozwolenie, o którym mowa w art. 43 ust. 1b lub 2, jeżeli badania lub poszukiwania są prowadzone niezgodnie z zakresem i warunkami określonymi w tym pozwoleniu","Cofnąć wydane pozwolenie, o którym mowa w art. 36 ust. 1b lub 2, jeżeli badania lub poszukiwania nie są prowadzone niezgodnie z zakresem i warunkami określonymi w tym pozwoleniu",Czynność ta zawsze wymaga uprzedniej zgody sądu administracyjnego.,1,"Art. 48 ustawy przewiduje, że cofnąć wydane pozwolenie, o którym mowa w art. 36 ust. 1b lub 2, jeżeli badania lub poszukiwania są prowadzone niezgodnie z zakresem i warunkami określonymi w tym pozwoleniu."
Które stwierdzenie jest zgodne z art. 49 ustawy?,Przepisu ust. 5 nie stosuje się do zabytków nieruchomych stanowiących własność Skarbu Państwa,Przepisu ust. 4 nie stosuje się do zabytków nieruchomych stanowiących własność Skarbu Państwa,Czynność ta zawsze wymaga uprzedniej zgody sądu administracyjnego.,"Ustawa pozostawia tę kwestię wyłącznie uznaniu właściciela zabytku, bez udziału organów ochrony zabytków.",2,"Art. 49 ustawy przewiduje, że przepisu ust. 4 nie stosuje się do zabytków nieruchomych stanowiących własność Skarbu Państwa."
Co wynika z art. 50 ustawy o ochronie zabytków i opiece nad zabytkami?,Czynność ta zawsze wymaga uprzedniej zgody sądu administracyjnego.,"Ustawa pozostawia tę kwestię wyłącznie uznaniu właściciela zabytku, bez udziału organów ochrony zabytków.",Przepisy o gospodarce nieruchomościami stosuje się odpowiednio,Przepis ma zastosowanie wyłącznie do zabytków znajdujących się poza terytorium Rzeczypospolitej Polskiej.,3,"Art. 50 ustawy przewiduje, że przepisy o gospodarce nieruchomościami stosuje się odpowiednio."
Które z poniższych stwierdzeń prawidłowo oddaje treść art. 51 ustawy?,"Środków transportu, które mają więcej niż 57 lat i ich wartość jest wyższa niż 32 000 zł","Środków transportu, które mają więcej niż 50 lat i ich wartość nie jest wyższa niż 32 000 zł",Czynność ta zawsze wymaga uprzedniej zgody sądu administracyjnego.,"Środków transportu, które mają więcej niż 50 lat i ich wartość jest wyższa niż 32 000 zł",4,"Art. 51 ustawy przewiduje, że środków transportu, które mają więcej niż 50 lat i ich wartość jest wyższa niż 32 000 zł."
Które stwierdzenie jest zgodne z art. 52 ustawy?,Jednorazowe pozwolenie na stały wywóz zabytku za granicę wydaje minister właściwy do spraw kultury i ochrony dziedzictwa narodowego,Jednorazowe pozwolenie na stały wywóz zabytku za granicę wydaje wojewódzki konserwator zabytków,Jednorazowe pozwolenie na stały wywóz zabytku za granicę wydaje Generalny Konserwator Zabytków,Jednorazowe pozwolenie na stały wywóz zabytku za granicę wydaje starosta,1,"Art. 52 ustawy przewiduje, że jednorazowe pozwolenie na stały wywóz zabytku za granicę wydaje minister właściwy do spraw kultury i ochrony dziedzictwa narodowego."
Co wynika z art. 53 ustawy o ochronie zabytków i opiece nad zabytkami?,"Termin ważności pozwolenia, o którym mowa w ust. 1 i 1a, nie może być dłuższy niż 5 lata od dnia wydania tego pozwolenia","Termin ważności pozwolenia, o którym mowa w ust. 1 i 1a, nie może być dłuższy niż 3 lata od dnia wydania tego pozwolenia","Termin ważności pozwolenia, o którym mowa w ust. 1 i 1a, nie nie może być dłuższy niż 3 lata od dnia wydania tego pozwolenia","Termin ważności pozwolenia, o którym mowa w ust. 1 i 1a, może być dłuższy niż 3 lata od dnia wydania tego pozwolenia",2,"Art. 53 ustawy przewiduje, że termin ważności pozwolenia, o którym mowa w ust. 1 i 1a, nie może być dłuższy niż 3 lata od dnia wydania tego pozwolenia."
Które z poniższych stwierdzeń prawidłowo oddaje treść art. 54 ustawy?,"Termin ważności pozwolenia, o którym mowa w ust. 1, nie może być dłuższy niż 5 lata od dnia wydania tego pozwolenia","Termin ważności pozwolenia, o którym mowa w ust. 1, nie nie może być dłuższy niż 3 lata od dnia wydania tego pozwolenia","Termin ważności pozwolenia, o którym mowa w ust. 1, nie może być dłuższy niż 3 lata od dnia wydania tego pozwolenia","Termin ważności pozwolenia, o którym mowa w ust. 1, może być dłuższy niż 3 lata od dnia wydania tego pozwolenia",3,"Art. 54 ustawy przewiduje, że termin ważności pozwolenia, o którym mowa w ust. 1, nie może być dłuższy niż 3 lata od dnia wydania tego pozwolenia."
Które stwierdzenie jest zgodne z art. 55 ustawy?,"Termin ważności pozwolenia, o którym mowa w ust. 1, nie może być dłuższy niż 4 lata od dnia wydania tego pozwolenia","Termin ważności pozwolenia, o którym mowa w ust. 1, nie nie może być dłuższy niż 5 lat od dnia wydania tego pozwolenia","Termin ważności pozwolenia, o którym mowa w ust. 1, może być dłuższy niż 5 lat od dnia wydania tego pozwolenia","Termin ważności pozwolenia, o którym mowa w ust. 1, nie może być dłuższy niż 5 lat od dnia wydania tego pozwolenia",4,"Art. 55 ustawy przewiduje, że termin ważności pozwolenia, o którym mowa w ust. 1, nie może być dłuższy niż 5 lat od dnia wydania tego pozwolenia."
Co wynika z art. 56 ustawy o ochronie zabytków i opiece nad zabytkami?,"Wojewódzki konserwator zabytków może cofnąć pozwolenie, o którym mowa w art. 53 ust. 1, art. 54 ust. 1 albo art. 55 ust. 1, w drodze decyzji","Generalny Konserwator Zabytków może cofnąć pozwolenie, o którym mowa w art. 53 ust. 1, art. 54 ust. 1 albo art. 55 ust. 1, w drodze decyzji","minister właściwy do spraw kultury i ochrony dziedzictwa narodowego może cofnąć pozwolenie, o którym mowa w art. 53 ust. 1, art. 54 ust. 1 albo art. 55 ust. 1, w drodze decyzji","starosta może cofnąć pozwolenie, o którym mowa w art. 53 ust. 1, art. 54 ust. 1 albo art. 55 ust. 1, w drodze decyzji",1,"Art. 56 ustawy przewiduje, że wojewódzki konserwator zabytków może cofnąć pozwolenie, o którym mowa w art. 53 ust. 1, art. 54 ust. 1 albo art. 55 ust. 1, w drodze decyzji."
Które z poniższych stwierdzeń prawidłowo oddaje treść art. 56a ustawy?,Z wnioskiem występuje się w terminie nie krótszym niż 97 dni przed dniem upływu ważności pozwolenia,Z wnioskiem występuje się w terminie nie krótszym niż 90 dni przed dniem upływu ważności pozwolenia,Czynność ta zawsze wymaga uprzedniej zgody sądu administracyjnego.,"Ustawa pozostawia tę kwestię wyłącznie uznaniu właściciela zabytku, bez udziału organów ochrony zabytków.",2,"Art. 56a ustawy przewiduje, że z wnioskiem występuje się w terminie nie krótszym niż 90 dni przed dniem upływu ważności pozwolenia."
Które stwierdzenie jest zgodne z art. 57 ustawy?,"Na wezwanie odpowiednio wojewódzkiego konserwatora zabytków albo ministra właściwego do spraw kultury i ochrony dziedzictwa narodowego osoba fizyczna lub jednostka organizacyjna, o której mowa w ust. 2–3, jest obowiązana udostępnić zabytek w celu dokonania oględzin","Na wezwanie odpowiednio wojewódzkiego konserwatora zabytków albo ministra właściwego do spraw kultury i ochrony dziedzictwa narodowego osoba fizyczna lub jednostka organizacyjna, o której mowa w ust. 1–3, nie jest obowiązana udostępnić zabytek w celu dokonania oględzin","Na wezwanie odpowiednio wojewódzkiego konserwatora zabytków albo ministra właściwego do spraw kultury i ochrony dziedzictwa narodowego osoba fizyczna lub jednostka organizacyjna, o której mowa w ust. 1–3, jest obowiązana udostępnić zabytek w celu dokonania oględzin",Czynność ta zawsze wymaga uprzedniej zgody sądu administracyjnego.,3,"Art. 57 ustawy przewiduje, że na wezwanie odpowiednio wojewódzkiego konserwatora zabytków albo ministra właściwego do spraw kultury i ochrony dziedzictwa narodowego osoba fizyczna lub jednostka organizacyjna, o której mowa w ust. 1–3, jest obowiązana udostępnić zabytek w celu dokonania oględzin."
Co wynika z art. 58 ustawy o ochronie zabytków i opiece nad zabytkami?,"Przepisy art. 58 ust. 1, 2 i 4, art. 52 ust. 1a oraz art. 53–57 stosuje się odpowiednio",Czynność ta zawsze wymaga uprzedniej zgody sądu administracyjnego.,"Ustawa pozostawia tę kwestię wyłącznie uznaniu właściciela zabytku, bez udziału organów ochrony zabytków.","Przepisy art. 51 ust. 1, 2 i 4, art. 52 ust. 1a oraz art. 53–57 stosuje się odpowiednio",4,"Art. 58 ustawy przewiduje, że przepisy art. 51 ust. 1, 2 i 4, art. 52 ust. 1a oraz art. 53–57 stosuje się odpowiednio."
Które stwierdzenie dotyczące rozwiązania przewidzianego w art. 59 jest prawidłowe (zagadnienie 1)?,Pozwolenie na wywóz zabytku z terytorium innego państwa członkowskiego Unii Europejskiej,Czynność ta zawsze wymaga uprzedniej zgody sądu administracyjnego.,"Ustawa pozostawia tę kwestię wyłącznie uznaniu właściciela zabytku, bez udziału organów ochrony zabytków.",Przepis ma zastosowanie wyłącznie do zabytków znajdujących się poza terytorium Rzeczypospolitej Polskiej.,1,"Art. 59 ustawy przewiduje, że pozwolenie na wywóz zabytku z terytorium innego państwa członkowskiego Unii Europejskiej."
Które stwierdzenie jest zgodne z art. 59a ustawy?,Czynność ta zawsze wymaga uprzedniej zgody sądu administracyjnego.,Imię i nazwisko lub nazwę (firmę) podmiotu prowadzącego księgę ewidencyjną,"Ustawa pozostawia tę kwestię wyłącznie uznaniu właściciela zabytku, bez udziału organów ochrony zabytków.",Przepis ma zastosowanie wyłącznie do zabytków znajdujących się poza terytorium Rzeczypospolitej Polskiej.,2,"Art. 59a ustawy przewiduje, że imię i nazwisko lub nazwę (firmę) podmiotu prowadzącego księgę ewidencyjną."
Co wynika z art. 60 ustawy o ochronie zabytków i opiece nad zabytkami?,Generalny Konserwator Zabytków przy rozpatrywaniu wniosków w sprawach wywozu zabytków lub innych przedmiotów za granicę może zasięgać opinii instytucji kultury wyspecjalizowanych w opiece nad zabytkami,minister właściwy do spraw kultury i ochrony dziedzictwa narodowego przy rozpatrywaniu wniosków w sprawach wywozu zabytków lub innych przedmiotów za granicę może zasięgać opinii instytucji kultury wyspecjalizowanych w opiece nad zabytkami,Wojewódzki konserwator zabytków przy rozpatrywaniu wniosków w sprawach wywozu zabytków lub innych przedmiotów za granicę może zasięgać opinii instytucji kultury wyspecjalizowanych w opiece nad zabytkami,starosta przy rozpatrywaniu wniosków w sprawach wywozu zabytków lub innych przedmiotów za granicę może zasięgać opinii instytucji kultury wyspecjalizowanych w opiece nad zabytkami,3,"Art. 60 ustawy przewiduje, że wojewódzki konserwator zabytków przy rozpatrywaniu wniosków w sprawach wywozu zabytków lub innych przedmiotów za granicę może zasięgać opinii instytucji kultury wyspecjalizowanych w opiece nad zabytkami."
Które z poniższych stwierdzeń prawidłowo oddaje treść art. 61 ustawy?,"wojewódzki konserwator zabytków określi, w drodze rozporządzenia, tryb składania wniosków i wydawania jednorazowego pozwolenia na stały wywóz zabytku za granicę, jednorazowego i wielokrotnych pozwoleń na czasowy wywóz zabytku za granicę oraz wzory tych pozwoleń, kierując się potrzebą ujednolicenia tych dokumentów oraz koniecznością zapewnienia ochrony tym zabytkom","Generalny Konserwator Zabytków określi, w drodze rozporządzenia, tryb składania wniosków i wydawania jednorazowego pozwolenia na stały wywóz zabytku za granicę, jednorazowego i wielokrotnych pozwoleń na czasowy wywóz zabytku za granicę oraz wzory tych pozwoleń, kierując się potrzebą ujednolicenia tych dokumentów oraz koniecznością zapewnienia ochrony tym zabytkom","starosta określi, w drodze rozporządzenia, tryb składania wniosków i wydawania jednorazowego pozwolenia na stały wywóz zabytku za granicę, jednorazowego i wielokrotnych pozwoleń na czasowy wywóz zabytku za granicę oraz wzory tych pozwoleń, kierując się potrzebą ujednolicenia tych dokumentów oraz koniecznością zapewnienia ochrony tym zabytkom","Minister właściwy do spraw kultury i ochrony dziedzictwa narodowego określi, w drodze rozporządzenia, tryb składania wniosków i wydawania jednorazowego pozwolenia na stały wywóz zabytku za granicę, jednorazowego i wielokrotnych pozwoleń na czasowy wywóz zabytku za granicę oraz wzory tych pozwoleń, kierując się potrzebą ujednolicenia tych dokumentów oraz koniecznością zapewnienia ochrony tym zabytkom",4,"Art. 61 ustawy przewiduje, że minister właściwy do spraw kultury i ochrony dziedzictwa narodowego określi, w drodze rozporządzenia, tryb składania wniosków i wydawania jednorazowego pozwolenia na stały wywóz zabytku za granicę, jednorazowego i wielokrotnych pozwoleń na czasowy wywóz zabytku za granicę oraz wzory tych pozwoleń, kierując się potrzebą ujednolicenia tych dokumentów oraz koniecznością zapewnienia ochrony tym zabytkom."
Które stwierdzenie jest zgodne z art. 71 ustawy?,"W zakresie sprawowania opieki nad zabytkami osoba fizyczna lub jednostka organizacyjna posiadająca tytuł prawny do zabytku wynikający z prawa własności, użytkowania wieczystego, trwałego zarządu, ograniczonego prawa rzeczowego albo stosunku zobowiązaniowego finansuje prowadzenie prac konserwatorskich, restauratorskich i robót budowlanych przy tym zabytku",Czynność ta zawsze wymaga uprzedniej zgody sądu administracyjnego.,"Ustawa pozostawia tę kwestię wyłącznie uznaniu właściciela zabytku, bez udziału organów ochrony zabytków.",Przepis ma zastosowanie wyłącznie do zabytków znajdujących się poza terytorium Rzeczypospolitej Polskiej.,1,"Art. 71 ustawy przewiduje, że w zakresie sprawowania opieki nad zabytkami osoba fizyczna lub jednostka organizacyjna posiadająca tytuł prawny do zabytku wynikający z prawa własności, użytkowania wieczystego, trwałego zarządu, ograniczonego prawa rzeczowego albo stosunku zobowiązaniowego finansuje prowadzenie prac konserwatorskich, restauratorskich i robót budowlanych przy tym zabytku."
Co wynika z art. 72 ustawy o ochronie zabytków i opiece nad zabytkami?,"Na zasadach i w trybie określonych odrębnymi przepisami, prace konserwatorskie, restauratorskie i roboty budowlane przy zabytkach będących w posiadaniu jednostek organizacyjnych, zaliczanych do sektora finansów publicznych, są finansowane ze środków finansowych przyznanych odpowiednio przez dysponentów części budżetowych bądź jednostki samorządu terytorialnego, którym nie podlegają te jednostki","Na zasadach i w trybie określonych odrębnymi przepisami, prace konserwatorskie, restauratorskie i roboty budowlane przy zabytkach będących w posiadaniu jednostek organizacyjnych, zaliczanych do sektora finansów publicznych, są finansowane ze środków finansowych przyznanych odpowiednio przez dysponentów części budżetowych bądź jednostki samorządu terytorialnego, którym podlegają te jednostki","Na zasadach i w trybie określonych odrębnymi przepisami, prace konserwatorskie, restauratorskie i roboty budowlane przy zabytkach będących w posiadaniu jednostek organizacyjnych, zaliczanych do sektora finansów publicznych, nie są finansowane ze środków finansowych przyznanych odpowiednio przez dysponentów części budżetowych bądź jednostki samorządu terytorialnego, którym podlegają te jednostki",Czynność ta zawsze wymaga uprzedniej zgody sądu administracyjnego.,2,"Art. 72 ustawy przewiduje, że na zasadach i w trybie określonych odrębnymi przepisami, prace konserwatorskie, restauratorskie i roboty budowlane przy zabytkach będących w posiadaniu jednostek organizacyjnych, zaliczanych do sektora finansów publicznych, są finansowane ze środków finansowych przyznanych odpowiednio przez dysponentów części budżetowych bądź jednostki samorządu terytorialnego, którym podlegają te jednostki."
Które z poniższych stwierdzeń prawidłowo oddaje treść art. 74 ustawy?,"Dotacja na dofinansowanie prac konserwatorskich lub restauratorskich przy zabytku wpisanym na Listę Skarbów Dziedzictwa jest udzielana ze środków budżetu państwa, z części, której dysponentem jest wojewódzki konserwator zabytków","Dotacja na dofinansowanie prac konserwatorskich lub restauratorskich przy zabytku wpisanym na Listę Skarbów Dziedzictwa jest udzielana ze środków budżetu państwa, z części, której dysponentem jest Generalny Konserwator Zabytków","Dotacja na dofinansowanie prac konserwatorskich lub restauratorskich przy zabytku wpisanym na Listę Skarbów Dziedzictwa jest udzielana ze środków budżetu państwa, z części, której dysponentem jest minister właściwy do spraw kultury i ochrony dziedzictwa narodowego","Dotacja na dofinansowanie prac konserwatorskich lub restauratorskich przy zabytku wpisanym na Listę Skarbów Dziedzictwa jest udzielana ze środków budżetu państwa, z części, której dysponentem jest starosta",3,"Art. 74 ustawy przewiduje, że dotacja na dofinansowanie prac konserwatorskich lub restauratorskich przy zabytku wpisanym na Listę Skarbów Dziedzictwa jest udzielana ze środków budżetu państwa, z części, której dysponentem jest minister właściwy do spraw kultury i ochrony dziedzictwa narodowego."
Które stwierdzenie jest zgodne z art. 75 ustawy?,"wojewódzki konserwator zabytków lub wojewódzki konserwator zabytków może udzielić dotacji osobom bądź jednostkom, o których mowa w art. 73, na podstawie umowy zawartej z tymi osobami lub jednostkami","Generalny Konserwator Zabytków lub wojewódzki konserwator zabytków może udzielić dotacji osobom bądź jednostkom, o których mowa w art. 73, na podstawie umowy zawartej z tymi osobami lub jednostkami","starosta lub wojewódzki konserwator zabytków może udzielić dotacji osobom bądź jednostkom, o których mowa w art. 73, na podstawie umowy zawartej z tymi osobami lub jednostkami","Minister właściwy do spraw kultury i ochrony dziedzictwa narodowego lub wojewódzki konserwator zabytków może udzielić dotacji osobom bądź jednostkom, o których mowa w art. 73, na podstawie umowy zawartej z tymi osobami lub jednostkami",4,"Art. 75 ustawy przewiduje, że minister właściwy do spraw kultury i ochrony dziedzictwa narodowego lub wojewódzki konserwator zabytków może udzielić dotacji osobom bądź jednostkom, o których mowa w art. 73, na podstawie umowy zawartej z tymi osobami lub jednostkami."
Co wynika z art. 76 ustawy o ochronie zabytków i opiece nad zabytkami?,"Wniosek o udzielenie dotacji, o której mowa w ust. 1 pkt 2, wnioskodawca może złożyć po przeprowadzeniu wszystkich prac lub robót przy zabytku wpisanym do rejestru, określonych w pozwoleniu wydanym przez wojewódzkiego konserwatora zabytków","Wniosek o udzielenie dotacji, o której mowa w ust. 2 pkt 2, wnioskodawca może złożyć po przeprowadzeniu wszystkich prac lub robót przy zabytku wpisanym do rejestru, określonych w pozwoleniu wydanym przez wojewódzkiego konserwatora zabytków","Wniosek o udzielenie dotacji, o której mowa w ust. 1 pkt 2, wnioskodawca może złożyć po przeprowadzeniu wszystkich prac lub robót przy zabytku wpisanym do gminnej ewidencji zabytków, określonych w pozwoleniu wydanym przez wojewódzkiego konserwatora zabytków","Wniosek o udzielenie dotacji, o której mowa w ust. 1 pkt 2, wnioskodawca nie może złożyć po przeprowadzeniu wszystkich prac lub robót przy zabytku wpisanym do rejestru, określonych w pozwoleniu wydanym przez wojewódzkiego konserwatora zabytków",1,"Art. 76 ustawy przewiduje, że wniosek o udzielenie dotacji, o której mowa w ust. 1 pkt 2, wnioskodawca może złożyć po przeprowadzeniu wszystkich prac lub robót przy zabytku wpisanym do rejestru, określonych w pozwoleniu wydanym przez wojewódzkiego konserwatora zabytków."
Które z poniższych stwierdzeń prawidłowo oddaje treść art. 77 ustawy?,Czynność ta zawsze wymaga uprzedniej zgody sądu administracyjnego.,Wykonanie projektu budowlanego zgodnie z przepisami Prawa budowlanego,"Ustawa pozostawia tę kwestię wyłącznie uznaniu właściciela zabytku, bez udziału organów ochrony zabytków.",Przepis ma zastosowanie wyłącznie do zabytków znajdujących się poza terytorium Rzeczypospolitej Polskiej.,2,"Art. 77 ustawy przewiduje, że wykonanie projektu budowlanego zgodnie z przepisami Prawa budowlanego."
Które stwierdzenie jest zgodne z art. 78 ustawy?,"Dotacja, o której mowa w art. 81 ust. 2, jest udzielana we wnioskowanej wysokości do 100 % nakładów koniecznych na wykonanie prac konserwatorskich lub restauratorskich","Dotacja, o której mowa w art. 74 ust. 2, nie jest udzielana we wnioskowanej wysokości do 100 % nakładów koniecznych na wykonanie prac konserwatorskich lub restauratorskich","Dotacja, o której mowa w art. 74 ust. 2, jest udzielana we wnioskowanej wysokości do 100 % nakładów koniecznych na wykonanie prac konserwatorskich lub restauratorskich",Czynność ta zawsze wymaga uprzedniej zgody sądu administracyjnego.,3,"Art. 78 ustawy przewiduje, że dotacja, o której mowa w art. 74 ust. 2, jest udzielana we wnioskowanej wysokości do 100 % nakładów koniecznych na wykonanie prac konserwatorskich lub restauratorskich."
Co wynika z art. 79 ustawy o ochronie zabytków i opiece nad zabytkami?,Czynność ta zawsze wymaga uprzedniej zgody sądu administracyjnego.,"Ustawa pozostawia tę kwestię wyłącznie uznaniu właściciela zabytku, bez udziału organów ochrony zabytków.",Przepis ma zastosowanie wyłącznie do zabytków znajdujących się poza terytorium Rzeczypospolitej Polskiej.,Przy rozpatrywaniu wniosków o udzielenie dotacji nie mają zastosowania przepisy Kodeksu postępowania administracyjnego,4,"Art. 79 ustawy przewiduje, że przy rozpatrywaniu wniosków o udzielenie dotacji nie mają zastosowania przepisy Kodeksu postępowania administracyjnego."
Które z poniższych stwierdzeń prawidłowo oddaje treść art. 81 ustawy?,"Dotacja, w zakresie określonym w art. 77, może być udzielona w wysokości do 100 % nakładów koniecznych na wykonanie przez wnioskodawcę prac konserwatorskich, restauratorskich lub robót budowlanych przy zabytku wpisanym do rejestru lub znajdującym się w gminnej ewidencji zabytków","Dotacja, w zakresie określonym w art. 84, może być udzielona w wysokości do 100 % nakładów koniecznych na wykonanie przez wnioskodawcę prac konserwatorskich, restauratorskich lub robót budowlanych przy zabytku wpisanym do rejestru lub znajdującym się w gminnej ewidencji zabytków","Dotacja, w zakresie określonym w art. 77, może być udzielona w wysokości do 100 % nakładów koniecznych na wykonanie przez wnioskodawcę prac konserwatorskich, restauratorskich lub robót budowlanych przy zabytku wpisanym do gminnej ewidencji zabytków lub znajdującym się w gminnej ewidencji zabytków","Dotacja, w zakresie określonym w art. 77, nie może być udzielona w wysokości do 100 % nakładów koniecznych na wykonanie przez wnioskodawcę prac konserwatorskich, restauratorskich lub robót budowlanych przy zabytku wpisanym do rejestru lub znajdującym się w gminnej ewidencji zabytków",1,"Art. 81 ustawy przewiduje, że dotacja, w zakresie określonym w art. 77, może być udzielona w wysokości do 100 % nakładów koniecznych na wykonanie przez wnioskodawcę prac konserwatorskich, restauratorskich lub robót budowlanych przy zabytku wpisanym do rejestru lub znajdującym się w gminnej ewidencji zabytków."
Które stwierdzenie jest zgodne z art. 82 ustawy?,"Dofinansowanie prac konserwatorskich, restauratorskich i robót budowlanych przy zabytkach wpisanych do gminnej ewidencji zabytków jest zadaniem z zakresu administracji publicznej","Dofinansowanie prac konserwatorskich, restauratorskich i robót budowlanych przy zabytkach wpisanych do rejestru jest zadaniem z zakresu administracji publicznej","Dofinansowanie prac konserwatorskich, restauratorskich i robót budowlanych przy zabytkach wpisanych do rejestru nie jest zadaniem z zakresu administracji publicznej",Czynność ta zawsze wymaga uprzedniej zgody sądu administracyjnego.,2,"Art. 82 ustawy przewiduje, że dofinansowanie prac konserwatorskich, restauratorskich i robót budowlanych przy zabytkach wpisanych do rejestru jest zadaniem z zakresu administracji publicznej."
Co wynika z art. 82a ustawy o ochronie zabytków i opiece nad zabytkami?,Przepis ust. 5 stosuje się odpowiednio,Czynność ta zawsze wymaga uprzedniej zgody sądu administracyjnego.,Przepis ust. 4 stosuje się odpowiednio,"Ustawa pozostawia tę kwestię wyłącznie uznaniu właściciela zabytku, bez udziału organów ochrony zabytków.",3,"Art. 82a ustawy przewiduje, że przepis ust. 4 stosuje się odpowiednio."
Które z poniższych stwierdzeń prawidłowo oddaje treść art. 82b ustawy?,"wojewódzki konserwator zabytków, mając na względzie konieczność zapewnienia zgodności udzielonej pomocy z zasadami wydatkowania środków publicznych, określi, w drodze rozporządzenia, warunki i tryb udzielania oraz rozliczania dotacji, o której mowa w art. 82a ust. 1 i 2, w tym tryb postępowania z wnioskami o udzielenie dotacji, sposób jej rozliczania oraz rodzaj dokumentów niezbędnych do rozpatrzenia wniosku i rozliczenia dotacji","Generalny Konserwator Zabytków, mając na względzie konieczność zapewnienia zgodności udzielonej pomocy z zasadami wydatkowania środków publicznych, określi, w drodze rozporządzenia, warunki i tryb udzielania oraz rozliczania dotacji, o której mowa w art. 82a ust. 1 i 2, w tym tryb postępowania z wnioskami o udzielenie dotacji, sposób jej rozliczania oraz rodzaj dokumentów niezbędnych do rozpatrzenia wniosku i rozliczenia dotacji","starosta, mając na względzie konieczność zapewnienia zgodności udzielonej pomocy z zasadami wydatkowania środków publicznych, określi, w drodze rozporządzenia, warunki i tryb udzielania oraz rozliczania dotacji, o której mowa w art. 82a ust. 1 i 2, w tym tryb postępowania z wnioskami o udzielenie dotacji, sposób jej rozliczania oraz rodzaj dokumentów niezbędnych do rozpatrzenia wniosku i rozliczenia dotacji","Minister właściwy do spraw kultury i ochrony dziedzictwa narodowego, mając na względzie konieczność zapewnienia zgodności udzielonej pomocy z zasadami wydatkowania środków publicznych, określi, w drodze rozporządzenia, warunki i tryb udzielania oraz rozliczania dotacji, o której mowa w art. 82a ust. 1 i 2, w tym tryb postępowania z wnioskami o udzielenie dotacji, sposób jej rozliczania oraz rodzaj dokumentów niezbędnych do rozpatrzenia wniosku i rozliczenia dotacji",4,"Art. 82b ustawy przewiduje, że minister właściwy do spraw kultury i ochrony dziedzictwa narodowego, mając na względzie konieczność zapewnienia zgodności udzielonej pomocy z zasadami wydatkowania środków publicznych, określi, w drodze rozporządzenia, warunki i tryb udzielania oraz rozliczania dotacji, o której mowa w art. 82a ust. 1 i 2, w tym tryb postępowania z wnioskami o udzielenie dotacji, sposób jej rozliczania oraz rodzaj dokumentów niezbędnych do rozpatrzenia wniosku i rozliczenia dotacji."
Które stwierdzenie jest zgodne z art. 83 ustawy?,"Na zasadach określonych w przepisach o szkolnictwie wyższym i nauce minister właściwy do spraw szkolnictwa wyższego i nauki może przyznać środki finansowe na badania konserwatorskie, architektoniczne, archeologiczne lub inne badania naukowe związane z prowadzeniem prac konserwatorskich i restauratorskich przy zabytkach","Na zasadach określonych w przepisach o szkolnictwie wyższym i nauce minister właściwy do spraw szkolnictwa wyższego i nauki nie może przyznać środki finansowe na badania konserwatorskie, architektoniczne, archeologiczne lub inne badania naukowe związane z prowadzeniem prac konserwatorskich i restauratorskich przy zabytkach",Czynność ta zawsze wymaga uprzedniej zgody sądu administracyjnego.,"Ustawa pozostawia tę kwestię wyłącznie uznaniu właściciela zabytku, bez udziału organów ochrony zabytków.",1,"Art. 83 ustawy przewiduje, że na zasadach określonych w przepisach o szkolnictwie wyższym i nauce minister właściwy do spraw szkolnictwa wyższego i nauki może przyznać środki finansowe na badania konserwatorskie, architektoniczne, archeologiczne lub inne badania naukowe związane z prowadzeniem prac konserwatorskich i restauratorskich przy zabytkach."
Co wynika z art. 83a ustawy o ochronie zabytków i opiece nad zabytkami?,Przepisy art. 82 i art. 79 stosuje się odpowiednio,Przepisy art. 75 i art. 79 stosuje się odpowiednio,Czynność ta zawsze wymaga uprzedniej zgody sądu administracyjnego.,"Ustawa pozostawia tę kwestię wyłącznie uznaniu właściciela zabytku, bez udziału organów ochrony zabytków.",2,"Art. 83a ustawy przewiduje, że przepisy art. 75 i art. 79 stosuje się odpowiednio."
Które z poniższych stwierdzeń prawidłowo oddaje treść art. 83b ustawy?,"Przychodem Narodowego Funduszu Ochrony Zabytków nie są wpływy z kar pieniężnych, o których mowa w art. 107a–107e",Czynność ta zawsze wymaga uprzedniej zgody sądu administracyjnego.,"Przychodem Narodowego Funduszu Ochrony Zabytków są wpływy z kar pieniężnych, o których mowa w art. 107a–107e","Ustawa pozostawia tę kwestię wyłącznie uznaniu właściciela zabytku, bez udziału organów ochrony zabytków.",3,"Art. 83b ustawy przewiduje, że przychodem Narodowego Funduszu Ochrony Zabytków są wpływy z kar pieniężnych, o których mowa w art. 107a–107e."
Które stwierdzenie jest zgodne z art. 84 ustawy?,"W celu stworzenia warunków niezbędnych do realizacji ochrony zabytków i opieki nad zabytkami wojewódzki konserwator zabytków inicjuje i opracowuje, przy pomocy Generalnego Konserwatora Zabytków, krajowy program ochrony zabytków i opieki nad zabytkami","W celu stworzenia warunków niezbędnych do realizacji ochrony zabytków i opieki nad zabytkami Generalny Konserwator Zabytków inicjuje i opracowuje, przy pomocy Generalnego Konserwatora Zabytków, krajowy program ochrony zabytków i opieki nad zabytkami","W celu stworzenia warunków niezbędnych do realizacji ochrony zabytków i opieki nad zabytkami starosta inicjuje i opracowuje, przy pomocy Generalnego Konserwatora Zabytków, krajowy program ochrony zabytków i opieki nad zabytkami","W celu stworzenia warunków niezbędnych do realizacji ochrony zabytków i opieki nad zabytkami minister właściwy do spraw kultury i ochrony dziedzictwa narodowego inicjuje i opracowuje, przy pomocy Generalnego Konserwatora Zabytków, krajowy program ochrony zabytków i opieki nad zabytkami",4,"Art. 84 ustawy przewiduje, że w celu stworzenia warunków niezbędnych do realizacji ochrony zabytków i opieki nad zabytkami minister właściwy do spraw kultury i ochrony dziedzictwa narodowego inicjuje i opracowuje, przy pomocy Generalnego Konserwatora Zabytków, krajowy program ochrony zabytków i opieki nad zabytkami."
Co wynika z art. 85 ustawy o ochronie zabytków i opiece nad zabytkami?,Krajowy program ochrony zabytków i opieki nad zabytkami opracowuje się na okres 4 lat,Krajowy program ochrony zabytków i opieki nad zabytkami opracowuje się na okres 5 lat,Czynność ta zawsze wymaga uprzedniej zgody sądu administracyjnego.,"Ustawa pozostawia tę kwestię wyłącznie uznaniu właściciela zabytku, bez udziału organów ochrony zabytków.",1,"Art. 85 ustawy przewiduje, że krajowy program ochrony zabytków i opieki nad zabytkami opracowuje się na okres 4 lat."
Które z poniższych stwierdzeń prawidłowo oddaje treść art. 86 ustawy?,Krajowy program ochrony zabytków i opieki nad zabytkami uchwala wojewódzki konserwator zabytków na wniosek ministra właściwego do spraw kultury i ochrony dziedzictwa narodowego,Krajowy program ochrony zabytków i opieki nad zabytkami uchwala Rada Ministrów na wniosek ministra właściwego do spraw kultury i ochrony dziedzictwa narodowego,Krajowy program ochrony zabytków i opieki nad zabytkami uchwala Generalny Konserwator Zabytków na wniosek ministra właściwego do spraw kultury i ochrony dziedzictwa narodowego,Krajowy program ochrony zabytków i opieki nad zabytkami uchwala minister właściwy do spraw kultury i ochrony dziedzictwa narodowego na wniosek ministra właściwego do spraw kultury i ochrony dziedzictwa narodowego,2,"Art. 86 ustawy przewiduje, że krajowy program ochrony zabytków i opieki nad zabytkami uchwala Rada Ministrów na wniosek ministra właściwego do spraw kultury i ochrony dziedzictwa narodowego."
Które stwierdzenie jest zgodne z art. 87 ustawy?,"Zarząd województwa, powiatu lub wojewódzki konserwator zabytków sporządza na okres 4 lat odpowiednio wojewódzki, powiatowy lub gminny program opieki nad zabytkami","Zarząd województwa, powiatu lub Generalny Konserwator Zabytków sporządza na okres 4 lat odpowiednio wojewódzki, powiatowy lub gminny program opieki nad zabytkami","Zarząd województwa, powiatu lub wójt (burmistrz, prezydent miasta) sporządza na okres 4 lat odpowiednio wojewódzki, powiatowy lub gminny program opieki nad zabytkami","Zarząd województwa, powiatu lub minister właściwy do spraw kultury i ochrony dziedzictwa narodowego sporządza na okres 4 lat odpowiednio wojewódzki, powiatowy lub gminny program opieki nad zabytkami",3,"Art. 87 ustawy przewiduje, że zarząd województwa, powiatu lub wójt (burmistrz, prezydent miasta) sporządza na okres 4 lat odpowiednio wojewódzki, powiatowy lub gminny program opieki nad zabytkami."
Co wynika z art. 88 ustawy o ochronie zabytków i opiece nad zabytkami?,"W celu koordynacji przedsięwzięć związanych z ochroną zabytków w razie konfliktu zbrojnego wojewódzki konserwator zabytków może utworzyć, w drodze rozporządzenia, Polski Komitet Doradczy, będący jej organem pomocniczym","W celu koordynacji przedsięwzięć związanych z ochroną zabytków w razie konfliktu zbrojnego Generalny Konserwator Zabytków może utworzyć, w drodze rozporządzenia, Polski Komitet Doradczy, będący jej organem pomocniczym","W celu koordynacji przedsięwzięć związanych z ochroną zabytków w razie konfliktu zbrojnego minister właściwy do spraw kultury i ochrony dziedzictwa narodowego może utworzyć, w drodze rozporządzenia, Polski Komitet Doradczy, będący jej organem pomocniczym","W celu koordynacji przedsięwzięć związanych z ochroną zabytków w razie konfliktu zbrojnego Rada Ministrów może utworzyć, w drodze rozporządzenia, Polski Komitet Doradczy, będący jej organem pomocniczym",4,"Art. 88 ustawy przewiduje, że w celu koordynacji przedsięwzięć związanych z ochroną zabytków w razie konfliktu zbrojnego Rada Ministrów może utworzyć, w drodze rozporządzenia, Polski Komitet Doradczy, będący jej organem pomocniczym."
Które z poniższych stwierdzeń prawidłowo oddaje treść art. 89 ustawy?,"Wojewoda, w imieniu którego zadania i kompetencje, w tym zakresie, wykonuje wojewódzki konserwator zabytków","Wojewoda, w imieniu którego zadania i kompetencje, w tym zakresie, wykonuje Generalny Konserwator Zabytków","Wojewoda, w imieniu którego zadania i kompetencje, w tym zakresie, wykonuje minister właściwy do spraw kultury i ochrony dziedzictwa narodowego","Wojewoda, w imieniu którego zadania i kompetencje, w tym zakresie, wykonuje starosta",1,"Art. 89 ustawy przewiduje, że wojewoda, w imieniu którego zadania i kompetencje, w tym zakresie, wykonuje wojewódzki konserwator zabytków."
Które stwierdzenie jest zgodne z art. 90 ustawy?,Czynność ta zawsze wymaga uprzedniej zgody sądu administracyjnego.,"Wydawanie decyzji, postanowień i zaświadczeń w sprawach określonych w ustawie oraz w przepisach odrębnych","Ustawa pozostawia tę kwestię wyłącznie uznaniu właściciela zabytku, bez udziału organów ochrony zabytków.",Przepis ma zastosowanie wyłącznie do zabytków znajdujących się poza terytorium Rzeczypospolitej Polskiej.,2,"Art. 90 ustawy przewiduje, że wydawanie decyzji, postanowień i zaświadczeń w sprawach określonych w ustawie oraz w przepisach odrębnych."
Co wynika z art. 91 ustawy o ochronie zabytków i opiece nad zabytkami?,"Wojewódzkim konserwatorem zabytków może zostać osoba, która: 2) jest obywatelem polskim","Wojewódzkim konserwatorem zabytków nie może zostać osoba, która: 1) jest obywatelem polskim","Wojewódzkim konserwatorem zabytków może zostać osoba, która: 1) jest obywatelem polskim","Wojewódzkim konserwatorem zabytków może zostać osoba, która: 1) nie jest obywatelem polskim",3,"Art. 91 ustawy przewiduje, że wojewódzkim konserwatorem zabytków może zostać osoba, która: 1) jest obywatelem polskim."
Które z poniższych stwierdzeń prawidłowo oddaje treść art. 92 ustawy?,Wojewódzki urząd ochrony zabytków działa na podstawie regulaminu nadanego przez wojewodę wyłącznie z urzędu wojewódzkiego konserwatora zabytków,Czynność ta zawsze wymaga uprzedniej zgody sądu administracyjnego.,"Ustawa pozostawia tę kwestię wyłącznie uznaniu właściciela zabytku, bez udziału organów ochrony zabytków.",Wojewódzki urząd ochrony zabytków działa na podstawie regulaminu nadanego przez wojewodę na wniosek wojewódzkiego konserwatora zabytków,4,"Art. 92 ustawy przewiduje, że wojewódzki urząd ochrony zabytków działa na podstawie regulaminu nadanego przez wojewodę na wniosek wojewódzkiego konserwatora zabytków."
Które stwierdzenie jest zgodne z art. 93 ustawy?,"W sprawach o wydawanie pozwoleń, określonych w art. 51 ust. 1 i 3, na wywóz zabytków będących materiałami bibliotecznymi za granicę, prowadzącym postępowanie w pierwszej instancji jest Dyrektor Biblioteki Narodowej, a organem wyższego stopnia minister właściwy do spraw kultury i ochrony dziedzictwa narodowego","W sprawach o wydawanie pozwoleń, określonych w art. 51 ust. 1 i 3, na wywóz zabytków będących materiałami bibliotecznymi za granicę, prowadzącym postępowanie w pierwszej instancji jest Dyrektor Biblioteki Narodowej, a organem wyższego stopnia wojewódzki konserwator zabytków","W sprawach o wydawanie pozwoleń, określonych w art. 51 ust. 1 i 3, na wywóz zabytków będących materiałami bibliotecznymi za granicę, prowadzącym postępowanie w pierwszej instancji jest Dyrektor Biblioteki Narodowej, a organem wyższego stopnia Generalny Konserwator Zabytków","W sprawach o wydawanie pozwoleń, określonych w art. 51 ust. 1 i 3, na wywóz zabytków będących materiałami bibliotecznymi za granicę, prowadzącym postępowanie w pierwszej instancji jest Dyrektor Biblioteki Narodowej, a organem wyższego stopnia starosta",1,"Art. 93 ustawy przewiduje, że w sprawach o wydawanie pozwoleń, określonych w art. 51 ust. 1 i 3, na wywóz zabytków będących materiałami bibliotecznymi za granicę, prowadzącym postępowanie w pierwszej instancji jest Dyrektor Biblioteki Narodowej, a organem wyższego stopnia minister właściwy do spraw kultury i ochrony dziedzictwa narodowego."
Co wynika z art. 95 ustawy o ochronie zabytków i opiece nad zabytkami?,"wojewódzki konserwator zabytków lub wojewódzki konserwator zabytków mogą w sprawach ochrony zabytków, dziedzictwa kulturowego, w tym zbiorów publicznych, restytucji dóbr kultury, w tym zwrotu dóbr kultury wyprowadzonych z naruszeniem prawa z terytorium Rzeczypospolitej Polskiej, występować na prawach strony w postępowaniu administracyjnym oraz na prawach oskarżyciela publicznego w postępowaniu w sprawach o wykroczenia","Minister właściwy do spraw kultury i ochrony dziedzictwa narodowego lub wojewódzki konserwator zabytków mogą w sprawach ochrony zabytków, dziedzictwa kulturowego, w tym zbiorów publicznych, restytucji dóbr kultury, w tym zwrotu dóbr kultury wyprowadzonych z naruszeniem prawa z terytorium Rzeczypospolitej Polskiej, występować na prawach strony w postępowaniu administracyjnym oraz na prawach oskarżyciela publicznego w postępowaniu w sprawach o wykroczenia","Generalny Konserwator Zabytków lub wojewódzki konserwator zabytków mogą w sprawach ochrony zabytków, dziedzictwa kulturowego, w tym zbiorów publicznych, restytucji dóbr kultury, w tym zwrotu dóbr kultury wyprowadzonych z naruszeniem prawa z terytorium Rzeczypospolitej Polskiej, występować na prawach strony w postępowaniu administracyjnym oraz na prawach oskarżyciela publicznego w postępowaniu w sprawach o wykroczenia","starosta lub wojewódzki konserwator zabytków mogą w sprawach ochrony zabytków, dziedzictwa kulturowego, w tym zbiorów publicznych, restytucji dóbr kultury, w tym zwrotu dóbr kultury wyprowadzonych z naruszeniem prawa z terytorium Rzeczypospolitej Polskiej, występować na prawach strony w postępowaniu administracyjnym oraz na prawach oskarżyciela publicznego w postępowaniu w sprawach o wykroczenia",2,"Art. 95 ustawy przewiduje, że minister właściwy do spraw kultury i ochrony dziedzictwa narodowego lub wojewódzki konserwator zabytków mogą w sprawach ochrony zabytków, dziedzictwa kulturowego, w tym zbiorów publicznych, restytucji dóbr kultury, w tym zwrotu dóbr kultury wyprowadzonych z naruszeniem prawa z terytorium Rzeczypospolitej Polskiej, występować na prawach strony w postępowaniu administracyjnym oraz na prawach oskarżyciela publicznego w postępowaniu w sprawach o wykroczenia."
Które z poniższych stwierdzeń prawidłowo oddaje treść art. 96 ustawy?,"Powierzenie spraw, w tym wydawania decyzji administracyjnych, kierownikom, o których mowa w ust. 4, może nastąpić za zgodą organizatora właściwego dla tych instytucji","Powierzenie spraw, w tym wydawania decyzji administracyjnych, kierownikom, o których mowa w ust. 3, nie może nastąpić za zgodą organizatora właściwego dla tych instytucji","Powierzenie spraw, w tym wydawania decyzji administracyjnych, kierownikom, o których mowa w ust. 3, może nastąpić za zgodą organizatora właściwego dla tych instytucji",Czynność ta zawsze wymaga uprzedniej zgody sądu administracyjnego.,3,"Art. 96 ustawy przewiduje, że powierzenie spraw, w tym wydawania decyzji administracyjnych, kierownikom, o których mowa w ust. 3, może nastąpić za zgodą organizatora właściwego dla tych instytucji."
Które stwierdzenie jest zgodne z art. 97 ustawy?,Członków Rady Ochrony Zabytków w liczbie od 10 do 20 powołuje na okres 5 lat spośród osób posiadających wybitne osiągnięcia i zasługi w ochronie zabytków lub w opiece nad zabytkami i odwołuje wojewódzki konserwator zabytków,Członków Rady Ochrony Zabytków w liczbie od 10 do 20 powołuje na okres 5 lat spośród osób posiadających wybitne osiągnięcia i zasługi w ochronie zabytków lub w opiece nad zabytkami i odwołuje Generalny Konserwator Zabytków,Członków Rady Ochrony Zabytków w liczbie od 10 do 20 powołuje na okres 5 lat spośród osób posiadających wybitne osiągnięcia i zasługi w ochronie zabytków lub w opiece nad zabytkami i odwołuje starosta,Członków Rady Ochrony Zabytków w liczbie od 10 do 20 powołuje na okres 5 lat spośród osób posiadających wybitne osiągnięcia i zasługi w ochronie zabytków lub w opiece nad zabytkami i odwołuje minister właściwy do spraw kultury i ochrony dziedzictwa narodowego,4,"Art. 97 ustawy przewiduje, że członków Rady Ochrony Zabytków w liczbie od 10 do 20 powołuje na okres 5 lat spośród osób posiadających wybitne osiągnięcia i zasługi w ochronie zabytków lub w opiece nad zabytkami i odwołuje minister właściwy do spraw kultury i ochrony dziedzictwa narodowego."
Co wynika z art. 98 ustawy o ochronie zabytków i opiece nad zabytkami?,"Główna Komisja Konserwatorska wydaje, w szczególności, opinie w sprawach: 1) stosowania metod, technologii i materiałów niezbędnych dla ratowania zabytków","Główna Komisja Konserwatorska wydaje, w szczególności, opinie w sprawach: 2) stosowania metod, technologii i materiałów niezbędnych dla ratowania zabytków",Czynność ta zawsze wymaga uprzedniej zgody sądu administracyjnego.,"Ustawa pozostawia tę kwestię wyłącznie uznaniu właściciela zabytku, bez udziału organów ochrony zabytków.",1,"Art. 98 ustawy przewiduje, że główna Komisja Konserwatorska wydaje, w szczególności, opinie w sprawach: 1) stosowania metod, technologii i materiałów niezbędnych dla ratowania zabytków."
Które z poniższych stwierdzeń prawidłowo oddaje treść art. 99 ustawy?,"W skład Wojewódzkiej Rady Ochrony Zabytków wchodzi od 5 do 10 członków, powoływanych na okres 4 lata spośród specjalistów w określonych dziedzinach ochrony zabytków i opieki nad zabytkami i odwoływanych przez wojewódzkiego konserwatora zabytków, po uzyskaniu pozytywnej opinii Generalnego Konserwatora Zabytków","W skład Wojewódzkiej Rady Ochrony Zabytków wchodzi od 5 do 10 członków, powoływanych na okres 5 lat spośród specjalistów w określonych dziedzinach ochrony zabytków i opieki nad zabytkami i odwoływanych przez wojewódzkiego konserwatora zabytków, po uzyskaniu pozytywnej opinii Generalnego Konserwatora Zabytków",Czynność ta zawsze wymaga uprzedniej zgody sądu administracyjnego.,"Ustawa pozostawia tę kwestię wyłącznie uznaniu właściciela zabytku, bez udziału organów ochrony zabytków.",2,"Art. 99 ustawy przewiduje, że w skład Wojewódzkiej Rady Ochrony Zabytków wchodzi od 5 do 10 członków, powoływanych na okres 5 lat spośród specjalistów w określonych dziedzinach ochrony zabytków i opieki nad zabytkami i odwoływanych przez wojewódzkiego konserwatora zabytków, po uzyskaniu pozytywnej opinii Generalnego Konserwatora Zabytków."
Które stwierdzenie jest zgodne z art. 100 ustawy?,wojewódzki konserwator zabytków prowadzi listę rzeczoznawców w celu ich ewidencjonowania,Generalny Konserwator Zabytków prowadzi listę rzeczoznawców w celu ich ewidencjonowania,Minister właściwy do spraw kultury i ochrony dziedzictwa narodowego prowadzi listę rzeczoznawców w celu ich ewidencjonowania,starosta prowadzi listę rzeczoznawców w celu ich ewidencjonowania,3,"Art. 100 ustawy przewiduje, że minister właściwy do spraw kultury i ochrony dziedzictwa narodowego prowadzi listę rzeczoznawców w celu ich ewidencjonowania."
Co wynika z art. 101 ustawy o ochronie zabytków i opiece nad zabytkami?,"wojewódzki konserwator zabytków określi, w drodze rozporządzenia, dziedziny, w których ustanawia się rzeczoznawców, wymagania, jakie powinni spełniać kandydaci na rzeczoznawców, tryb postępowania w sprawie nadania lub cofnięcia uprawnień rzeczoznawców, zakres ich praw i obowiązków oraz organizację obsługi rzeczoznawców","Generalny Konserwator Zabytków określi, w drodze rozporządzenia, dziedziny, w których ustanawia się rzeczoznawców, wymagania, jakie powinni spełniać kandydaci na rzeczoznawców, tryb postępowania w sprawie nadania lub cofnięcia uprawnień rzeczoznawców, zakres ich praw i obowiązków oraz organizację obsługi rzeczoznawców","starosta określi, w drodze rozporządzenia, dziedziny, w których ustanawia się rzeczoznawców, wymagania, jakie powinni spełniać kandydaci na rzeczoznawców, tryb postępowania w sprawie nadania lub cofnięcia uprawnień rzeczoznawców, zakres ich praw i obowiązków oraz organizację obsługi rzeczoznawców","Minister właściwy do spraw kultury i ochrony dziedzictwa narodowego określi, w drodze rozporządzenia, dziedziny, w których ustanawia się rzeczoznawców, wymagania, jakie powinni spełniać kandydaci na rzeczoznawców, tryb postępowania w sprawie nadania lub cofnięcia uprawnień rzeczoznawców, zakres ich praw i obowiązków oraz organizację obsługi rzeczoznawców",4,"Art. 101 ustawy przewiduje, że minister właściwy do spraw kultury i ochrony dziedzictwa narodowego określi, w drodze rozporządzenia, dziedziny, w których ustanawia się rzeczoznawców, wymagania, jakie powinni spełniać kandydaci na rzeczoznawców, tryb postępowania w sprawie nadania lub cofnięcia uprawnień rzeczoznawców, zakres ich praw i obowiązków oraz organizację obsługi rzeczoznawców."
Które z poniższych stwierdzeń prawidłowo oddaje treść art. 102 ustawy?,Zadania społecznego opiekuna zabytków może wykonywać również osoba prawna lub inna jednostka organizacyjna nieposiadająca osobowości prawnej,Zadania społecznego opiekuna zabytków nie może wykonywać również osoba prawna lub inna jednostka organizacyjna nieposiadająca osobowości prawnej,Czynność ta zawsze wymaga uprzedniej zgody sądu administracyjnego.,"Ustawa pozostawia tę kwestię wyłącznie uznaniu właściciela zabytku, bez udziału organów ochrony zabytków.",1,"Art. 102 ustawy przewiduje, że zadania społecznego opiekuna zabytków może wykonywać również osoba prawna lub inna jednostka organizacyjna nieposiadająca osobowości prawnej."
Które stwierdzenie jest zgodne z art. 103 ustawy?,wojewódzki konserwator zabytków prowadzi listę społecznych opiekunów zabytków,Starosta prowadzi listę społecznych opiekunów zabytków,Generalny Konserwator Zabytków prowadzi listę społecznych opiekunów zabytków,minister właściwy do spraw kultury i ochrony dziedzictwa narodowego prowadzi listę społecznych opiekunów zabytków,2,"Art. 103 ustawy przewiduje, że starosta prowadzi listę społecznych opiekunów zabytków."
Co wynika z art. 104 ustawy o ochronie zabytków i opiece nad zabytkami?,Społeczny opiekun zabytków nie jest uprawniony do pouczania osób naruszających przepisy o ochronie zabytków i opiece nad zabytkami,Czynność ta zawsze wymaga uprzedniej zgody sądu administracyjnego.,Społeczny opiekun zabytków jest uprawniony do pouczania osób naruszających przepisy o ochronie zabytków i opiece nad zabytkami,"Ustawa pozostawia tę kwestię wyłącznie uznaniu właściciela zabytku, bez udziału organów ochrony zabytków.",3,"Art. 104 ustawy przewiduje, że społeczny opiekun zabytków jest uprawniony do pouczania osób naruszających przepisy o ochronie zabytków i opiece nad zabytkami."
Które z poniższych stwierdzeń prawidłowo oddaje treść art. 105 ustawy?,"Osobie fizycznej pełniącej funkcję społecznego opiekuna zabytków wojewódzki konserwator zabytków wydaje legitymację społecznego opiekuna zabytków, która zawiera jego zdjęcie, imię, nazwisko i miejsce zamieszkania, datę wydania legitymacji oraz podpis z podaniem imienia i nazwiska, a także stanowiska służbowego osoby upoważnionej do wydania legitymacji","Osobie fizycznej pełniącej funkcję społecznego opiekuna zabytków Generalny Konserwator Zabytków wydaje legitymację społecznego opiekuna zabytków, która zawiera jego zdjęcie, imię, nazwisko i miejsce zamieszkania, datę wydania legitymacji oraz podpis z podaniem imienia i nazwiska, a także stanowiska służbowego osoby upoważnionej do wydania legitymacji","Osobie fizycznej pełniącej funkcję społecznego opiekuna zabytków minister właściwy do spraw kultury i ochrony dziedzictwa narodowego wydaje legitymację społecznego opiekuna zabytków, która zawiera jego zdjęcie, imię, nazwisko i miejsce zamieszkania, datę wydania legitymacji oraz podpis z podaniem imienia i nazwiska, a także stanowiska służbowego osoby upoważnionej do wydania legitymacji","Osobie fizycznej pełniącej funkcję społecznego opiekuna zabytków starosta wydaje legitymację społecznego opiekuna zabytków, która zawiera jego zdjęcie, imię, nazwisko i miejsce zamieszkania, datę wydania legitymacji oraz podpis z podaniem imienia i nazwiska, a także stanowiska służbowego osoby upoważnionej do wydania legitymacji",4,"Art. 105 ustawy przewiduje, że osobie fizycznej pełniącej funkcję społecznego opiekuna zabytków starosta wydaje legitymację społecznego opiekuna zabytków, która zawiera jego zdjęcie, imię, nazwisko i miejsce zamieszkania, datę wydania legitymacji oraz podpis z podaniem imienia i nazwiska, a także stanowiska służbowego osoby upoważnionej do wydania legitymacji."
Które stwierdzenie jest zgodne z art. 106 ustawy?,Odznakę „Za opiekę nad zabytkami” przyznaje minister właściwy do spraw kultury i ochrony dziedzictwa narodowego z własnej inicjatywy lub na wniosek: 1) ministra,Odznakę „Za opiekę nad zabytkami” przyznaje wojewódzki konserwator zabytków z własnej inicjatywy lub na wniosek: 1) ministra,Odznakę „Za opiekę nad zabytkami” przyznaje Generalny Konserwator Zabytków z własnej inicjatywy lub na wniosek: 1) ministra,Odznakę „Za opiekę nad zabytkami” przyznaje starosta z własnej inicjatywy lub na wniosek: 1) ministra,1,"Art. 106 ustawy przewiduje, że odznakę „Za opiekę nad zabytkami” przyznaje minister właściwy do spraw kultury i ochrony dziedzictwa narodowego z własnej inicjatywy lub na wniosek: 1) ministra."
Co wynika z art. 107 ustawy o ochronie zabytków i opiece nad zabytkami?,"wojewódzki konserwator zabytków określi, w drodze rozporządzenia, tryb składania wniosków o przyznanie odznaki „Za opiekę nad zabytkami”, jej wzór rysunkowy i wymiary oraz sposób jej wręczania i noszenia, uwzględniając wzornictwo stosowane w polskiej falerystyce","Minister właściwy do spraw kultury i ochrony dziedzictwa narodowego określi, w drodze rozporządzenia, tryb składania wniosków o przyznanie odznaki „Za opiekę nad zabytkami”, jej wzór rysunkowy i wymiary oraz sposób jej wręczania i noszenia, uwzględniając wzornictwo stosowane w polskiej falerystyce","Generalny Konserwator Zabytków określi, w drodze rozporządzenia, tryb składania wniosków o przyznanie odznaki „Za opiekę nad zabytkami”, jej wzór rysunkowy i wymiary oraz sposób jej wręczania i noszenia, uwzględniając wzornictwo stosowane w polskiej falerystyce","starosta określi, w drodze rozporządzenia, tryb składania wniosków o przyznanie odznaki „Za opiekę nad zabytkami”, jej wzór rysunkowy i wymiary oraz sposób jej wręczania i noszenia, uwzględniając wzornictwo stosowane w polskiej falerystyce",2,"Art. 107 ustawy przewiduje, że minister właściwy do spraw kultury i ochrony dziedzictwa narodowego określi, w drodze rozporządzenia, tryb składania wniosków o przyznanie odznaki „Za opiekę nad zabytkami”, jej wzór rysunkowy i wymiary oraz sposób jej wręczania i noszenia, uwzględniając wzornictwo stosowane w polskiej falerystyce."
Które z poniższych stwierdzeń prawidłowo oddaje treść art. 107a ustawy?,"Karę pieniężną, o której mowa w ust. 2, nakłada w drodze decyzji organ ochrony zabytków, którego właściciel lub posiadacz obowiązany był powiadomić","Karę pieniężną, o której mowa w ust. 1, nakłada w drodze uchwały organ ochrony zabytków, którego właściciel lub posiadacz obowiązany był powiadomić","Karę pieniężną, o której mowa w ust. 1, nakłada w drodze decyzji organ ochrony zabytków, którego właściciel lub posiadacz obowiązany był powiadomić",Czynność ta zawsze wymaga uprzedniej zgody sądu administracyjnego.,3,"Art. 107a ustawy przewiduje, że karę pieniężną, o której mowa w ust. 1, nakłada w drodze decyzji organ ochrony zabytków, którego właściciel lub posiadacz obowiązany był powiadomić."
Które stwierdzenie jest zgodne z art. 107b ustawy?,"Karę pieniężną, o której mowa w ust. 2, nakłada w drodze decyzji organ, który wydał pozwolenie na wywóz zabytku za granicę","Karę pieniężną, o której mowa w ust. 1, nakłada w drodze uchwały organ, który wydał pozwolenie na wywóz zabytku za granicę",Czynność ta zawsze wymaga uprzedniej zgody sądu administracyjnego.,"Karę pieniężną, o której mowa w ust. 1, nakłada w drodze decyzji organ, który wydał pozwolenie na wywóz zabytku za granicę",4,"Art. 107b ustawy przewiduje, że karę pieniężną, o której mowa w ust. 1, nakłada w drodze decyzji organ, który wydał pozwolenie na wywóz zabytku za granicę."
Co wynika z art. 107c ustawy o ochronie zabytków i opiece nad zabytkami?,"Karę pieniężną, o której mowa w ust. 1, nakłada w drodze decyzji organ ochrony zabytków, któremu uniemożliwiono lub utrudniono dostęp do zabytku","Karę pieniężną, o której mowa w ust. 2, nakłada w drodze decyzji organ ochrony zabytków, któremu uniemożliwiono lub utrudniono dostęp do zabytku","Karę pieniężną, o której mowa w ust. 1, nakłada w drodze uchwały organ ochrony zabytków, któremu uniemożliwiono lub utrudniono dostęp do zabytku",Czynność ta zawsze wymaga uprzedniej zgody sądu administracyjnego.,1,"Art. 107c ustawy przewiduje, że karę pieniężną, o której mowa w ust. 1, nakłada w drodze decyzji organ ochrony zabytków, któremu uniemożliwiono lub utrudniono dostęp do zabytku."
Które z poniższych stwierdzeń prawidłowo oddaje treść art. 107d ustawy?,"Karę pieniężną, o której mowa w ust. 2–4, nakłada w drodze decyzji organ ochrony zabytków, który wydał pozwolenie bądź był właściwy do wydania pozwolenia","Karę pieniężną, o której mowa w ust. 1–4, nakłada w drodze decyzji organ ochrony zabytków, który wydał pozwolenie bądź był właściwy do wydania pozwolenia","Karę pieniężną, o której mowa w ust. 1–4, nakłada w drodze uchwały organ ochrony zabytków, który wydał pozwolenie bądź był właściwy do wydania pozwolenia",Czynność ta zawsze wymaga uprzedniej zgody sądu administracyjnego.,2,"Art. 107d ustawy przewiduje, że karę pieniężną, o której mowa w ust. 1–4, nakłada w drodze decyzji organ ochrony zabytków, który wydał pozwolenie bądź był właściwy do wydania pozwolenia."
Które stwierdzenie jest zgodne z art. 107e ustawy?,"Karę pieniężną, o której mowa w ust. 2, nakłada w drodze decyzji organ ochrony zabytków, który wydał zalecenia pokontrolne","Karę pieniężną, o której mowa w ust. 1, nakłada w drodze uchwały organ ochrony zabytków, który wydał zalecenia pokontrolne","Karę pieniężną, o której mowa w ust. 1, nakłada w drodze decyzji organ ochrony zabytków, który wydał zalecenia pokontrolne",Czynność ta zawsze wymaga uprzedniej zgody sądu administracyjnego.,3,"Art. 107e ustawy przewiduje, że karę pieniężną, o której mowa w ust. 1, nakłada w drodze decyzji organ ochrony zabytków, który wydał zalecenia pokontrolne."
Co wynika z art. 107f ustawy o ochronie zabytków i opiece nad zabytkami?,"Karę pieniężną uiszcza się w terminie 30 dni od dnia, w którym decyzja o jej nałożeniu stała się ostateczna",Czynność ta zawsze wymaga uprzedniej zgody sądu administracyjnego.,"Ustawa pozostawia tę kwestię wyłącznie uznaniu właściciela zabytku, bez udziału organów ochrony zabytków.","Karę pieniężną uiszcza się w terminie 14 dni od dnia, w którym decyzja o jej nałożeniu stała się ostateczna",4,"Art. 107f ustawy przewiduje, że karę pieniężną uiszcza się w terminie 14 dni od dnia, w którym decyzja o jej nałożeniu stała się ostateczna."
Które z poniższych stwierdzeń prawidłowo oddaje treść art. 107g ustawy?,Do kar pieniężnych stosuje się przepisy działu IVa Kodeksu postępowania administracyjnego,Czynność ta zawsze wymaga uprzedniej zgody sądu administracyjnego.,"Ustawa pozostawia tę kwestię wyłącznie uznaniu właściciela zabytku, bez udziału organów ochrony zabytków.",Przepis ma zastosowanie wyłącznie do zabytków znajdujących się poza terytorium Rzeczypospolitej Polskiej.,1,"Art. 107g ustawy przewiduje, że do kar pieniężnych stosuje się przepisy działu IVa Kodeksu postępowania administracyjnego."
Które stwierdzenie jest zgodne z art. 107h ustawy?,"Wierzycielem należności z tytułu administracyjnych kar pieniężnych, o których mowa w art. 107a–107e, w rozumieniu przepisów o postępowaniu egzekucyjnym w administracji, nie jest organ właściwy do nałożenia kary","Wierzycielem należności z tytułu administracyjnych kar pieniężnych, o których mowa w art. 107a–107e, w rozumieniu przepisów o postępowaniu egzekucyjnym w administracji, jest organ właściwy do nałożenia kary",Czynność ta zawsze wymaga uprzedniej zgody sądu administracyjnego.,"Ustawa pozostawia tę kwestię wyłącznie uznaniu właściciela zabytku, bez udziału organów ochrony zabytków.",2,"Art. 107h ustawy przewiduje, że wierzycielem należności z tytułu administracyjnych kar pieniężnych, o których mowa w art. 107a–107e, w rozumieniu przepisów o postępowaniu egzekucyjnym w administracji, jest organ właściwy do nałożenia kary."
Co wynika z art. 107i ustawy o ochronie zabytków i opiece nad zabytkami?,Czynność ta zawsze wymaga uprzedniej zgody sądu administracyjnego.,"Ustawa pozostawia tę kwestię wyłącznie uznaniu właściciela zabytku, bez udziału organów ochrony zabytków.","Organy egzekucyjne przekazują wpływy z kar pieniężnych, o których mowa w art. 107a–107e, na rachunek Narodowego Funduszu Ochrony Zabytków",Przepis ma zastosowanie wyłącznie do zabytków znajdujących się poza terytorium Rzeczypospolitej Polskiej.,3,"Art. 107i ustawy przewiduje, że organy egzekucyjne przekazują wpływy z kar pieniężnych, o których mowa w art. 107a–107e, na rachunek Narodowego Funduszu Ochrony Zabytków."
Które z poniższych stwierdzeń prawidłowo oddaje treść art. 108 ustawy?,"Kto niszczy lub uszkadza zabytek, podlega karze pozbawienia wolności od 12 miesięcy do lat 8","Kto niszczy lub uszkadza zabytek, nie podlega karze pozbawienia wolności od 6 miesięcy do lat 8",Czynność ta zawsze wymaga uprzedniej zgody sądu administracyjnego.,"Kto niszczy lub uszkadza zabytek, podlega karze pozbawienia wolności od 6 miesięcy do lat 8",4,"Art. 108 ustawy przewiduje, że kto niszczy lub uszkadza zabytek, podlega karze pozbawienia wolności od 6 miesięcy do lat 8."
Które stwierdzenie jest zgodne z art. 108a ustawy?,"W wypadku mniejszej wagi, sprawca podlega grzywnie","W wypadku mniejszej wagi, sprawca nie podlega grzywnie",Czynność ta zawsze wymaga uprzedniej zgody sądu administracyjnego.,"Ustawa pozostawia tę kwestię wyłącznie uznaniu właściciela zabytku, bez udziału organów ochrony zabytków.",1,"Art. 108a ustawy przewiduje, że w wypadku mniejszej wagi, sprawca podlega grzywnie."
Co wynika z art. 109 ustawy o ochronie zabytków i opiece nad zabytkami?,"Sąd nie może orzec przepadek zabytku, chociażby nie stanowił on własności sprawcy","Sąd może orzec przepadek zabytku, chociażby nie stanowił on własności sprawcy",Czynność ta zawsze wymaga uprzedniej zgody sądu administracyjnego.,"Ustawa pozostawia tę kwestię wyłącznie uznaniu właściciela zabytku, bez udziału organów ochrony zabytków.",2,"Art. 109 ustawy przewiduje, że sąd może orzec przepadek zabytku, chociażby nie stanowił on własności sprawcy."
Które z poniższych stwierdzeń prawidłowo oddaje treść art. 109a ustawy?,"Kto podrabia lub przerabia zabytek w celu użycia go w obrocie zabytkami, podlega grzywnie, karze ograniczenia wolności albo pozbawienia wolności do lat 3","Kto podrabia lub przerabia zabytek w celu użycia go w obrocie zabytkami, nie podlega grzywnie, karze ograniczenia wolności albo pozbawienia wolności do lat 2","Kto podrabia lub przerabia zabytek w celu użycia go w obrocie zabytkami, podlega grzywnie, karze ograniczenia wolności albo pozbawienia wolności do lat 2",Czynność ta zawsze wymaga uprzedniej zgody sądu administracyjnego.,3,"Art. 109a ustawy przewiduje, że kto podrabia lub przerabia zabytek w celu użycia go w obrocie zabytkami, podlega grzywnie, karze ograniczenia wolności albo pozbawienia wolności do lat 2."
Które stwierdzenie jest zgodne z art. 109b ustawy?,"Kto rzecz ruchomą zbywa jako zabytek ruchomy albo zbywa zabytek jako inny zabytek, wiedząc, że są one podrobione lub przerobione, podlega grzywnie, karze ograniczenia wolności albo pozbawienia wolności do lat 3","Kto rzecz ruchomą zbywa jako zabytek ruchomy albo zbywa zabytek jako inny zabytek, wiedząc, że są one podrobione lub przerobione, nie podlega grzywnie, karze ograniczenia wolności albo pozbawienia wolności do lat 2","Kto rzecz ruchomą zbywa jako zabytek ruchomy albo zbywa zabytek jako inny zabytek, wiedząc, że nie są one podrobione lub przerobione, podlega grzywnie, karze ograniczenia wolności albo pozbawienia wolności do lat 2","Kto rzecz ruchomą zbywa jako zabytek ruchomy albo zbywa zabytek jako inny zabytek, wiedząc, że są one podrobione lub przerobione, podlega grzywnie, karze ograniczenia wolności albo pozbawienia wolności do lat 2",4,"Art. 109b ustawy przewiduje, że kto rzecz ruchomą zbywa jako zabytek ruchomy albo zbywa zabytek jako inny zabytek, wiedząc, że są one podrobione lub przerobione, podlega grzywnie, karze ograniczenia wolności albo pozbawienia wolności do lat 2."
Co wynika z art. 109c ustawy o ochronie zabytków i opiece nad zabytkami?,"Kto bez pozwolenia albo wbrew warunkom pozwolenia poszukuje ukrytych lub porzuconych zabytków, w tym przy użyciu wszelkiego rodzaju urządzeń elektronicznych i technicznych oraz sprzętu do nurkowania, podlega grzywnie, karze ograniczenia wolności albo pozbawienia wolności do lat 2","Kto bez pozwolenia albo wbrew warunkom pozwolenia poszukuje ukrytych lub porzuconych zabytków, w tym przy użyciu wszelkiego rodzaju urządzeń elektronicznych i technicznych oraz sprzętu do nurkowania, podlega grzywnie, karze ograniczenia wolności albo pozbawienia wolności do lat 3","Kto bez pozwolenia albo wbrew warunkom pozwolenia poszukuje ukrytych lub porzuconych zabytków, w tym przy użyciu wszelkiego rodzaju urządzeń elektronicznych i technicznych oraz sprzętu do nurkowania, nie podlega grzywnie, karze ograniczenia wolności albo pozbawienia wolności do lat 2",Czynność ta zawsze wymaga uprzedniej zgody sądu administracyjnego.,1,"Art. 109c ustawy przewiduje, że kto bez pozwolenia albo wbrew warunkom pozwolenia poszukuje ukrytych lub porzuconych zabytków, w tym przy użyciu wszelkiego rodzaju urządzeń elektronicznych i technicznych oraz sprzętu do nurkowania, podlega grzywnie, karze ograniczenia wolności albo pozbawienia wolności do lat 2."
Które z poniższych stwierdzeń prawidłowo oddaje treść art. 109d ustawy?,"Tej samej karze nie podlega, kto na polskich obszarach morskich bez pozwolenia albo wbrew warunkom pozwolenia poszukuje ukrytych lub porzuconych zabytków ruchomych przy użyciu urządzenia elektronicznego lub technicznego","Tej samej karze podlega, kto na polskich obszarach morskich bez pozwolenia albo wbrew warunkom pozwolenia poszukuje ukrytych lub porzuconych zabytków ruchomych przy użyciu urządzenia elektronicznego lub technicznego",Czynność ta zawsze wymaga uprzedniej zgody sądu administracyjnego.,"Ustawa pozostawia tę kwestię wyłącznie uznaniu właściciela zabytku, bez udziału organów ochrony zabytków.",2,"Art. 109d ustawy przewiduje, że tej samej karze podlega, kto na polskich obszarach morskich bez pozwolenia albo wbrew warunkom pozwolenia poszukuje ukrytych lub porzuconych zabytków ruchomych przy użyciu urządzenia elektronicznego lub technicznego."
Które stwierdzenie jest zgodne z art. 109e ustawy?,"Kto prowadzi poszukiwania ukrytych lub porzuconych zabytków ruchomych przy użyciu urządzenia elektronicznego lub technicznego bez dopełnienia obowiązku dokonania zgłoszenia poszukiwań, podlega grzywnie, karze ograniczenia wolności albo pozbawienia wolności do lat 3","Kto prowadzi poszukiwania ukrytych lub porzuconych zabytków ruchomych przy użyciu urządzenia elektronicznego lub technicznego bez dopełnienia obowiązku dokonania zgłoszenia poszukiwań, nie podlega grzywnie, karze ograniczenia wolności albo pozbawienia wolności do lat 2","Kto prowadzi poszukiwania ukrytych lub porzuconych zabytków ruchomych przy użyciu urządzenia elektronicznego lub technicznego bez dopełnienia obowiązku dokonania zgłoszenia poszukiwań, podlega grzywnie, karze ograniczenia wolności albo pozbawienia wolności do lat 2",Czynność ta zawsze wymaga uprzedniej zgody sądu administracyjnego.,3,"Art. 109e ustawy przewiduje, że kto prowadzi poszukiwania ukrytych lub porzuconych zabytków ruchomych przy użyciu urządzenia elektronicznego lub technicznego bez dopełnienia obowiązku dokonania zgłoszenia poszukiwań, podlega grzywnie, karze ograniczenia wolności albo pozbawienia wolności do lat 2."
Co wynika z art. 110 ustawy o ochronie zabytków i opiece nad zabytkami?,"Kto będąc właścicielem lub posiadaczem zabytku nie zabezpieczył go w należyty sposób przed uszkodzeniem, zniszczeniem, zaginięciem lub kradzieżą, nie podlega karze aresztu, ograniczenia wolności albo grzywny",Czynność ta zawsze wymaga uprzedniej zgody sądu administracyjnego.,"Ustawa pozostawia tę kwestię wyłącznie uznaniu właściciela zabytku, bez udziału organów ochrony zabytków.","Kto będąc właścicielem lub posiadaczem zabytku nie zabezpieczył go w należyty sposób przed uszkodzeniem, zniszczeniem, zaginięciem lub kradzieżą, podlega karze aresztu, ograniczenia wolności albo grzywny",4,"Art. 110 ustawy przewiduje, że kto będąc właścicielem lub posiadaczem zabytku nie zabezpieczył go w należyty sposób przed uszkodzeniem, zniszczeniem, zaginięciem lub kradzieżą, podlega karze aresztu, ograniczenia wolności albo grzywny."
Które z poniższych stwierdzeń prawidłowo oddaje treść art. 112 ustawy?,Przepadek przedmiotów pochodzących bezpośrednio lub pośrednio z wykroczenia,Czynność ta zawsze wymaga uprzedniej zgody sądu administracyjnego.,"Ustawa pozostawia tę kwestię wyłącznie uznaniu właściciela zabytku, bez udziału organów ochrony zabytków.",Przepis ma zastosowanie wyłącznie do zabytków znajdujących się poza terytorium Rzeczypospolitej Polskiej.,1,"Art. 112 ustawy przewiduje, że przepadek przedmiotów pochodzących bezpośrednio lub pośrednio z wykroczenia."
Które stwierdzenie jest zgodne z art. 115 ustawy?,"Kto niezwłocznie nie powiadomił wojewódzkiego konserwatora zabytków lub wójta (burmistrza, prezydenta miasta) albo dyrektora urzędu morskiego o odkryciu w trakcie prowadzenia robót budowlanych lub ziemnych przedmiotu, co do którego istnieje przypuszczenie, iż jest on zabytkiem, a także nie wstrzymał wszelkich robót mogących uszkodzić lub zniszczyć znaleziony przedmiot i nie zabezpieczył, przy użyciu dostępnych środków, tego przedmiotu i miejsca jego znalezienia, nie podlega karze grzywny","Kto niezwłocznie nie powiadomił wojewódzkiego konserwatora zabytków lub wójta (burmistrza, prezydenta miasta) albo dyrektora urzędu morskiego o odkryciu w trakcie prowadzenia robót budowlanych lub ziemnych przedmiotu, co do którego istnieje przypuszczenie, iż jest on zabytkiem, a także nie wstrzymał wszelkich robót mogących uszkodzić lub zniszczyć znaleziony przedmiot i nie zabezpieczył, przy użyciu dostępnych środków, tego przedmiotu i miejsca jego znalezienia, podlega karze grzywny","Kto niezwłocznie nie powiadomił wojewódzkiego konserwatora zabytków lub wójta (burmistrza, prezydenta miasta) albo dyrektora urzędu morskiego o odkryciu w trakcie prowadzenia robót budowlanych lub ziemnych przedmiotu, co do którego istnieje przypuszczenie, iż nie jest on zabytkiem, a także nie wstrzymał wszelkich robót mogących uszkodzić lub zniszczyć znaleziony przedmiot i nie zabezpieczył, przy użyciu dostępnych środków, tego przedmiotu i miejsca jego znalezienia, podlega karze grzywny",Czynność ta zawsze wymaga uprzedniej zgody sądu administracyjnego.,2,"Art. 115 ustawy przewiduje, że kto niezwłocznie nie powiadomił wojewódzkiego konserwatora zabytków lub wójta (burmistrza, prezydenta miasta) albo dyrektora urzędu morskiego o odkryciu w trakcie prowadzenia robót budowlanych lub ziemnych przedmiotu, co do którego istnieje przypuszczenie, iż jest on zabytkiem, a także nie wstrzymał wszelkich robót mogących uszkodzić lub zniszczyć znaleziony przedmiot i nie zabezpieczył, przy użyciu dostępnych środków, tego przedmiotu i miejsca jego znalezienia, podlega karze grzywny."
Co wynika z art. 116 ustawy o ochronie zabytków i opiece nad zabytkami?,"Kto niezwłocznie nie powiadomił wojewódzkiego konserwatora zabytków lub wójta (burmistrza, prezydenta miasta) albo dyrektora urzędu morskiego o przypadkowym odkryciu przedmiotu, co do którego istnieje przypuszczenie, iż jest on zabytkiem archeologicznym, a także nie zabezpieczył, przy użyciu dostępnych środków, tego przedmiotu i miejsca jego znalezienia, nie podlega karze grzywny","Kto niezwłocznie nie powiadomił wojewódzkiego konserwatora zabytków lub wójta (burmistrza, prezydenta miasta) albo dyrektora urzędu morskiego o przypadkowym odkryciu przedmiotu, co do którego istnieje przypuszczenie, iż nie jest on zabytkiem archeologicznym, a także nie zabezpieczył, przy użyciu dostępnych środków, tego przedmiotu i miejsca jego znalezienia, podlega karze grzywny","Kto niezwłocznie nie powiadomił wojewódzkiego konserwatora zabytków lub wójta (burmistrza, prezydenta miasta) albo dyrektora urzędu morskiego o przypadkowym odkryciu przedmiotu, co do którego istnieje przypuszczenie, iż jest on zabytkiem archeologicznym, a także nie zabezpieczył, przy użyciu dostępnych środków, tego przedmiotu i miejsca jego znalezienia, podlega karze grzywny",Czynność ta zawsze wymaga uprzedniej zgody sądu administracyjnego.,3,"Art. 116 ustawy przewiduje, że kto niezwłocznie nie powiadomił wojewódzkiego konserwatora zabytków lub wójta (burmistrza, prezydenta miasta) albo dyrektora urzędu morskiego o przypadkowym odkryciu przedmiotu, co do którego istnieje przypuszczenie, iż jest on zabytkiem archeologicznym, a także nie zabezpieczył, przy użyciu dostępnych środków, tego przedmiotu i miejsca jego znalezienia, podlega karze grzywny."
Które z poniższych stwierdzeń prawidłowo oddaje treść art. 116a ustawy?,"Kto niezwłocznie nie zawiadomił właściwego wojewódzkiego konserwatora zabytków o znalezieniu lub pozyskaniu, w wyniku poszukiwań, o których mowa w art. 36b ust. 2, przedmiotu, co do którego istnieje przypuszczenie, że jest on zabytkiem archeologicznym lub innym zabytkiem ruchomym, nie zabezpieczył lub nie oznaczył jego miejsca znalezienia podlega karze grzywny","Kto niezwłocznie nie zawiadomił właściwego wojewódzkiego konserwatora zabytków o znalezieniu lub pozyskaniu, w wyniku poszukiwań, o których mowa w art. 36b ust. 1, przedmiotu, co do którego istnieje przypuszczenie, że jest on zabytkiem archeologicznym lub innym zabytkiem ruchomym, nie zabezpieczył lub nie oznaczył jego miejsca znalezienia nie podlega karze grzywny","Kto niezwłocznie nie zawiadomił właściwego wojewódzkiego konserwatora zabytków o znalezieniu lub pozyskaniu, w wyniku poszukiwań, o których mowa w art. 36b ust. 1, przedmiotu, co do którego istnieje przypuszczenie, że nie jest on zabytkiem archeologicznym lub innym zabytkiem ruchomym, nie zabezpieczył lub nie oznaczył jego miejsca znalezienia podlega karze grzywny","Kto niezwłocznie nie zawiadomił właściwego wojewódzkiego konserwatora zabytków o znalezieniu lub pozyskaniu, w wyniku poszukiwań, o których mowa w art. 36b ust. 1, przedmiotu, co do którego istnieje przypuszczenie, że jest on zabytkiem archeologicznym lub innym zabytkiem ruchomym, nie zabezpieczył lub nie oznaczył jego miejsca znalezienia podlega karze grzywny",4,"Art. 116a ustawy przewiduje, że kto niezwłocznie nie zawiadomił właściwego wojewódzkiego konserwatora zabytków o znalezieniu lub pozyskaniu, w wyniku poszukiwań, o których mowa w art. 36b ust. 1, przedmiotu, co do którego istnieje przypuszczenie, że jest on zabytkiem archeologicznym lub innym zabytkiem ruchomym, nie zabezpieczył lub nie oznaczył jego miejsca znalezienia podlega karze grzywny."
Które stwierdzenie jest zgodne z art. 116b ustawy?,"Kto niezwłocznie nie zawiadomił właściwego wojewódzkiego konserwatora zabytków o znalezieniu lub pozyskaniu na obszarze nie większym niż 100 m2 co najmniej trzech przedmiotów, co do których istnieje przypuszczenie, że są one zabytkami archeologicznymi lub nie wstrzymał poszukiwań do czasu przeprowadzenia czynności, o których mowa w art. 33a ust. 3, podlega karze grzywny","Kto niezwłocznie nie zawiadomił właściwego wojewódzkiego konserwatora zabytków o znalezieniu lub pozyskaniu na obszarze nie większym niż 107 m2 co najmniej trzech przedmiotów, co do których istnieje przypuszczenie, że są one zabytkami archeologicznymi lub nie wstrzymał poszukiwań do czasu przeprowadzenia czynności, o których mowa w art. 33a ust. 3, podlega karze grzywny","Kto niezwłocznie nie zawiadomił właściwego wojewódzkiego konserwatora zabytków o znalezieniu lub pozyskaniu na obszarze nie większym niż 100 m2 co najmniej trzech przedmiotów, co do których istnieje przypuszczenie, że są one zabytkami archeologicznymi lub nie wstrzymał poszukiwań do czasu przeprowadzenia czynności, o których mowa w art. 33a ust. 3, nie podlega karze grzywny","Kto niezwłocznie nie zawiadomił właściwego wojewódzkiego konserwatora zabytków o znalezieniu lub pozyskaniu na obszarze nie większym niż 100 m2 co najmniej trzech przedmiotów, co do których istnieje przypuszczenie, że nie są one zabytkami archeologicznymi lub nie wstrzymał poszukiwań do czasu przeprowadzenia czynności, o których mowa w art. 33a ust. 3, podlega karze grzywny",1,"Art. 116b ustawy przewiduje, że kto niezwłocznie nie zawiadomił właściwego wojewódzkiego konserwatora zabytków o znalezieniu lub pozyskaniu na obszarze nie większym niż 100 m2 co najmniej trzech przedmiotów, co do których istnieje przypuszczenie, że są one zabytkami archeologicznymi lub nie wstrzymał poszukiwań do czasu przeprowadzenia czynności, o których mowa w art. 33a ust. 3, podlega karze grzywny."
Co wynika z art. 118 ustawy o ochronie zabytków i opiece nad zabytkami?,Podżeganie i pomocnictwo nie są karalne,Podżeganie i pomocnictwo są karalne,Czynność ta zawsze wymaga uprzedniej zgody sądu administracyjnego.,"Ustawa pozostawia tę kwestię wyłącznie uznaniu właściciela zabytku, bez udziału organów ochrony zabytków.",2,"Art. 118 ustawy przewiduje, że podżeganie i pomocnictwo są karalne."
Które z poniższych stwierdzeń prawidłowo oddaje treść art. 119a ustawy?,"Kto wbrew ciążącemu na nim obowiązkowi nie prowadzi księgi ewidencyjnej albo prowadzi ją w sposób nierzetelny lub niezgodny z prawdą, nie podlega karze grzywny",Czynność ta zawsze wymaga uprzedniej zgody sądu administracyjnego.,"Kto wbrew ciążącemu na nim obowiązkowi nie prowadzi księgi ewidencyjnej albo prowadzi ją w sposób nierzetelny lub niezgodny z prawdą, podlega karze grzywny","Ustawa pozostawia tę kwestię wyłącznie uznaniu właściciela zabytku, bez udziału organów ochrony zabytków.",3,"Art. 119a ustawy przewiduje, że kto wbrew ciążącemu na nim obowiązkowi nie prowadzi księgi ewidencyjnej albo prowadzi ją w sposób nierzetelny lub niezgodny z prawdą, podlega karze grzywny."
Które stwierdzenie jest zgodne z art. 120 ustawy?,Orzekanie w sprawach określonych w art. 117–118 następuje na podstawie przepisów Kodeksu postępowania w sprawach o wykroczenia,Czynność ta zawsze wymaga uprzedniej zgody sądu administracyjnego.,"Ustawa pozostawia tę kwestię wyłącznie uznaniu właściciela zabytku, bez udziału organów ochrony zabytków.",Orzekanie w sprawach określonych w art. 110–118 następuje na podstawie przepisów Kodeksu postępowania w sprawach o wykroczenia,4,"Art. 120 ustawy przewiduje, że orzekanie w sprawach określonych w art. 110–118 następuje na podstawie przepisów Kodeksu postępowania w sprawach o wykroczenia."
Co wynika z art. 139 ustawy o ochronie zabytków i opiece nad zabytkami?,Do spraw wszczętych i niezakończonych decyzją ostateczną przed dniem wejścia w życie ustawy stosuje się przepisy niniejszej ustawy,Czynność ta zawsze wymaga uprzedniej zgody sądu administracyjnego.,"Ustawa pozostawia tę kwestię wyłącznie uznaniu właściciela zabytku, bez udziału organów ochrony zabytków.",Przepis ma zastosowanie wyłącznie do zabytków znajdujących się poza terytorium Rzeczypospolitej Polskiej.,1,"Art. 139 ustawy przewiduje, że do spraw wszczętych i niezakończonych decyzją ostateczną przed dniem wejścia w życie ustawy stosuje się przepisy niniejszej ustawy."
Które z poniższych stwierdzeń prawidłowo oddaje treść art. 140 ustawy?,Decyzje ostateczne wydane na podstawie przepisów ustawy z dnia 22 lutego 1962 r. o ochronie dóbr kultury zachowują ważność,Decyzje ostateczne wydane na podstawie przepisów ustawy z dnia 15 lutego 1962 r. o ochronie dóbr kultury zachowują ważność,Czynność ta zawsze wymaga uprzedniej zgody sądu administracyjnego.,"Ustawa pozostawia tę kwestię wyłącznie uznaniu właściciela zabytku, bez udziału organów ochrony zabytków.",2,"Art. 140 ustawy przewiduje, że decyzje ostateczne wydane na podstawie przepisów ustawy z dnia 15 lutego 1962 r. o ochronie dóbr kultury zachowują ważność."
Które stwierdzenie jest zgodne z art. 141 ustawy?,"Osoby posiadające uprawnienia rzeczoznawcy ministra właściwego do spraw kultury i ochrony dziedzictwa narodowego, powołane na podstawie art. 10 ust. 1 ustawy, o której mowa w art. 140 ust. 1, tracą te uprawnienia po upływie 12 miesięcy od dnia wejścia w życie ustawy",Czynność ta zawsze wymaga uprzedniej zgody sądu administracyjnego.,"Osoby posiadające uprawnienia rzeczoznawcy ministra właściwego do spraw kultury i ochrony dziedzictwa narodowego, powołane na podstawie art. 10 ust. 1 ustawy, o której mowa w art. 140 ust. 1, tracą te uprawnienia po upływie 6 miesięcy od dnia wejścia w życie ustawy","Ustawa pozostawia tę kwestię wyłącznie uznaniu właściciela zabytku, bez udziału organów ochrony zabytków.",3,"Art. 141 ustawy przewiduje, że osoby posiadające uprawnienia rzeczoznawcy ministra właściwego do spraw kultury i ochrony dziedzictwa narodowego, powołane na podstawie art. 10 ust. 1 ustawy, o której mowa w art. 140 ust. 1, tracą te uprawnienia po upływie 6 miesięcy od dnia wejścia w życie ustawy."
Co wynika z art. 142 ustawy o ochronie zabytków i opiece nad zabytkami?,"Dobra kultury uznane za zabytek na podstawie rozporządzenia Prezydenta Rzeczypospolitej z dnia 7 marca 1928 r. o opiece nad zabytkami , a także wpisane do rejestru na podstawie ustawy, o której mowa w art. 140 ust. 1, stają się zabytkami wpisanymi do rejestru w rozumieniu niniejszej ustawy","Dobra kultury uznane za zabytek na podstawie rozporządzenia Prezydenta Rzeczypospolitej z dnia 6 marca 1928 r. o opiece nad zabytkami , a także wpisane do gminnej ewidencji zabytków na podstawie ustawy, o której mowa w art. 140 ust. 1, stają się zabytkami wpisanymi do rejestru w rozumieniu niniejszej ustawy",Czynność ta zawsze wymaga uprzedniej zgody sądu administracyjnego.,"Dobra kultury uznane za zabytek na podstawie rozporządzenia Prezydenta Rzeczypospolitej z dnia 6 marca 1928 r. o opiece nad zabytkami , a także wpisane do rejestru na podstawie ustawy, o której mowa w art. 140 ust. 1, stają się zabytkami wpisanymi do rejestru w rozumieniu niniejszej ustawy",4,"Art. 142 ustawy przewiduje, że dobra kultury uznane za zabytek na podstawie rozporządzenia Prezydenta Rzeczypospolitej z dnia 6 marca 1928 r. o opiece nad zabytkami , a także wpisane do rejestru na podstawie ustawy, o której mowa w art. 140 ust. 1, stają się zabytkami wpisanymi do rejestru w rozumieniu niniejszej ustawy."
Które z poniższych stwierdzeń prawidłowo oddaje treść art. 143 ustawy?,Włączenie karty zabytku ruchomego znajdującego się w dotychczasowej centralnej ewidencji dóbr kultury do wojewódzkiej ewidencji zabytków nie wymaga zgody właściciela zabytku,Włączenie karty zabytku nieruchomego znajdującego się w dotychczasowej centralnej ewidencji dóbr kultury do wojewódzkiej ewidencji zabytków nie wymaga zgody właściciela zabytku,Włączenie karty zabytku ruchomego znajdującego się w dotychczasowej centralnej ewidencji dóbr kultury do gminnej ewidencji zabytków nie wymaga zgody właściciela zabytku,Włączenie karty zabytku ruchomego znajdującego się w dotychczasowej centralnej ewidencji dóbr kultury do wojewódzkiej ewidencji zabytków nie nie wymaga zgody właściciela zabytku,1,"Art. 143 ustawy przewiduje, że włączenie karty zabytku ruchomego znajdującego się w dotychczasowej centralnej ewidencji dóbr kultury do wojewódzkiej ewidencji zabytków nie wymaga zgody właściciela zabytku."
Które stwierdzenie jest zgodne z art. 144 ustawy?,"W terminie 6 miesięcy od dnia wejścia w życie ustawy wojewódzki konserwator zabytków dostosuje do przepisów niniejszej ustawy statuty instytucji kultury wyspecjalizowanych w opiece nad zabytkami, dla których jest organizatorem, w celu realizacji przez te instytucje zadań związanych z założeniem i prowadzeniem krajowej ewidencji zabytków i krajowego wykazu zabytków skradzionych lub wywiezionych za granicę niezgodnie z prawem","W terminie 6 miesięcy od dnia wejścia w życie ustawy minister właściwy do spraw kultury i ochrony dziedzictwa narodowego dostosuje do przepisów niniejszej ustawy statuty instytucji kultury wyspecjalizowanych w opiece nad zabytkami, dla których jest organizatorem, w celu realizacji przez te instytucje zadań związanych z założeniem i prowadzeniem krajowej ewidencji zabytków i krajowego wykazu zabytków skradzionych lub wywiezionych za granicę niezgodnie z prawem","W terminie 6 miesięcy od dnia wejścia w życie ustawy Generalny Konserwator Zabytków dostosuje do przepisów niniejszej ustawy statuty instytucji kultury wyspecjalizowanych w opiece nad zabytkami, dla których jest organizatorem, w celu realizacji przez te instytucje zadań związanych z założeniem i prowadzeniem krajowej ewidencji zabytków i krajowego wykazu zabytków skradzionych lub wywiezionych za granicę niezgodnie z prawem","W terminie 6 miesięcy od dnia wejścia w życie ustawy starosta dostosuje do przepisów niniejszej ustawy statuty instytucji kultury wyspecjalizowanych w opiece nad zabytkami, dla których jest organizatorem, w celu realizacji przez te instytucje zadań związanych z założeniem i prowadzeniem krajowej ewidencji zabytków i krajowego wykazu zabytków skradzionych lub wywiezionych za granicę niezgodnie z prawem",2,"Art. 144 ustawy przewiduje, że w terminie 6 miesięcy od dnia wejścia w życie ustawy minister właściwy do spraw kultury i ochrony dziedzictwa narodowego dostosuje do przepisów niniejszej ustawy statuty instytucji kultury wyspecjalizowanych w opiece nad zabytkami, dla których jest organizatorem, w celu realizacji przez te instytucje zadań związanych z założeniem i prowadzeniem krajowej ewidencji zabytków i krajowego wykazu zabytków skradzionych lub wywiezionych za granicę niezgodnie z prawem."
Co wynika z art. 146 ustawy o ochronie zabytków i opiece nad zabytkami?,W terminie 12 miesięcy od dnia wejścia w życie ustawy wojewódzki konserwator zabytków opracuje krajowy program ochrony zabytków i opieki nad zabytkami,W terminie 12 miesięcy od dnia wejścia w życie ustawy Generalny Konserwator Zabytków opracuje krajowy program ochrony zabytków i opieki nad zabytkami,W terminie 12 miesięcy od dnia wejścia w życie ustawy minister właściwy do spraw kultury i ochrony dziedzictwa narodowego opracuje krajowy program ochrony zabytków i opieki nad zabytkami,W terminie 12 miesięcy od dnia wejścia w życie ustawy starosta opracuje krajowy program ochrony zabytków i opieki nad zabytkami,3,"Art. 146 ustawy przewiduje, że w terminie 12 miesięcy od dnia wejścia w życie ustawy minister właściwy do spraw kultury i ochrony dziedzictwa narodowego opracuje krajowy program ochrony zabytków i opieki nad zabytkami."
Które z poniższych stwierdzeń prawidłowo oddaje treść art. 147 ustawy?,"Ustanowienie trwałego zarządu, o którym mowa w ust. 5, stwierdza wojewódzki konserwator zabytków w drodze decyzji","Ustanowienie trwałego zarządu, o którym mowa w ust. 5, stwierdza Generalny Konserwator Zabytków w drodze decyzji","Ustanowienie trwałego zarządu, o którym mowa w ust. 5, stwierdza minister właściwy do spraw kultury i ochrony dziedzictwa narodowego w drodze decyzji","Ustanowienie trwałego zarządu, o którym mowa w ust. 5, stwierdza wojewoda w drodze decyzji",4,"Art. 147 ustawy przewiduje, że ustanowienie trwałego zarządu, o którym mowa w ust. 5, stwierdza wojewoda w drodze decyzji."
Które stwierdzenie jest zgodne z art. 149 ustawy?,Przepisy rozdziału 6 stosuje się z dniem uzyskania przez Rzeczpospolitą Polską członkostwa w Unii Europejskiej,Przepisy rozdziału 7 stosuje się z dniem uzyskania przez Rzeczpospolitą Polską członkostwa w Unii Europejskiej,Czynność ta zawsze wymaga uprzedniej zgody sądu administracyjnego.,"Ustawa pozostawia tę kwestię wyłącznie uznaniu właściciela zabytku, bez udziału organów ochrony zabytków.",1,"Art. 149 ustawy przewiduje, że przepisy rozdziału 6 stosuje się z dniem uzyskania przez Rzeczpospolitą Polską członkostwa w Unii Europejskiej."
Co wynika z art. 150 ustawy o ochronie zabytków i opiece nad zabytkami?,Traci moc ustawa z dnia 22 lutego 1962 r. o ochronie dóbr kultury,Traci moc ustawa z dnia 15 lutego 1962 r. o ochronie dóbr kultury ,Czynność ta zawsze wymaga uprzedniej zgody sądu administracyjnego.,"Ustawa pozostawia tę kwestię wyłącznie uznaniu właściciela zabytku, bez udziału organów ochrony zabytków.",2,"Art. 150 ustawy przewiduje, że traci moc ustawa z dnia 15 lutego 1962 r. o ochronie dóbr kultury ."
Które stwierdzenie dotyczące rozwiązania przewidzianego w art. 151 jest prawidłowe?,Ustawa została ogłoszona w dniu 24 września 2003 r,Czynność ta zawsze wymaga uprzedniej zgody sądu administracyjnego.,Ustawa została ogłoszona w dniu 17 września 2003 r,"Ustawa pozostawia tę kwestię wyłącznie uznaniu właściciela zabytku, bez udziału organów ochrony zabytków.",3,"Art. 151 ustawy przewiduje, że ustawa została ogłoszona w dniu 17 września 2003 r."
Które stwierdzenie jest zgodne z art. 2 ustawy?,Czynność ta zawsze wymaga uprzedniej zgody sądu administracyjnego.,"Ustawa pozostawia tę kwestię wyłącznie uznaniu właściciela zabytku, bez udziału organów ochrony zabytków.",Przepis ma zastosowanie wyłącznie do zabytków znajdujących się poza terytorium Rzeczypospolitej Polskiej.,"Ustawa nie narusza w szczególności przepisów o muzeach, o bibliotekach, o języku polskim, Prawa ochrony środowiska, o ochronie przyrody, o gospodarce nieruchomościami, o planowaniu i zagospodarowaniu przestrzennym, Prawa budowlanego, o ochronie danych osobowych i o ochronie informacji niejawnych",4,"Art. 2 ustawy przewiduje, że ustawa nie narusza w szczególności przepisów o muzeach, o bibliotekach, o języku polskim, Prawa ochrony środowiska, o ochronie przyrody, o gospodarce nieruchomościami, o planowaniu i zagospodarowaniu przestrzennym, Prawa budowlanego, o ochronie danych osobowych i o ochronie informacji niejawnych."
Które stwierdzenie dotyczące rozwiązania przewidzianego w art. 3 jest prawidłowe?,Otoczenie – teren wokół lub przy zabytku wyznaczony w decyzji o wpisie tego terenu do rejestru zabytków w celu ochrony wartości widokowych zabytku oraz jego ochrony przed szkodliwym oddziaływaniem czynników zewnętrznych,Otoczenie – teren wokół lub przy zabytku wyznaczony w decyzji o wpisie tego terenu do gminnej ewidencji zabytków zabytków w celu ochrony wartości widokowych zabytku oraz jego ochrony przed szkodliwym oddziaływaniem czynników zewnętrznych,Czynność ta zawsze wymaga uprzedniej zgody sądu administracyjnego.,"Ustawa pozostawia tę kwestię wyłącznie uznaniu właściciela zabytku, bez udziału organów ochrony zabytków.",1,"Art. 3 ustawy przewiduje, że otoczenie – teren wokół lub przy zabytku wyznaczony w decyzji o wpisie tego terenu do rejestru zabytków w celu ochrony wartości widokowych zabytku oraz jego ochrony przed szkodliwym oddziaływaniem czynników zewnętrznych."
Które z poniższych stwierdzeń prawidłowo oddaje treść art. 4 ustawy?,Czynność ta zawsze wymaga uprzedniej zgody sądu administracyjnego.,Uwzględnianie zadań ochronnych w planowaniu i zagospodarowaniu przestrzennym oraz przy kształtowaniu środowiska,"Ustawa pozostawia tę kwestię wyłącznie uznaniu właściciela zabytku, bez udziału organów ochrony zabytków.",Przepis ma zastosowanie wyłącznie do zabytków znajdujących się poza terytorium Rzeczypospolitej Polskiej.,2,"Art. 4 ustawy przewiduje, że uwzględnianie zadań ochronnych w planowaniu i zagospodarowaniu przestrzennym oraz przy kształtowaniu środowiska."
Które stwierdzenie dotyczące rozwiązania przewidzianego w art. 5 jest prawidłowe?,Czynność ta zawsze wymaga uprzedniej zgody sądu administracyjnego.,"Ustawa pozostawia tę kwestię wyłącznie uznaniu właściciela zabytku, bez udziału organów ochrony zabytków.",Zabezpieczenia i utrzymania zabytku oraz jego otoczenia w jak najlepszym stanie,Przepis ma zastosowanie wyłącznie do zabytków znajdujących się poza terytorium Rzeczypospolitej Polskiej.,3,"Art. 5 ustawy przewiduje, że zabezpieczenia i utrzymania zabytku oraz jego otoczenia w jak najlepszym stanie."
Co wynika z art. 6 ustawy o ochronie zabytków i opiece nad zabytkami?,Czynność ta zawsze wymaga uprzedniej zgody sądu administracyjnego.,"Ustawa pozostawia tę kwestię wyłącznie uznaniu właściciela zabytku, bez udziału organów ochrony zabytków.",Przepis ma zastosowanie wyłącznie do zabytków znajdujących się poza terytorium Rzeczypospolitej Polskiej.,"Zabytki archeologiczne będące, w szczególności: a) pozostałościami terenowymi pradziejowego i historycznego osadnictwa, b) cmentarzyskami, c) kurhanami, d) reliktami działalności gospodarczej, religijnej i artystycznej",4,"Art. 6 ustawy przewiduje, że zabytki archeologiczne będące, w szczególności: a) pozostałościami terenowymi pradziejowego i historycznego osadnictwa, b) cmentarzyskami, c) kurhanami, d) reliktami działalności gospodarczej, religijnej i artystycznej."
Które stwierdzenie dotyczące rozwiązania przewidzianego w art. 7 jest prawidłowe?,"Ustalenia ochrony w miejscowym planie zagospodarowania przestrzennego albo w decyzji o ustaleniu lokalizacji inwestycji celu publicznego, decyzji o warunkach zabudowy, decyzji o zezwoleniu na realizację inwestycji drogowej, decyzji o ustaleniu lokalizacji linii kolejowej lub decyzji o zezwoleniu na realizację inwestycji w zakresie lotniska użytku publicznego",Czynność ta zawsze wymaga uprzedniej zgody sądu administracyjnego.,"Ustawa pozostawia tę kwestię wyłącznie uznaniu właściciela zabytku, bez udziału organów ochrony zabytków.",Przepis ma zastosowanie wyłącznie do zabytków znajdujących się poza terytorium Rzeczypospolitej Polskiej.,1,"Art. 7 ustawy przewiduje, że ustalenia ochrony w miejscowym planie zagospodarowania przestrzennego albo w decyzji o ustaleniu lokalizacji inwestycji celu publicznego, decyzji o warunkach zabudowy, decyzji o zezwoleniu na realizację inwestycji drogowej, decyzji o ustaleniu lokalizacji linii kolejowej lub decyzji o zezwoleniu na realizację inwestycji w zakresie lotniska użytku publicznego."
Które stwierdzenie jest zgodne z art. 8 ustawy?,"Rejestr zabytków, zwany dalej „rejestrem”, dla zabytków znajdujących się na terenie województwa prowadzi Generalny Konserwator Zabytków","Rejestr zabytków, zwany dalej „rejestrem”, dla zabytków znajdujących się na terenie województwa prowadzi wojewódzki konserwator zabytków","Rejestr zabytków, zwany dalej „rejestrem”, dla zabytków znajdujących się na terenie województwa prowadzi minister właściwy do spraw kultury i ochrony dziedzictwa narodowego","Rejestr zabytków, zwany dalej „rejestrem”, dla zabytków znajdujących się na terenie województwa prowadzi starosta",2,"Art. 8 ustawy przewiduje, że rejestr zabytków, zwany dalej „rejestrem”, dla zabytków znajdujących się na terenie województwa prowadzi wojewódzki konserwator zabytków."
Które stwierdzenie dotyczące rozwiązania przewidzianego w art. 9 jest prawidłowe?,Na wniosek wojewódzkiego konserwatora zabytków informację o wpisie zabytku ruchomego do rejestru ogłasza się w wojewódzkim dzienniku urzędowym,Na wniosek wojewódzkiego konserwatora zabytków informację o wpisie zabytku nieruchomego do gminnej ewidencji zabytków ogłasza się w wojewódzkim dzienniku urzędowym,Na wniosek wojewódzkiego konserwatora zabytków informację o wpisie zabytku nieruchomego do rejestru ogłasza się w wojewódzkim dzienniku urzędowym,Czynność ta zawsze wymaga uprzedniej zgody sądu administracyjnego.,3,"Art. 9 ustawy przewiduje, że na wniosek wojewódzkiego konserwatora zabytków informację o wpisie zabytku nieruchomego do rejestru ogłasza się w wojewódzkim dzienniku urzędowym."
Które z poniższych stwierdzeń prawidłowo oddaje treść art. 10 ustawy?,"Zabytek ruchomy stanowiący dobro kultury, o którym mowa w art. 19 ust. 1 pkt 1 ustawy z dnia 25 maja 2017 r. o restytucji narodowych dóbr kultury , podlega z urzędu wpisowi do rejestru","Zabytek ruchomy stanowiący dobro kultury, o którym mowa w art. 12 ust. 1 pkt 1 ustawy z dnia 25 maja 2017 r. o restytucji narodowych dóbr kultury , podlega z urzędu wpisowi do gminnej ewidencji zabytków","Zabytek ruchomy stanowiący dobro kultury, o którym mowa w art. 12 ust. 1 pkt 1 ustawy z dnia 25 maja 2017 r. o restytucji narodowych dóbr kultury , podlega wyłącznie na wniosek strony wpisowi do rejestru","Zabytek ruchomy stanowiący dobro kultury, o którym mowa w art. 12 ust. 1 pkt 1 ustawy z dnia 25 maja 2017 r. o restytucji narodowych dóbr kultury , podlega z urzędu wpisowi do rejestru",4,"Art. 10 ustawy przewiduje, że zabytek ruchomy stanowiący dobro kultury, o którym mowa w art. 12 ust. 1 pkt 1 ustawy z dnia 25 maja 2017 r. o restytucji narodowych dóbr kultury , podlega z urzędu wpisowi do rejestru."
Które stwierdzenie dotyczące rozwiązania przewidzianego w art. 10a jest prawidłowe?,"Od dnia wszczęcia postępowania w sprawie wpisu zabytku do rejestru do dnia, w którym decyzja w tej sprawie stanie się ostateczna, przy zabytku, którego dotyczy postępowanie, zabrania się prowadzenia prac konserwatorskich, restauratorskich, robót budowlanych i podejmowania innych działań, które mogłyby prowadzić do naruszenia substancji lub zmiany wyglądu zabytku","Od dnia wszczęcia postępowania w sprawie wpisu zabytku do gminnej ewidencji zabytków do dnia, w którym decyzja w tej sprawie stanie się ostateczna, przy zabytku, którego dotyczy postępowanie, zabrania się prowadzenia prac konserwatorskich, restauratorskich, robót budowlanych i podejmowania innych działań, które mogłyby prowadzić do naruszenia substancji lub zmiany wyglądu zabytku",Czynność ta zawsze wymaga uprzedniej zgody sądu administracyjnego.,"Ustawa pozostawia tę kwestię wyłącznie uznaniu właściciela zabytku, bez udziału organów ochrony zabytków.",1,"Art. 10a ustawy przewiduje, że od dnia wszczęcia postępowania w sprawie wpisu zabytku do rejestru do dnia, w którym decyzja w tej sprawie stanie się ostateczna, przy zabytku, którego dotyczy postępowanie, zabrania się prowadzenia prac konserwatorskich, restauratorskich, robót budowlanych i podejmowania innych działań, które mogłyby prowadzić do naruszenia substancji lub zmiany wyglądu zabytku."
Co wynika z art. 11 ustawy o ochronie zabytków i opiece nad zabytkami?,Czynność ta zawsze wymaga uprzedniej zgody sądu administracyjnego.,Wchodzącego w skład narodowego zasobu bibliotecznego,"Ustawa pozostawia tę kwestię wyłącznie uznaniu właściciela zabytku, bez udziału organów ochrony zabytków.",Przepis ma zastosowanie wyłącznie do zabytków znajdujących się poza terytorium Rzeczypospolitej Polskiej.,2,"Art. 11 ustawy przewiduje, że wchodzącego w skład narodowego zasobu bibliotecznego."
Które stwierdzenie dotyczące rozwiązania przewidzianego w art. 12 jest prawidłowe?,"Rozporządzenie powinno określić formę graficzną znaku, wyróżniającą się wśród innych znaków, z uwzględnieniem dotychczas używanego wzoru, a także pisemną informację, że dany obiekt jest zabytkiem i nie podlega ochronie","Rozporządzenie powinno określić formę graficzną znaku, wyróżniającą się wśród innych znaków, z uwzględnieniem dotychczas używanego wzoru, a także pisemną informację, że dany obiekt nie jest zabytkiem i podlega ochronie","Rozporządzenie powinno określić formę graficzną znaku, wyróżniającą się wśród innych znaków, z uwzględnieniem dotychczas używanego wzoru, a także pisemną informację, że dany obiekt jest zabytkiem i podlega ochronie",Czynność ta zawsze wymaga uprzedniej zgody sądu administracyjnego.,3,"Art. 12 ustawy przewiduje, że rozporządzenie powinno określić formę graficzną znaku, wyróżniającą się wśród innych znaków, z uwzględnieniem dotychczas używanego wzoru, a także pisemną informację, że dany obiekt jest zabytkiem i podlega ochronie."
Które stwierdzenie jest zgodne z art. 13 ustawy?,Przepis ust. 2 stosuje się do skreślenia z rejestru części zabytku,Czynność ta zawsze wymaga uprzedniej zgody sądu administracyjnego.,"Ustawa pozostawia tę kwestię wyłącznie uznaniu właściciela zabytku, bez udziału organów ochrony zabytków.",Przepis ust. 1 stosuje się do skreślenia z rejestru części zabytku,4,"Art. 13 ustawy przewiduje, że przepis ust. 1 stosuje się do skreślenia z rejestru części zabytku."
Które stwierdzenie dotyczące rozwiązania przewidzianego w art. 14 jest prawidłowe?,"Wykreślenia, o których mowa w ust. 1, są wolne od opłat","Wykreślenia, o których mowa w ust. 2, są wolne od opłat","Wykreślenia, o których mowa w ust. 1, nie są wolne od opłat",Czynność ta zawsze wymaga uprzedniej zgody sądu administracyjnego.,1,"Art. 14 ustawy przewiduje, że wykreślenia, o których mowa w ust. 1, są wolne od opłat."
Które z poniższych stwierdzeń prawidłowo oddaje treść art. 14aa ustawy?,Czynność ta zawsze wymaga uprzedniej zgody sądu administracyjnego.,"Od dnia wszczęcia postępowania w sprawie wpisu zabytku na Listę Skarbów Dziedzictwa do dnia, w którym decyzja w tej sprawie stanie się ostateczna, przy zabytku, którego dotyczy postępowanie, zabrania się prowadzenia prac konserwatorskich i restauratorskich oraz podejmowania innych działań, które mogłyby prowadzić do naruszenia substancji lub zmiany wyglądu zabytku","Ustawa pozostawia tę kwestię wyłącznie uznaniu właściciela zabytku, bez udziału organów ochrony zabytków.",Przepis ma zastosowanie wyłącznie do zabytków znajdujących się poza terytorium Rzeczypospolitej Polskiej.,2,"Art. 14aa ustawy przewiduje, że od dnia wszczęcia postępowania w sprawie wpisu zabytku na Listę Skarbów Dziedzictwa do dnia, w którym decyzja w tej sprawie stanie się ostateczna, przy zabytku, którego dotyczy postępowanie, zabrania się prowadzenia prac konserwatorskich i restauratorskich oraz podejmowania innych działań, które mogłyby prowadzić do naruszenia substancji lub zmiany wyglądu zabytku."
Które stwierdzenie dotyczące rozwiązania przewidzianego w art. 14b jest prawidłowe?,Czynność ta zawsze wymaga uprzedniej zgody sądu administracyjnego.,"Ustawa pozostawia tę kwestię wyłącznie uznaniu właściciela zabytku, bez udziału organów ochrony zabytków.",Skreślenie z Listy Skarbów Dziedzictwa następuje na podstawie decyzji ministra właściwego do spraw kultury i ochrony dziedzictwa narodowego,Przepis ma zastosowanie wyłącznie do zabytków znajdujących się poza terytorium Rzeczypospolitej Polskiej.,3,"Art. 14b ustawy przewiduje, że skreślenie z Listy Skarbów Dziedzictwa następuje na podstawie decyzji ministra właściwego do spraw kultury i ochrony dziedzictwa narodowego."
Co wynika z art. 15 ustawy o ochronie zabytków i opiece nad zabytkami?,"Prezydent Rzeczypospolitej Polskiej, na wniosek ministra właściwego do spraw kultury i ochrony dziedzictwa narodowego, w drodze rozporządzenia, może uznać za pomnik historii zabytek nieruchomy wpisany do gminnej ewidencji zabytków lub park kulturowy o szczególnej wartości dla kultury, określając jego granice","Prezydent Rzeczypospolitej Polskiej, wyłącznie z urzędu ministra właściwego do spraw kultury i ochrony dziedzictwa narodowego, w drodze rozporządzenia, może uznać za pomnik historii zabytek nieruchomy wpisany do rejestru lub park kulturowy o szczególnej wartości dla kultury, określając jego granice","Prezydent Rzeczypospolitej Polskiej, na wniosek ministra właściwego do spraw kultury i ochrony dziedzictwa narodowego, w drodze decyzji administracyjnej, może uznać za pomnik historii zabytek nieruchomy wpisany do rejestru lub park kulturowy o szczególnej wartości dla kultury, określając jego granice","Prezydent Rzeczypospolitej Polskiej, na wniosek ministra właściwego do spraw kultury i ochrony dziedzictwa narodowego, w drodze rozporządzenia, może uznać za pomnik historii zabytek nieruchomy wpisany do rejestru lub park kulturowy o szczególnej wartości dla kultury, określając jego granice",4,"Art. 15 ustawy przewiduje, że prezydent Rzeczypospolitej Polskiej, na wniosek ministra właściwego do spraw kultury i ochrony dziedzictwa narodowego, w drodze rozporządzenia, może uznać za pomnik historii zabytek nieruchomy wpisany do rejestru lub park kulturowy o szczególnej wartości dla kultury, określając jego granice."
Które stwierdzenie dotyczące rozwiązania przewidzianego w art. 16 jest prawidłowe?,W celu realizacji zadań związanych z ochroną parku kulturowego rada gminy może utworzyć jednostkę organizacyjną do zarządzania parkiem,W celu realizacji zadań związanych z ochroną parku kulturowego wojewódzki konserwator zabytków może utworzyć jednostkę organizacyjną do zarządzania parkiem,W celu realizacji zadań związanych z ochroną parku kulturowego Generalny Konserwator Zabytków może utworzyć jednostkę organizacyjną do zarządzania parkiem,W celu realizacji zadań związanych z ochroną parku kulturowego minister właściwy do spraw kultury i ochrony dziedzictwa narodowego może utworzyć jednostkę organizacyjną do zarządzania parkiem,1,"Art. 16 ustawy przewiduje, że w celu realizacji zadań związanych z ochroną parku kulturowego rada gminy może utworzyć jednostkę organizacyjną do zarządzania parkiem."
Które stwierdzenie jest zgodne z art. 17 ustawy?,"W razie ograniczenia sposobu korzystania z nieruchomości na skutek ustanowienia zakazów i ograniczeń, o których mowa w ust. 2, stosuje się odpowiednio przepisy art. 131–134 ustawy z dnia 27 kwietnia 2001 r. – Prawo ochrony środowiska","W razie ograniczenia sposobu korzystania z nieruchomości na skutek ustanowienia zakazów i ograniczeń, o których mowa w ust. 1, stosuje się odpowiednio przepisy art. 131–134 ustawy z dnia 27 kwietnia 2001 r. – Prawo ochrony środowiska ",Czynność ta zawsze wymaga uprzedniej zgody sądu administracyjnego.,"Ustawa pozostawia tę kwestię wyłącznie uznaniu właściciela zabytku, bez udziału organów ochrony zabytków.",2,"Art. 17 ustawy przewiduje, że w razie ograniczenia sposobu korzystania z nieruchomości na skutek ustanowienia zakazów i ograniczeń, o których mowa w ust. 1, stosuje się odpowiednio przepisy art. 131–134 ustawy z dnia 27 kwietnia 2001 r. – Prawo ochrony środowiska ."
Które stwierdzenie dotyczące rozwiązania przewidzianego w art. 18 jest prawidłowe?,"Określając ustalenia strategii, analiz, planów i studiów, o których mowa w ust. 2, w szczególności: 1) uwzględnia się krajowy program ochrony zabytków i opieki nad zabytkami",Czynność ta zawsze wymaga uprzedniej zgody sądu administracyjnego.,"Określając ustalenia strategii, analiz, planów i studiów, o których mowa w ust. 1, w szczególności: 1) uwzględnia się krajowy program ochrony zabytków i opieki nad zabytkami","Ustawa pozostawia tę kwestię wyłącznie uznaniu właściciela zabytku, bez udziału organów ochrony zabytków.",3,"Art. 18 ustawy przewiduje, że określając ustalenia strategii, analiz, planów i studiów, o których mowa w ust. 1, w szczególności: 1) uwzględnia się krajowy program ochrony zabytków i opieki nad zabytkami."
Które z poniższych stwierdzeń prawidłowo oddaje treść art. 19 ustawy?,Czynność ta zawsze wymaga uprzedniej zgody sądu administracyjnego.,"Ustawa pozostawia tę kwestię wyłącznie uznaniu właściciela zabytku, bez udziału organów ochrony zabytków.",Przepis ma zastosowanie wyłącznie do zabytków znajdujących się poza terytorium Rzeczypospolitej Polskiej.,"Innych zabytków nieruchomych, znajdujących się w gminnej ewidencji zabytków",4,"Art. 19 ustawy przewiduje, że innych zabytków nieruchomych, znajdujących się w gminnej ewidencji zabytków."
Które stwierdzenie dotyczące rozwiązania przewidzianego w art. 22 jest prawidłowe?,W gminnej ewidencji zabytków powinny być ujęte: 1) zabytki nieruchome wpisane do rejestru,W gminnej ewidencji zabytków powinny być ujęte: 2) zabytki nieruchome wpisane do rejestru,W gminnej ewidencji zabytków powinny być ujęte: 1) zabytki nieruchome wpisane do gminnej ewidencji zabytków,Czynność ta zawsze wymaga uprzedniej zgody sądu administracyjnego.,1,"Art. 22 ustawy przewiduje, że w gminnej ewidencji zabytków powinny być ujęte: 1) zabytki nieruchome wpisane do rejestru."
Co wynika z art. 23 ustawy o ochronie zabytków i opiece nad zabytkami?,"Generalny Konserwator Zabytków, organy Policji, Straży Granicznej, Krajowa Administracja Skarbowa, prokuratura oraz dyrektorzy muzeów i bibliotek, będących instytucjami kultury są obowiązani niezwłocznie przekazywać, w celu ujęcia w wykazie, Generalnemu Konserwatorowi Zabytków informacje o zabytku skradzionym lub wywiezionym za granicę niezgodnie z prawem","Wojewódzki konserwator zabytków, organy Policji, Straży Granicznej, Krajowa Administracja Skarbowa, prokuratura oraz dyrektorzy muzeów i bibliotek, będących instytucjami kultury są obowiązani niezwłocznie przekazywać, w celu ujęcia w wykazie, Generalnemu Konserwatorowi Zabytków informacje o zabytku skradzionym lub wywiezionym za granicę niezgodnie z prawem","minister właściwy do spraw kultury i ochrony dziedzictwa narodowego, organy Policji, Straży Granicznej, Krajowa Administracja Skarbowa, prokuratura oraz dyrektorzy muzeów i bibliotek, będących instytucjami kultury są obowiązani niezwłocznie przekazywać, w celu ujęcia w wykazie, Generalnemu Konserwatorowi Zabytków informacje o zabytku skradzionym lub wywiezionym za granicę niezgodnie z prawem","starosta, organy Policji, Straży Granicznej, Krajowa Administracja Skarbowa, prokuratura oraz dyrektorzy muzeów i bibliotek, będących instytucjami kultury są obowiązani niezwłocznie przekazywać, w celu ujęcia w wykazie, Generalnemu Konserwatorowi Zabytków informacje o zabytku skradzionym lub wywiezionym za granicę niezgodnie z prawem",2,"Art. 23 ustawy przewiduje, że wojewódzki konserwator zabytków, organy Policji, Straży Granicznej, Krajowa Administracja Skarbowa, prokuratura oraz dyrektorzy muzeów i bibliotek, będących instytucjami kultury są obowiązani niezwłocznie przekazywać, w celu ujęcia w wykazie, Generalnemu Konserwatorowi Zabytków informacje o zabytku skradzionym lub wywiezionym za granicę niezgodnie z prawem."
Które stwierdzenie dotyczące rozwiązania przewidzianego w art. 24 jest prawidłowe?,"Rozporządzenie powinno wskazywać przesłanki, od których spełnienia nie jest uzależnione włączenie kart ewidencyjnych i adresowych do ewidencji, a także ich wyłączenie z tych ewidencji",Czynność ta zawsze wymaga uprzedniej zgody sądu administracyjnego.,"Rozporządzenie powinno wskazywać przesłanki, od których spełnienia jest uzależnione włączenie kart ewidencyjnych i adresowych do ewidencji, a także ich wyłączenie z tych ewidencji","Ustawa pozostawia tę kwestię wyłącznie uznaniu właściciela zabytku, bez udziału organów ochrony zabytków.",3,"Art. 24 ustawy przewiduje, że rozporządzenie powinno wskazywać przesłanki, od których spełnienia jest uzależnione włączenie kart ewidencyjnych i adresowych do ewidencji, a także ich wyłączenie z tych ewidencji."
Które stwierdzenie jest zgodne z art. 24a ustawy?,wojewódzki konserwator zabytków prowadzi krajowy rejestr utraconych dóbr kultury,Generalny Konserwator Zabytków prowadzi krajowy rejestr utraconych dóbr kultury,starosta prowadzi krajowy rejestr utraconych dóbr kultury,Minister właściwy do spraw kultury i ochrony dziedzictwa narodowego prowadzi krajowy rejestr utraconych dóbr kultury,4,"Art. 24a ustawy przewiduje, że minister właściwy do spraw kultury i ochrony dziedzictwa narodowego prowadzi krajowy rejestr utraconych dóbr kultury."
Które stwierdzenie dotyczące rozwiązania przewidzianego w art. 24b jest prawidłowe?,"Dokonanie wpisu do krajowego rejestru utraconych dóbr kultury nie jest uzależnione od ustalenia popełnienia czynu zabronionego, o którym mowa w art. 24a ust. 2, prawomocnym wyrokiem skazującym","Dokonanie wpisu do krajowego rejestru utraconych dóbr kultury nie jest uzależnione od ustalenia popełnienia czynu zabronionego, o którym mowa w art. 24a ust. 3, prawomocnym wyrokiem skazującym",Czynność ta zawsze wymaga uprzedniej zgody sądu administracyjnego.,"Ustawa pozostawia tę kwestię wyłącznie uznaniu właściciela zabytku, bez udziału organów ochrony zabytków.",1,"Art. 24b ustawy przewiduje, że dokonanie wpisu do krajowego rejestru utraconych dóbr kultury nie jest uzależnione od ustalenia popełnienia czynu zabronionego, o którym mowa w art. 24a ust. 2, prawomocnym wyrokiem skazującym."
Które z poniższych stwierdzeń prawidłowo oddaje treść art. 24c ustawy?,"Odpisy z krajowego rejestru utraconych dóbr kultury wydawane są wyłącznie z urzędu każdego, kto tego zażąda","Odpisy z krajowego rejestru utraconych dóbr kultury wydawane są na wniosek każdego, kto tego zażąda","Odpisy z krajowego rejestru utraconych dóbr kultury wydawane nie są na wniosek każdego, kto tego zażąda",Czynność ta zawsze wymaga uprzedniej zgody sądu administracyjnego.,2,"Art. 24c ustawy przewiduje, że odpisy z krajowego rejestru utraconych dóbr kultury wydawane są na wniosek każdego, kto tego zażąda."
Które stwierdzenie dotyczące rozwiązania przewidzianego w art. 24e jest prawidłowe?,"W przypadku określonym w ust. 3 pkt 2, skutki prawne dokonania wpisu w krajowym rejestrze utraconych dóbr kultury zostają zniesione z mocą wsteczną",Czynność ta zawsze wymaga uprzedniej zgody sądu administracyjnego.,"W przypadku określonym w ust. 2 pkt 2, skutki prawne dokonania wpisu w krajowym rejestrze utraconych dóbr kultury zostają zniesione z mocą wsteczną","Ustawa pozostawia tę kwestię wyłącznie uznaniu właściciela zabytku, bez udziału organów ochrony zabytków.",3,"Art. 24e ustawy przewiduje, że w przypadku określonym w ust. 2 pkt 2, skutki prawne dokonania wpisu w krajowym rejestrze utraconych dóbr kultury zostają zniesione z mocą wsteczną."
Co wynika z art. 25 ustawy o ochronie zabytków i opiece nad zabytkami?,Czynność ta zawsze wymaga uprzedniej zgody sądu administracyjnego.,"Ustawa pozostawia tę kwestię wyłącznie uznaniu właściciela zabytku, bez udziału organów ochrony zabytków.",Przepis ma zastosowanie wyłącznie do zabytków znajdujących się poza terytorium Rzeczypospolitej Polskiej.,"Uzgodnionego z wojewódzkim konserwatorem zabytków programu prac konserwatorskich przy zabytku nieruchomym, określającego zakres i sposób ich prowadzenia oraz wskazującego niezbędne do zastosowania materiały i technologie",4,"Art. 25 ustawy przewiduje, że uzgodnionego z wojewódzkim konserwatorem zabytków programu prac konserwatorskich przy zabytku nieruchomym, określającego zakres i sposób ich prowadzenia oraz wskazującego niezbędne do zastosowania materiały i technologie."
Które stwierdzenie dotyczące rozwiązania przewidzianego w art. 26 jest prawidłowe?,"W umowie sprzedaży, zamiany, darowizny lub dzierżawy zabytku nieruchomego wpisanego do rejestru, stanowiącego własność Skarbu Państwa lub jednostki samorządu terytorialnego, przy określaniu sposobu korzystania z tego zabytku należy nałożyć, jeżeli stan zachowania zabytku tego wymaga, na nabywcę lub dzierżawcę obowiązek przeprowadzenia w określonym terminie niezbędnych prac konserwatorskich przy tym zabytku","W umowie sprzedaży, zamiany, darowizny lub dzierżawy zabytku ruchomego wpisanego do rejestru, stanowiącego własność Skarbu Państwa lub jednostki samorządu terytorialnego, przy określaniu sposobu korzystania z tego zabytku należy nałożyć, jeżeli stan zachowania zabytku tego wymaga, na nabywcę lub dzierżawcę obowiązek przeprowadzenia w określonym terminie niezbędnych prac konserwatorskich przy tym zabytku","W umowie sprzedaży, zamiany, darowizny lub dzierżawy zabytku nieruchomego wpisanego do gminnej ewidencji zabytków, stanowiącego własność Skarbu Państwa lub jednostki samorządu terytorialnego, przy określaniu sposobu korzystania z tego zabytku należy nałożyć, jeżeli stan zachowania zabytku tego wymaga, na nabywcę lub dzierżawcę obowiązek przeprowadzenia w określonym terminie niezbędnych prac konserwatorskich przy tym zabytku","W umowie sprzedaży, zamiany, darowizny lub dzierżawy zabytku nieruchomego wpisanego do rejestru, stanowiącego własność Skarbu Państwa lub jednostki samorządu terytorialnego, przy określaniu sposobu korzystania z tego zabytku należy nałożyć, jeżeli stan zachowania zabytku tego nie wymaga, na nabywcę lub dzierżawcę obowiązek przeprowadzenia w określonym terminie niezbędnych prac konserwatorskich przy tym zabytku",1,"Art. 26 ustawy przewiduje, że w umowie sprzedaży, zamiany, darowizny lub dzierżawy zabytku nieruchomego wpisanego do rejestru, stanowiącego własność Skarbu Państwa lub jednostki samorządu terytorialnego, przy określaniu sposobu korzystania z tego zabytku należy nałożyć, jeżeli stan zachowania zabytku tego wymaga, na nabywcę lub dzierżawcę obowiązek przeprowadzenia w określonym terminie niezbędnych prac konserwatorskich przy tym zabytku."
Które stwierdzenie dotyczące regulacji z art. 28 jest prawidłowe?,"Zagrożeniu dla zabytku, nie później niż w terminie 30 dni od dnia powzięcia wiadomości o wystąpieniu zagrożenia","Zagrożeniu dla zabytku, nie później niż w terminie 14 dni od dnia powzięcia wiadomości o wystąpieniu zagrożenia",Czynność ta zawsze wymaga uprzedniej zgody sądu administracyjnego.,"Ustawa pozostawia tę kwestię wyłącznie uznaniu właściciela zabytku, bez udziału organów ochrony zabytków.",2,"Art. 28 ustawy przewiduje, że zagrożeniu dla zabytku, nie później niż w terminie 14 dni od dnia powzięcia wiadomości o wystąpieniu zagrożenia."
Które stwierdzenie dotyczące rozwiązania przewidzianego w art. 29 jest prawidłowe?,"Generalny Konserwator Zabytków w czasie uzgodnionym z właścicielem lub posiadaczem przedmiotu będącego zabytkiem lub posiadającego cechy zabytku może prowadzić badania tego przedmiotu w miejscu, w którym przedmiot ten się znajduje","minister właściwy do spraw kultury i ochrony dziedzictwa narodowego w czasie uzgodnionym z właścicielem lub posiadaczem przedmiotu będącego zabytkiem lub posiadającego cechy zabytku może prowadzić badania tego przedmiotu w miejscu, w którym przedmiot ten się znajduje","Wojewódzki konserwator zabytków w czasie uzgodnionym z właścicielem lub posiadaczem przedmiotu będącego zabytkiem lub posiadającego cechy zabytku może prowadzić badania tego przedmiotu w miejscu, w którym przedmiot ten się znajduje","starosta w czasie uzgodnionym z właścicielem lub posiadaczem przedmiotu będącego zabytkiem lub posiadającego cechy zabytku może prowadzić badania tego przedmiotu w miejscu, w którym przedmiot ten się znajduje",3,"Art. 29 ustawy przewiduje, że wojewódzki konserwator zabytków w czasie uzgodnionym z właścicielem lub posiadaczem przedmiotu będącego zabytkiem lub posiadającego cechy zabytku może prowadzić badania tego przedmiotu w miejscu, w którym przedmiot ten się znajduje."
Które stwierdzenie dotyczące regulacji z art. 30 jest prawidłowe?,"W przypadku odmowy udostępnienia zabytku nieruchomego bądź nieruchomości, o których mowa w ust. 1, Generalny Konserwator Zabytków może wydać decyzję nakazującą właścicielowi lub posiadaczowi udostępnienie tego zabytku bądź nieruchomości, na czas niezbędny do przeprowadzenia badań, jednak nie dłuższy niż 3 miesiące od dnia, w którym decyzja stała się ostateczna","W przypadku odmowy udostępnienia zabytku nieruchomego bądź nieruchomości, o których mowa w ust. 1, minister właściwy do spraw kultury i ochrony dziedzictwa narodowego może wydać decyzję nakazującą właścicielowi lub posiadaczowi udostępnienie tego zabytku bądź nieruchomości, na czas niezbędny do przeprowadzenia badań, jednak nie dłuższy niż 3 miesiące od dnia, w którym decyzja stała się ostateczna","W przypadku odmowy udostępnienia zabytku nieruchomego bądź nieruchomości, o których mowa w ust. 1, starosta może wydać decyzję nakazującą właścicielowi lub posiadaczowi udostępnienie tego zabytku bądź nieruchomości, na czas niezbędny do przeprowadzenia badań, jednak nie dłuższy niż 3 miesiące od dnia, w którym decyzja stała się ostateczna","W przypadku odmowy udostępnienia zabytku nieruchomego bądź nieruchomości, o których mowa w ust. 1, wojewódzki konserwator zabytków może wydać decyzję nakazującą właścicielowi lub posiadaczowi udostępnienie tego zabytku bądź nieruchomości, na czas niezbędny do przeprowadzenia badań, jednak nie dłuższy niż 3 miesiące od dnia, w którym decyzja stała się ostateczna",4,"Art. 30 ustawy przewiduje, że w przypadku odmowy udostępnienia zabytku nieruchomego bądź nieruchomości, o których mowa w ust. 1, wojewódzki konserwator zabytków może wydać decyzję nakazującą właścicielowi lub posiadaczowi udostępnienie tego zabytku bądź nieruchomości, na czas niezbędny do przeprowadzenia badań, jednak nie dłuższy niż 3 miesiące od dnia, w którym decyzja stała się ostateczna."
Które stwierdzenie dotyczące rozwiązania przewidzianego w art. 31 jest prawidłowe?,"Zakres i rodzaj niezbędnych badań archeologicznych, o których mowa w ust. 1a, ustala wojewódzki konserwator zabytków w drodze decyzji, wyłącznie w takim zakresie, w jakim roboty budowlane albo roboty ziemne lub zmiana charakteru dotychczasowej działalności na terenie, na którym znajdują się zabytki archeologiczne, zniszczą lub uszkodzą zabytek archeologiczny","Zakres i rodzaj niezbędnych badań archeologicznych, o których mowa w ust. 1a, ustala Generalny Konserwator Zabytków w drodze decyzji, wyłącznie w takim zakresie, w jakim roboty budowlane albo roboty ziemne lub zmiana charakteru dotychczasowej działalności na terenie, na którym znajdują się zabytki archeologiczne, zniszczą lub uszkodzą zabytek archeologiczny","Zakres i rodzaj niezbędnych badań archeologicznych, o których mowa w ust. 1a, ustala minister właściwy do spraw kultury i ochrony dziedzictwa narodowego w drodze decyzji, wyłącznie w takim zakresie, w jakim roboty budowlane albo roboty ziemne lub zmiana charakteru dotychczasowej działalności na terenie, na którym znajdują się zabytki archeologiczne, zniszczą lub uszkodzą zabytek archeologiczny","Zakres i rodzaj niezbędnych badań archeologicznych, o których mowa w ust. 1a, ustala starosta w drodze decyzji, wyłącznie w takim zakresie, w jakim roboty budowlane albo roboty ziemne lub zmiana charakteru dotychczasowej działalności na terenie, na którym znajdują się zabytki archeologiczne, zniszczą lub uszkodzą zabytek archeologiczny",1,"Art. 31 ustawy przewiduje, że zakres i rodzaj niezbędnych badań archeologicznych, o których mowa w ust. 1a, ustala wojewódzki konserwator zabytków w drodze decyzji, wyłącznie w takim zakresie, w jakim roboty budowlane albo roboty ziemne lub zmiana charakteru dotychczasowej działalności na terenie, na którym znajdują się zabytki archeologiczne, zniszczą lub uszkodzą zabytek archeologiczny."
Które stwierdzenie dotyczące regulacji z art. 32 jest prawidłowe?,"Roboty nie mogą być wstrzymane na okres dłuższy niż miesiąc od dnia doręczenia decyzji, o której mowa w ust. 6 pkt 3","Roboty nie mogą być wstrzymane na okres dłuższy niż miesiąc od dnia doręczenia decyzji, o której mowa w ust. 5 pkt 3",Czynność ta zawsze wymaga uprzedniej zgody sądu administracyjnego.,"Ustawa pozostawia tę kwestię wyłącznie uznaniu właściciela zabytku, bez udziału organów ochrony zabytków.",2,"Art. 32 ustawy przewiduje, że roboty nie mogą być wstrzymane na okres dłuższy niż miesiąc od dnia doręczenia decyzji, o której mowa w ust. 5 pkt 3."
Które stwierdzenie dotyczące rozwiązania przewidzianego w art. 33 jest prawidłowe?,"W terminie 3 dni od dnia przyjęcia zawiadomienia, o którym mowa w ust. 1 i 2, Generalny Konserwator Zabytków jest obowiązany dokonać oględzin znalezionego przedmiotu i miejsca jego znalezienia oraz, w razie potrzeby, zorganizować badania archeologiczne","W terminie 3 dni od dnia przyjęcia zawiadomienia, o którym mowa w ust. 1 i 2, minister właściwy do spraw kultury i ochrony dziedzictwa narodowego jest obowiązany dokonać oględzin znalezionego przedmiotu i miejsca jego znalezienia oraz, w razie potrzeby, zorganizować badania archeologiczne","W terminie 3 dni od dnia przyjęcia zawiadomienia, o którym mowa w ust. 1 i 2, wojewódzki konserwator zabytków jest obowiązany dokonać oględzin znalezionego przedmiotu i miejsca jego znalezienia oraz, w razie potrzeby, zorganizować badania archeologiczne","W terminie 3 dni od dnia przyjęcia zawiadomienia, o którym mowa w ust. 1 i 2, starosta jest obowiązany dokonać oględzin znalezionego przedmiotu i miejsca jego znalezienia oraz, w razie potrzeby, zorganizować badania archeologiczne",3,"Art. 33 ustawy przewiduje, że w terminie 3 dni od dnia przyjęcia zawiadomienia, o którym mowa w ust. 1 i 2, wojewódzki konserwator zabytków jest obowiązany dokonać oględzin znalezionego przedmiotu i miejsca jego znalezienia oraz, w razie potrzeby, zorganizować badania archeologiczne."
Które stwierdzenie dotyczące regulacji z art. 33a jest prawidłowe?,Generalny Konserwator Zabytków jest obowiązany w razie potrzeby zorganizować badania archeologiczne,minister właściwy do spraw kultury i ochrony dziedzictwa narodowego jest obowiązany w razie potrzeby zorganizować badania archeologiczne,starosta jest obowiązany w razie potrzeby zorganizować badania archeologiczne,Wojewódzki konserwator zabytków jest obowiązany w razie potrzeby zorganizować badania archeologiczne,4,"Art. 33a ustawy przewiduje, że wojewódzki konserwator zabytków jest obowiązany w razie potrzeby zorganizować badania archeologiczne."
Które stwierdzenie dotyczące rozwiązania przewidzianego w art. 34 jest prawidłowe?,"Warunki i tryb przyznawania nagród określi, w drodze rozporządzenia, minister właściwy do spraw kultury i ochrony dziedzictwa narodowego, ustalając rodzaje nagród, źródła ich finansowania i wysokość nagród pieniężnych","Warunki i tryb przyznawania nagród określi, w drodze rozporządzenia, wojewódzki konserwator zabytków, ustalając rodzaje nagród, źródła ich finansowania i wysokość nagród pieniężnych","Warunki i tryb przyznawania nagród określi, w drodze rozporządzenia, Generalny Konserwator Zabytków, ustalając rodzaje nagród, źródła ich finansowania i wysokość nagród pieniężnych","Warunki i tryb przyznawania nagród określi, w drodze rozporządzenia, starosta, ustalając rodzaje nagród, źródła ich finansowania i wysokość nagród pieniężnych",1,"Art. 34 ustawy przewiduje, że warunki i tryb przyznawania nagród określi, w drodze rozporządzenia, minister właściwy do spraw kultury i ochrony dziedzictwa narodowego, ustalając rodzaje nagród, źródła ich finansowania i wysokość nagród pieniężnych."
Które stwierdzenie dotyczące regulacji z art. 35 jest prawidłowe?,"Przekazanie zabytków archeologicznych muzeum lub innej jednostce organizacyjnej może nastąpić w przypadku, gdy jednostka ta zapewni: 2) ich trwałe przechowanie","Przekazanie zabytków archeologicznych muzeum lub innej jednostce organizacyjnej może nastąpić w przypadku, gdy jednostka ta zapewni: 1) ich trwałe przechowanie","Przekazanie zabytków archeologicznych muzeum lub innej jednostce organizacyjnej nie może nastąpić w przypadku, gdy jednostka ta zapewni: 1) ich trwałe przechowanie",Czynność ta zawsze wymaga uprzedniej zgody sądu administracyjnego.,2,"Art. 35 ustawy przewiduje, że przekazanie zabytków archeologicznych muzeum lub innej jednostce organizacyjnej może nastąpić w przypadku, gdy jednostka ta zapewni: 1) ich trwałe przechowanie."
Które stwierdzenie dotyczące rozwiązania przewidzianego w art. 36 jest prawidłowe (zagadnienie 2)?,Dokonywanie podziału zabytku ruchomego wpisanego do rejestru,Dokonywanie podziału zabytku nieruchomego wpisanego do gminnej ewidencji zabytków,Dokonywanie podziału zabytku nieruchomego wpisanego do rejestru,Czynność ta zawsze wymaga uprzedniej zgody sądu administracyjnego.,3,"Art. 36 ustawy przewiduje, że dokonywanie podziału zabytku nieruchomego wpisanego do rejestru."
Co wynika z art. 36b ustawy o ochronie zabytków i opiece nad zabytkami?,Czynność ta zawsze wymaga uprzedniej zgody sądu administracyjnego.,"Ustawa pozostawia tę kwestię wyłącznie uznaniu właściciela zabytku, bez udziału organów ochrony zabytków.",Przepis ma zastosowanie wyłącznie do zabytków znajdujących się poza terytorium Rzeczypospolitej Polskiej.,Klauzula ta zastępuje pouczenie organu o odpowiedzialności karnej za złożenie fałszywego oświadczenia,4,"Art. 36b ustawy przewiduje, że klauzula ta zastępuje pouczenie organu o odpowiedzialności karnej za złożenie fałszywego oświadczenia."
Które stwierdzenie dotyczące rozwiązania przewidzianego w art. 36c jest prawidłowe?,"Objętych wnioskiem o wydanie pozwolenia, o którym mowa w art. 36 ust. 1 pkt 5, lub tym pozwoleniem","Objętych wnioskiem o wydanie pozwolenia, o którym mowa w art. 43 ust. 1 pkt 5, lub tym pozwoleniem",Czynność ta zawsze wymaga uprzedniej zgody sądu administracyjnego.,"Ustawa pozostawia tę kwestię wyłącznie uznaniu właściciela zabytku, bez udziału organów ochrony zabytków.",1,"Art. 36c ustawy przewiduje, że objętych wnioskiem o wydanie pozwolenia, o którym mowa w art. 36 ust. 1 pkt 5, lub tym pozwoleniem."
Które stwierdzenie jest zgodne z art. 36d ustawy?,Zapewnia poprawność danych przetwarzanych w gminnej ewidencji zabytków poszukiwań,Zapewnia poprawność danych przetwarzanych w rejestrze poszukiwań,Czynność ta zawsze wymaga uprzedniej zgody sądu administracyjnego.,"Ustawa pozostawia tę kwestię wyłącznie uznaniu właściciela zabytku, bez udziału organów ochrony zabytków.",2,"Art. 36d ustawy przewiduje, że zapewnia poprawność danych przetwarzanych w rejestrze poszukiwań."
Które stwierdzenie dotyczące rozwiązania przewidzianego w art. 37 jest prawidłowe?,"Dane i informacje, które zawierają pozwolenia, o których mowa w art. 43 ust. 1–1b, oraz warunki, które mogą zostać w nich zastrzeżone",Czynność ta zawsze wymaga uprzedniej zgody sądu administracyjnego.,"Dane i informacje, które zawierają pozwolenia, o których mowa w art. 36 ust. 1–1b, oraz warunki, które mogą zostać w nich zastrzeżone","Ustawa pozostawia tę kwestię wyłącznie uznaniu właściciela zabytku, bez udziału organów ochrony zabytków.",3,"Art. 37 ustawy przewiduje, że dane i informacje, które zawierają pozwolenia, o których mowa w art. 36 ust. 1–1b, oraz warunki, które mogą zostać w nich zastrzeżone."
Które z poniższych stwierdzeń prawidłowo oddaje treść art. 37e ustawy?,"Badaniami archeologicznymi kieruje osoba, która ukończyła studia drugiego stopnia lub jednolite studia magisterskie, w zakresie archeologii i przez co najmniej 24 miesiące brała udział w badaniach archeologicznych",Czynność ta zawsze wymaga uprzedniej zgody sądu administracyjnego.,"Ustawa pozostawia tę kwestię wyłącznie uznaniu właściciela zabytku, bez udziału organów ochrony zabytków.","Badaniami archeologicznymi kieruje osoba, która ukończyła studia drugiego stopnia lub jednolite studia magisterskie, w zakresie archeologii i przez co najmniej 12 miesięcy brała udział w badaniach archeologicznych",4,"Art. 37e ustawy przewiduje, że badaniami archeologicznymi kieruje osoba, która ukończyła studia drugiego stopnia lub jednolite studia magisterskie, w zakresie archeologii i przez co najmniej 12 miesięcy brała udział w badaniach archeologicznych."
Które stwierdzenie dotyczące rozwiązania przewidzianego w art. 37h jest prawidłowe?,"Wykształcenie i tytuły zawodowe, o których mowa w art. 37a, art. 37b, art. 37d i art. 37e, mogą być uzyskane poza terytorium Rzeczypospolitej Polskiej, jeżeli są one uznawane za równorzędne z wykształceniem i tytułami zawodowymi uzyskanymi na terytorium Rzeczypospolitej Polskiej na podstawie odrębnych przepisów","Wykształcenie i tytuły zawodowe, o których mowa w art. 37a, art. 37b, art. 37d i art. 37e, mogą być uzyskane poza terytorium Rzeczypospolitej Polskiej, jeżeli nie są one uznawane za równorzędne z wykształceniem i tytułami zawodowymi uzyskanymi na terytorium Rzeczypospolitej Polskiej na podstawie odrębnych przepisów",Czynność ta zawsze wymaga uprzedniej zgody sądu administracyjnego.,"Ustawa pozostawia tę kwestię wyłącznie uznaniu właściciela zabytku, bez udziału organów ochrony zabytków.",1,"Art. 37h ustawy przewiduje, że wykształcenie i tytuły zawodowe, o których mowa w art. 37a, art. 37b, art. 37d i art. 37e, mogą być uzyskane poza terytorium Rzeczypospolitej Polskiej, jeżeli są one uznawane za równorzędne z wykształceniem i tytułami zawodowymi uzyskanymi na terytorium Rzeczypospolitej Polskiej na podstawie odrębnych przepisów."
Co wynika z art. 37i ustawy o ochronie zabytków i opiece nad zabytkami?,"W trakcie transportu zabytku, o którym mowa w ust. 2, zapewnia się stałą ochronę fizyczną oraz warunki zbliżone do występujących w miejscu stałego przechowywania tego zabytku","W trakcie transportu zabytku, o którym mowa w ust. 1, zapewnia się stałą ochronę fizyczną oraz warunki zbliżone do występujących w miejscu stałego przechowywania tego zabytku",Czynność ta zawsze wymaga uprzedniej zgody sądu administracyjnego.,"Ustawa pozostawia tę kwestię wyłącznie uznaniu właściciela zabytku, bez udziału organów ochrony zabytków.",2,"Art. 37i ustawy przewiduje, że w trakcie transportu zabytku, o którym mowa w ust. 1, zapewnia się stałą ochronę fizyczną oraz warunki zbliżone do występujących w miejscu stałego przechowywania tego zabytku."
Które stwierdzenie dotyczące rozwiązania przewidzianego w art. 38 jest prawidłowe?,Czynność ta zawsze wymaga uprzedniej zgody sądu administracyjnego.,"Ustawa pozostawia tę kwestię wyłącznie uznaniu właściciela zabytku, bez udziału organów ochrony zabytków.",Żądania okazania dokumentów i udostępnienia wszelkich danych mających związek z zakresem kontroli,Przepis ma zastosowanie wyłącznie do zabytków znajdujących się poza terytorium Rzeczypospolitej Polskiej.,3,"Art. 38 ustawy przewiduje, że żądania okazania dokumentów i udostępnienia wszelkich danych mających związek z zakresem kontroli."
Które stwierdzenie jest zgodne z art. 39 ustawy?,Czynność ta zawsze wymaga uprzedniej zgody sądu administracyjnego.,"Ustawa pozostawia tę kwestię wyłącznie uznaniu właściciela zabytku, bez udziału organów ochrony zabytków.",Przepis ma zastosowanie wyłącznie do zabytków znajdujących się poza terytorium Rzeczypospolitej Polskiej.,"Protokół podpisują kontrolujący i kontrolowana osoba fizyczna albo kierownik kontrolowanej jednostki organizacyjnej lub upoważniona przez niego osoba, którzy mogą wnieść do protokołu umotywowane zastrzeżenia i uwagi",4,"Art. 39 ustawy przewiduje, że protokół podpisują kontrolujący i kontrolowana osoba fizyczna albo kierownik kontrolowanej jednostki organizacyjnej lub upoważniona przez niego osoba, którzy mogą wnieść do protokołu umotywowane zastrzeżenia i uwagi."
Które stwierdzenie dotyczące rozwiązania przewidzianego w art. 40 jest prawidłowe?,W przypadku kontroli jednostki organizacyjnej wojewódzki konserwator zabytków może zażądać przeprowadzenia postępowania służbowego lub innego przewidzianego prawem przeciwko osobom winnym dopuszczenia do powstania uchybień i poinformowania go w określonym terminie o podjętych działaniach zmierzających do usunięcia tych uchybień,W przypadku kontroli jednostki organizacyjnej Generalny Konserwator Zabytków może zażądać przeprowadzenia postępowania służbowego lub innego przewidzianego prawem przeciwko osobom winnym dopuszczenia do powstania uchybień i poinformowania go w określonym terminie o podjętych działaniach zmierzających do usunięcia tych uchybień,W przypadku kontroli jednostki organizacyjnej minister właściwy do spraw kultury i ochrony dziedzictwa narodowego może zażądać przeprowadzenia postępowania służbowego lub innego przewidzianego prawem przeciwko osobom winnym dopuszczenia do powstania uchybień i poinformowania go w określonym terminie o podjętych działaniach zmierzających do usunięcia tych uchybień,W przypadku kontroli jednostki organizacyjnej starosta może zażądać przeprowadzenia postępowania służbowego lub innego przewidzianego prawem przeciwko osobom winnym dopuszczenia do powstania uchybień i poinformowania go w określonym terminie o podjętych działaniach zmierzających do usunięcia tych uchybień,1,"Art. 40 ustawy przewiduje, że w przypadku kontroli jednostki organizacyjnej wojewódzki konserwator zabytków może zażądać przeprowadzenia postępowania służbowego lub innego przewidzianego prawem przeciwko osobom winnym dopuszczenia do powstania uchybień i poinformowania go w określonym terminie o podjętych działaniach zmierzających do usunięcia tych uchybień."
Które z poniższych stwierdzeń prawidłowo oddaje treść art. 42 ustawy?,"wojewódzki konserwator zabytków może podejmować czynności, o których mowa w art. 38 ust. 3, art. 39, art. 40 ust. 1 i 3 oraz art. 41, jeżeli jest to konieczne ze względu na szczególną wagę sprawy","Generalny Konserwator Zabytków może podejmować czynności, o których mowa w art. 38 ust. 3, art. 39, art. 40 ust. 1 i 3 oraz art. 41, jeżeli jest to konieczne ze względu na szczególną wagę sprawy","minister właściwy do spraw kultury i ochrony dziedzictwa narodowego może podejmować czynności, o których mowa w art. 38 ust. 3, art. 39, art. 40 ust. 1 i 3 oraz art. 41, jeżeli jest to konieczne ze względu na szczególną wagę sprawy","starosta może podejmować czynności, o których mowa w art. 38 ust. 3, art. 39, art. 40 ust. 1 i 3 oraz art. 41, jeżeli jest to konieczne ze względu na szczególną wagę sprawy",2,"Art. 42 ustawy przewiduje, że generalny Konserwator Zabytków może podejmować czynności, o których mowa w art. 38 ust. 3, art. 39, art. 40 ust. 1 i 3 oraz art. 41, jeżeli jest to konieczne ze względu na szczególną wagę sprawy."
Które stwierdzenie dotyczące rozwiązania przewidzianego w art. 43 jest prawidłowe?,"Innych działań, o których mowa w art. 43 ust. 1 pkt 6–8, 10 i 11, przy zabytku wpisanym do rejestru","Innych działań, o których mowa w art. 36 ust. 1 pkt 6–8, 10 i 11, przy zabytku wpisanym do gminnej ewidencji zabytków","Innych działań, o których mowa w art. 36 ust. 1 pkt 6–8, 10 i 11, przy zabytku wpisanym do rejestru",Czynność ta zawsze wymaga uprzedniej zgody sądu administracyjnego.,3,"Art. 43 ustawy przewiduje, że innych działań, o których mowa w art. 36 ust. 1 pkt 6–8, 10 i 11, przy zabytku wpisanym do rejestru."
Co wynika z art. 44 ustawy o ochronie zabytków i opiece nad zabytkami?,"Generalny Konserwator Zabytków wydaje decyzję w sprawie pozwolenia, o którym mowa w ust. 1 pkt 2, w terminie nie dłuższym niż 30 dni od dnia złożenia wniosku o wydanie tego pozwolenia","minister właściwy do spraw kultury i ochrony dziedzictwa narodowego wydaje decyzję w sprawie pozwolenia, o którym mowa w ust. 1 pkt 2, w terminie nie dłuższym niż 30 dni od dnia złożenia wniosku o wydanie tego pozwolenia","starosta wydaje decyzję w sprawie pozwolenia, o którym mowa w ust. 1 pkt 2, w terminie nie dłuższym niż 30 dni od dnia złożenia wniosku o wydanie tego pozwolenia","Wojewódzki konserwator zabytków wydaje decyzję w sprawie pozwolenia, o którym mowa w ust. 1 pkt 2, w terminie nie dłuższym niż 30 dni od dnia złożenia wniosku o wydanie tego pozwolenia",4,"Art. 44 ustawy przewiduje, że wojewódzki konserwator zabytków wydaje decyzję w sprawie pozwolenia, o którym mowa w ust. 1 pkt 2, w terminie nie dłuższym niż 30 dni od dnia złożenia wniosku o wydanie tego pozwolenia."
Które stwierdzenie dotyczące rozwiązania przewidzianego w art. 46 jest prawidłowe?,"Wojewódzki konserwator zabytków może wydać decyzję o wstrzymaniu prac konserwatorskich, restauratorskich lub robót budowlanych przy zabytku niewpisanym do rejestru albo na Listę Skarbów Dziedzictwa, jeżeli zabytek ten spełnia warunki uzasadniające dokonanie wpisu do rejestru","Generalny Konserwator Zabytków może wydać decyzję o wstrzymaniu prac konserwatorskich, restauratorskich lub robót budowlanych przy zabytku niewpisanym do rejestru albo na Listę Skarbów Dziedzictwa, jeżeli zabytek ten spełnia warunki uzasadniające dokonanie wpisu do rejestru","minister właściwy do spraw kultury i ochrony dziedzictwa narodowego może wydać decyzję o wstrzymaniu prac konserwatorskich, restauratorskich lub robót budowlanych przy zabytku niewpisanym do rejestru albo na Listę Skarbów Dziedzictwa, jeżeli zabytek ten spełnia warunki uzasadniające dokonanie wpisu do rejestru","starosta może wydać decyzję o wstrzymaniu prac konserwatorskich, restauratorskich lub robót budowlanych przy zabytku niewpisanym do rejestru albo na Listę Skarbów Dziedzictwa, jeżeli zabytek ten spełnia warunki uzasadniające dokonanie wpisu do rejestru",1,"Art. 46 ustawy przewiduje, że wojewódzki konserwator zabytków może wydać decyzję o wstrzymaniu prac konserwatorskich, restauratorskich lub robót budowlanych przy zabytku niewpisanym do rejestru albo na Listę Skarbów Dziedzictwa, jeżeli zabytek ten spełnia warunki uzasadniające dokonanie wpisu do rejestru."
Które stwierdzenie dotyczące regulacji z art. 47 jest prawidłowe?,"wojewódzki konserwator zabytków może wznowić postępowanie w sprawie wydanego pozwolenia, o którym mowa w art. 36 ust. 1a, a następnie zmienić je lub cofnąć, w drodze decyzji, jeżeli w trakcie wykonywania prac lub badań określonych w pozwoleniu wystąpiły nowe fakty i okoliczności, mogące doprowadzić do uszkodzenia lub zniszczenia zabytku","Minister właściwy do spraw kultury i ochrony dziedzictwa narodowego może wznowić postępowanie w sprawie wydanego pozwolenia, o którym mowa w art. 36 ust. 1a, a następnie zmienić je lub cofnąć, w drodze decyzji, jeżeli w trakcie wykonywania prac lub badań określonych w pozwoleniu wystąpiły nowe fakty i okoliczności, mogące doprowadzić do uszkodzenia lub zniszczenia zabytku","Generalny Konserwator Zabytków może wznowić postępowanie w sprawie wydanego pozwolenia, o którym mowa w art. 36 ust. 1a, a następnie zmienić je lub cofnąć, w drodze decyzji, jeżeli w trakcie wykonywania prac lub badań określonych w pozwoleniu wystąpiły nowe fakty i okoliczności, mogące doprowadzić do uszkodzenia lub zniszczenia zabytku","starosta może wznowić postępowanie w sprawie wydanego pozwolenia, o którym mowa w art. 36 ust. 1a, a następnie zmienić je lub cofnąć, w drodze decyzji, jeżeli w trakcie wykonywania prac lub badań określonych w pozwoleniu wystąpiły nowe fakty i okoliczności, mogące doprowadzić do uszkodzenia lub zniszczenia zabytku",2,"Art. 47 ustawy przewiduje, że minister właściwy do spraw kultury i ochrony dziedzictwa narodowego może wznowić postępowanie w sprawie wydanego pozwolenia, o którym mowa w art. 36 ust. 1a, a następnie zmienić je lub cofnąć, w drodze decyzji, jeżeli w trakcie wykonywania prac lub badań określonych w pozwoleniu wystąpiły nowe fakty i okoliczności, mogące doprowadzić do uszkodzenia lub zniszczenia zabytku."
Które stwierdzenie dotyczące rozwiązania przewidzianego w art. 47a jest prawidłowe?,"wojewódzki konserwator zabytków może wstrzymać wykonanie pozwolenia, o którym mowa w art. 36 ust. 1, jeżeli zachodzi prawdopodobieństwo uchylenia lub zmiany tego pozwolenia","Generalny Konserwator Zabytków może wstrzymać wykonanie pozwolenia, o którym mowa w art. 36 ust. 1, jeżeli zachodzi prawdopodobieństwo uchylenia lub zmiany tego pozwolenia","Minister właściwy do spraw kultury i ochrony dziedzictwa narodowego może wstrzymać wykonanie pozwolenia, o którym mowa w art. 36 ust. 1, jeżeli zachodzi prawdopodobieństwo uchylenia lub zmiany tego pozwolenia","starosta może wstrzymać wykonanie pozwolenia, o którym mowa w art. 36 ust. 1, jeżeli zachodzi prawdopodobieństwo uchylenia lub zmiany tego pozwolenia",3,"Art. 47a ustawy przewiduje, że minister właściwy do spraw kultury i ochrony dziedzictwa narodowego może wstrzymać wykonanie pozwolenia, o którym mowa w art. 36 ust. 1, jeżeli zachodzi prawdopodobieństwo uchylenia lub zmiany tego pozwolenia."
Które z poniższych stwierdzeń prawidłowo oddaje treść art. 49 ustawy?,Czynność ta zawsze wymaga uprzedniej zgody sądu administracyjnego.,"Ustawa pozostawia tę kwestię wyłącznie uznaniu właściciela zabytku, bez udziału organów ochrony zabytków.",Przepis ma zastosowanie wyłącznie do zabytków znajdujących się poza terytorium Rzeczypospolitej Polskiej.,"Jeżeli nieruchomość nie posiada księgi wieczystej, wniosek i decyzję składa się do zbioru dokumentów",4,"Art. 49 ustawy przewiduje, że jeżeli nieruchomość nie posiada księgi wieczystej, wniosek i decyzję składa się do zbioru dokumentów."
Które stwierdzenie dotyczące rozwiązania przewidzianego w art. 50 jest prawidłowe?,"Zabytek nieruchomy może być na wniosek wojewódzkiego konserwatora zabytków wywłaszczony przez starostę na rzecz Skarbu Państwa lub gminy właściwej ze względu na miejsce położenia tego zabytku, w trybie i na zasadach przewidzianych w przepisach o gospodarce nieruchomościami","Zabytek nieruchomy może być wyłącznie z urzędu wojewódzkiego konserwatora zabytków wywłaszczony przez starostę na rzecz Skarbu Państwa lub gminy właściwej ze względu na miejsce położenia tego zabytku, w trybie i na zasadach przewidzianych w przepisach o gospodarce nieruchomościami","Zabytek nieruchomy nie może być na wniosek wojewódzkiego konserwatora zabytków wywłaszczony przez starostę na rzecz Skarbu Państwa lub gminy właściwej ze względu na miejsce położenia tego zabytku, w trybie i na zasadach przewidzianych w przepisach o gospodarce nieruchomościami",Czynność ta zawsze wymaga uprzedniej zgody sądu administracyjnego.,1,"Art. 50 ustawy przewiduje, że zabytek nieruchomy może być na wniosek wojewódzkiego konserwatora zabytków wywłaszczony przez starostę na rzecz Skarbu Państwa lub gminy właściwej ze względu na miejsce położenia tego zabytku, w trybie i na zasadach przewidzianych w przepisach o gospodarce nieruchomościami."
Co wynika z art. 51 ustawy o ochronie zabytków i opiece nad zabytkami?,"Pojedynczych map drukowanych i partytur, które mają więcej niż 157 lat i ich wartość jest wyższa niż 6000 zł","Pojedynczych map drukowanych i partytur, które mają więcej niż 150 lat i ich wartość jest wyższa niż 6000 zł","Pojedynczych map drukowanych i partytur, które mają więcej niż 150 lat i ich wartość nie jest wyższa niż 6000 zł",Czynność ta zawsze wymaga uprzedniej zgody sądu administracyjnego.,2,"Art. 51 ustawy przewiduje, że pojedynczych map drukowanych i partytur, które mają więcej niż 150 lat i ich wartość jest wyższa niż 6000 zł."
Które stwierdzenie dotyczące rozwiązania przewidzianego w art. 52 jest prawidłowe?,"Wywóz zabytku za granicę na podstawie pozwolenia, o którym mowa w ust. 1, może nastąpić nie później niż w terminie 24 miesiące od dnia wydania tego pozwolenia","Wywóz zabytku za granicę na podstawie pozwolenia, o którym mowa w ust. 1, nie może nastąpić nie później niż w terminie 12 miesięcy od dnia wydania tego pozwolenia","Wywóz zabytku za granicę na podstawie pozwolenia, o którym mowa w ust. 1, może nastąpić nie później niż w terminie 12 miesięcy od dnia wydania tego pozwolenia",Czynność ta zawsze wymaga uprzedniej zgody sądu administracyjnego.,3,"Art. 52 ustawy przewiduje, że wywóz zabytku za granicę na podstawie pozwolenia, o którym mowa w ust. 1, może nastąpić nie później niż w terminie 12 miesięcy od dnia wydania tego pozwolenia."
Które stwierdzenie jest zgodne z art. 53 ustawy?,"Jednorazowe pozwolenie na czasowy wywóz zabytku za granicę wydaje Generalny Konserwator Zabytków na wniosek osoby fizycznej lub jednostki organizacyjnej, w której posiadaniu znajduje się zabytek, mającej zamiar jednorazowo wywieźć za granicę ten zabytek w celach użytkowych lub wystawienniczych albo dla przeprowadzenia prac konserwatorskich","Jednorazowe pozwolenie na czasowy wywóz zabytku za granicę wydaje minister właściwy do spraw kultury i ochrony dziedzictwa narodowego na wniosek osoby fizycznej lub jednostki organizacyjnej, w której posiadaniu znajduje się zabytek, mającej zamiar jednorazowo wywieźć za granicę ten zabytek w celach użytkowych lub wystawienniczych albo dla przeprowadzenia prac konserwatorskich","Jednorazowe pozwolenie na czasowy wywóz zabytku za granicę wydaje starosta na wniosek osoby fizycznej lub jednostki organizacyjnej, w której posiadaniu znajduje się zabytek, mającej zamiar jednorazowo wywieźć za granicę ten zabytek w celach użytkowych lub wystawienniczych albo dla przeprowadzenia prac konserwatorskich","Jednorazowe pozwolenie na czasowy wywóz zabytku za granicę wydaje wojewódzki konserwator zabytków na wniosek osoby fizycznej lub jednostki organizacyjnej, w której posiadaniu znajduje się zabytek, mającej zamiar jednorazowo wywieźć za granicę ten zabytek w celach użytkowych lub wystawienniczych albo dla przeprowadzenia prac konserwatorskich",4,"Art. 53 ustawy przewiduje, że jednorazowe pozwolenie na czasowy wywóz zabytku za granicę wydaje wojewódzki konserwator zabytków na wniosek osoby fizycznej lub jednostki organizacyjnej, w której posiadaniu znajduje się zabytek, mającej zamiar jednorazowo wywieźć za granicę ten zabytek w celach użytkowych lub wystawienniczych albo dla przeprowadzenia prac konserwatorskich."
Które stwierdzenie dotyczące rozwiązania przewidzianego w art. 54 jest prawidłowe?,"Na podstawie pozwolenia, o którym mowa w ust. 1, nie może być wywieziony za granicę zabytek wpisany na Listę Skarbów Dziedzictwa","Na podstawie pozwolenia, o którym mowa w ust. 2, nie może być wywieziony za granicę zabytek wpisany na Listę Skarbów Dziedzictwa","Na podstawie pozwolenia, o którym mowa w ust. 1, nie nie może być wywieziony za granicę zabytek wpisany na Listę Skarbów Dziedzictwa","Na podstawie pozwolenia, o którym mowa w ust. 1, może być wywieziony za granicę zabytek wpisany na Listę Skarbów Dziedzictwa",1,"Art. 54 ustawy przewiduje, że na podstawie pozwolenia, o którym mowa w ust. 1, nie może być wywieziony za granicę zabytek wpisany na Listę Skarbów Dziedzictwa."
Które z poniższych stwierdzeń prawidłowo oddaje treść art. 55 ustawy?,"Na podstawie pozwolenia, o którym mowa w ust. 2, nie może być wywieziony za granicę zabytek wpisany na Listę Skarbów Dziedzictwa","Na podstawie pozwolenia, o którym mowa w ust. 1, nie może być wywieziony za granicę zabytek wpisany na Listę Skarbów Dziedzictwa","Na podstawie pozwolenia, o którym mowa w ust. 1, nie nie może być wywieziony za granicę zabytek wpisany na Listę Skarbów Dziedzictwa","Na podstawie pozwolenia, o którym mowa w ust. 1, może być wywieziony za granicę zabytek wpisany na Listę Skarbów Dziedzictwa",2,"Art. 55 ustawy przewiduje, że na podstawie pozwolenia, o którym mowa w ust. 1, nie może być wywieziony za granicę zabytek wpisany na Listę Skarbów Dziedzictwa."
Które stwierdzenie dotyczące rozwiązania przewidzianego w art. 56 jest prawidłowe?,"wojewódzki konserwator zabytków może cofnąć pozwolenie, o którym mowa w art. 53 ust. 1a, w drodze decyzji","Generalny Konserwator Zabytków może cofnąć pozwolenie, o którym mowa w art. 53 ust. 1a, w drodze decyzji","Minister właściwy do spraw kultury i ochrony dziedzictwa narodowego może cofnąć pozwolenie, o którym mowa w art. 53 ust. 1a, w drodze decyzji","starosta może cofnąć pozwolenie, o którym mowa w art. 53 ust. 1a, w drodze decyzji",3,"Art. 56 ustawy przewiduje, że minister właściwy do spraw kultury i ochrony dziedzictwa narodowego może cofnąć pozwolenie, o którym mowa w art. 53 ust. 1a, w drodze decyzji."
Co wynika z art. 56a ustawy o ochronie zabytków i opiece nad zabytkami?,"Wniosek złożony z przekroczeniem terminu, o którym mowa w ust. 4, pozostawia się bez rozpatrzenia, o czym informuje się wnioskodawcę",Czynność ta zawsze wymaga uprzedniej zgody sądu administracyjnego.,"Ustawa pozostawia tę kwestię wyłącznie uznaniu właściciela zabytku, bez udziału organów ochrony zabytków.","Wniosek złożony z przekroczeniem terminu, o którym mowa w ust. 3, pozostawia się bez rozpatrzenia, o czym informuje się wnioskodawcę",4,"Art. 56a ustawy przewiduje, że wniosek złożony z przekroczeniem terminu, o którym mowa w ust. 3, pozostawia się bez rozpatrzenia, o czym informuje się wnioskodawcę."
Które stwierdzenie dotyczące rozwiązania przewidzianego w art. 57 jest prawidłowe?,"Osoba fizyczna lub jednostka organizacyjna, która otrzymała pozwolenie, o którym mowa w art. 53 ust. 1a, jest obowiązana po wykorzystaniu tego pozwolenia powiadomić ministra właściwego do spraw kultury i ochrony dziedzictwa narodowego o przywiezieniu zabytku na terytorium Rzeczypospolitej Polskiej w terminie nie dłuższym niż 14 dni od dnia upływu ważności pozwolenia","Osoba fizyczna lub jednostka organizacyjna, która otrzymała pozwolenie, o którym mowa w art. 53 ust. 1a, jest obowiązana po wykorzystaniu tego pozwolenia powiadomić ministra właściwego do spraw kultury i ochrony dziedzictwa narodowego o przywiezieniu zabytku na terytorium Rzeczypospolitej Polskiej w terminie nie dłuższym niż 30 dni od dnia upływu ważności pozwolenia","Osoba fizyczna lub jednostka organizacyjna, która otrzymała pozwolenie, o którym mowa w art. 53 ust. 1a, nie jest obowiązana po wykorzystaniu tego pozwolenia powiadomić ministra właściwego do spraw kultury i ochrony dziedzictwa narodowego o przywiezieniu zabytku na terytorium Rzeczypospolitej Polskiej w terminie nie dłuższym niż 14 dni od dnia upływu ważności pozwolenia",Czynność ta zawsze wymaga uprzedniej zgody sądu administracyjnego.,1,"Art. 57 ustawy przewiduje, że osoba fizyczna lub jednostka organizacyjna, która otrzymała pozwolenie, o którym mowa w art. 53 ust. 1a, jest obowiązana po wykorzystaniu tego pozwolenia powiadomić ministra właściwego do spraw kultury i ochrony dziedzictwa narodowego o przywiezieniu zabytku na terytorium Rzeczypospolitej Polskiej w terminie nie dłuższym niż 14 dni od dnia upływu ważności pozwolenia."
Które stwierdzenie jest zgodne z art. 58 ustawy?,"W odniesieniu do materiałów bibliotecznych pozwolenia, o których mowa w art. 51 ust. 1 i 3, wydaje wojewódzki konserwator zabytków","W odniesieniu do materiałów bibliotecznych pozwolenia, o których mowa w art. 51 ust. 1 i 3, wydaje Dyrektor Biblioteki Narodowej","W odniesieniu do materiałów bibliotecznych pozwolenia, o których mowa w art. 51 ust. 1 i 3, wydaje Generalny Konserwator Zabytków","W odniesieniu do materiałów bibliotecznych pozwolenia, o których mowa w art. 51 ust. 1 i 3, wydaje minister właściwy do spraw kultury i ochrony dziedzictwa narodowego",2,"Art. 58 ustawy przewiduje, że w odniesieniu do materiałów bibliotecznych pozwolenia, o których mowa w art. 51 ust. 1 i 3, wydaje Dyrektor Biblioteki Narodowej."
Które stwierdzenie dotyczące rozwiązania przewidzianego w art. 59 jest prawidłowe (zagadnienie 2)?,Czynność ta zawsze wymaga uprzedniej zgody sądu administracyjnego.,"Ustawa pozostawia tę kwestię wyłącznie uznaniu właściciela zabytku, bez udziału organów ochrony zabytków.",Dzieła twórców żyjących niewpisane do inwentarzy muzeów albo niewchodzące w skład narodowego zasobu bibliotecznego,Przepis ma zastosowanie wyłącznie do zabytków znajdujących się poza terytorium Rzeczypospolitej Polskiej.,3,"Art. 59 ustawy przewiduje, że dzieła twórców żyjących niewpisane do inwentarzy muzeów albo niewchodzące w skład narodowego zasobu bibliotecznego."
Które z poniższych stwierdzeń prawidłowo oddaje treść art. 59a ustawy?,Księga ewidencyjna zawiera: 2) dane umożliwiające identyfikację i określenie wartości zabytku,Czynność ta zawsze wymaga uprzedniej zgody sądu administracyjnego.,"Ustawa pozostawia tę kwestię wyłącznie uznaniu właściciela zabytku, bez udziału organów ochrony zabytków.",Księga ewidencyjna zawiera: 1) dane umożliwiające identyfikację i określenie wartości zabytku,4,"Art. 59a ustawy przewiduje, że księga ewidencyjna zawiera: 1) dane umożliwiające identyfikację i określenie wartości zabytku."
Które stwierdzenie dotyczące rozwiązania przewidzianego w art. 71 jest prawidłowe?,"Sprawowanie opieki nad zabytkami, w tym finansowanie prac konserwatorskich, restauratorskich i robót budowlanych przy zabytku, do którego tytuł prawny, określony w ust. 1, posiada jednostka samorządu terytorialnego, jest zadaniem własnym tej jednostki","Sprawowanie opieki nad zabytkami, w tym finansowanie prac konserwatorskich, restauratorskich i robót budowlanych przy zabytku, do którego tytuł prawny, określony w ust. 2, posiada jednostka samorządu terytorialnego, jest zadaniem własnym tej jednostki","Sprawowanie opieki nad zabytkami, w tym finansowanie prac konserwatorskich, restauratorskich i robót budowlanych przy zabytku, do którego tytuł prawny, określony w ust. 1, posiada jednostka samorządu terytorialnego, nie jest zadaniem własnym tej jednostki",Czynność ta zawsze wymaga uprzedniej zgody sądu administracyjnego.,1,"Art. 71 ustawy przewiduje, że sprawowanie opieki nad zabytkami, w tym finansowanie prac konserwatorskich, restauratorskich i robót budowlanych przy zabytku, do którego tytuł prawny, określony w ust. 1, posiada jednostka samorządu terytorialnego, jest zadaniem własnym tej jednostki."
Co wynika z art. 74 ustawy o ochronie zabytków i opiece nad zabytkami?,"Dotacja na dofinansowanie prac konserwatorskich, restauratorskich lub robót budowlanych przy zabytku wpisanym do rejestru może być udzielona przez: 2) ministra właściwego do spraw kultury i ochrony dziedzictwa narodowego ze środków budżetu państwa, z części, której dysponentem jest ten minister","Dotacja na dofinansowanie prac konserwatorskich, restauratorskich lub robót budowlanych przy zabytku wpisanym do rejestru może być udzielona przez: 1) ministra właściwego do spraw kultury i ochrony dziedzictwa narodowego ze środków budżetu państwa, z części, której dysponentem jest ten minister","Dotacja na dofinansowanie prac konserwatorskich, restauratorskich lub robót budowlanych przy zabytku wpisanym do gminnej ewidencji zabytków może być udzielona przez: 1) ministra właściwego do spraw kultury i ochrony dziedzictwa narodowego ze środków budżetu państwa, z części, której dysponentem jest ten minister","Dotacja na dofinansowanie prac konserwatorskich, restauratorskich lub robót budowlanych przy zabytku wpisanym do rejestru nie może być udzielona przez: 1) ministra właściwego do spraw kultury i ochrony dziedzictwa narodowego ze środków budżetu państwa, z części, której dysponentem jest ten minister",2,"Art. 74 ustawy przewiduje, że dotacja na dofinansowanie prac konserwatorskich, restauratorskich lub robót budowlanych przy zabytku wpisanym do rejestru może być udzielona przez: 1) ministra właściwego do spraw kultury i ochrony dziedzictwa narodowego ze środków budżetu państwa, z części, której dysponentem jest ten minister."
Które stwierdzenie dotyczące rozwiązania przewidzianego w art. 76 jest prawidłowe?,"Nakładów koniecznych na wykonanie prac konserwatorskich, restauratorskich lub robót budowlanych przy zabytku wpisanym do gminnej ewidencji zabytków, które zostały przeprowadzone w okresie trzech lat poprzedzających rok złożenia przez wnioskodawcę wniosku o udzielenie dotacji",Czynność ta zawsze wymaga uprzedniej zgody sądu administracyjnego.,"Nakładów koniecznych na wykonanie prac konserwatorskich, restauratorskich lub robót budowlanych przy zabytku wpisanym do rejestru, które zostały przeprowadzone w okresie trzech lat poprzedzających rok złożenia przez wnioskodawcę wniosku o udzielenie dotacji","Ustawa pozostawia tę kwestię wyłącznie uznaniu właściciela zabytku, bez udziału organów ochrony zabytków.",3,"Art. 76 ustawy przewiduje, że nakładów koniecznych na wykonanie prac konserwatorskich, restauratorskich lub robót budowlanych przy zabytku wpisanym do rejestru, które zostały przeprowadzone w okresie trzech lat poprzedzających rok złożenia przez wnioskodawcę wniosku o udzielenie dotacji."
Które stwierdzenie jest zgodne z art. 77 ustawy?,Dotacja może obejmować nakłady konieczne na: 2) sporządzenie ekspertyz technicznych i konserwatorskich,Dotacja nie może obejmować nakłady konieczne na: 1) sporządzenie ekspertyz technicznych i konserwatorskich,Czynność ta zawsze wymaga uprzedniej zgody sądu administracyjnego.,Dotacja może obejmować nakłady konieczne na: 1) sporządzenie ekspertyz technicznych i konserwatorskich,4,"Art. 77 ustawy przewiduje, że dotacja może obejmować nakłady konieczne na: 1) sporządzenie ekspertyz technicznych i konserwatorskich."
Które stwierdzenie dotyczące rozwiązania przewidzianego w art. 78 jest prawidłowe?,"Dotacja może być udzielona w wysokości do 50 % nakładów koniecznych na wykonanie prac konserwatorskich, restauratorskich lub robót budowlanych przy zabytku wpisanym do rejestru","Dotacja może być udzielona w wysokości do 57 % nakładów koniecznych na wykonanie prac konserwatorskich, restauratorskich lub robót budowlanych przy zabytku wpisanym do rejestru","Dotacja może być udzielona w wysokości do 50 % nakładów koniecznych na wykonanie prac konserwatorskich, restauratorskich lub robót budowlanych przy zabytku wpisanym do gminnej ewidencji zabytków","Dotacja nie może być udzielona w wysokości do 50 % nakładów koniecznych na wykonanie prac konserwatorskich, restauratorskich lub robót budowlanych przy zabytku wpisanym do rejestru",1,"Art. 78 ustawy przewiduje, że dotacja może być udzielona w wysokości do 50 % nakładów koniecznych na wykonanie prac konserwatorskich, restauratorskich lub robót budowlanych przy zabytku wpisanym do rejestru."
Które z poniższych stwierdzeń prawidłowo oddaje treść art. 79 ustawy?,"Dochodzenie przez organy, o których mowa w art. 81, należności wraz z odsetkami w wysokości określonej jak dla zaległości podatkowych z tytułu niewykorzystania lub wykorzystania niezgodnego z przeznaczeniem udzielonej dotacji następuje w trybie przepisów o postępowaniu egzekucyjnym w administracji","Dochodzenie przez organy, o których mowa w art. 74, należności wraz z odsetkami w wysokości określonej jak dla zaległości podatkowych z tytułu niewykorzystania lub wykorzystania niezgodnego z przeznaczeniem udzielonej dotacji następuje w trybie przepisów o postępowaniu egzekucyjnym w administracji",Czynność ta zawsze wymaga uprzedniej zgody sądu administracyjnego.,"Ustawa pozostawia tę kwestię wyłącznie uznaniu właściciela zabytku, bez udziału organów ochrony zabytków.",2,"Art. 79 ustawy przewiduje, że dochodzenie przez organy, o których mowa w art. 74, należności wraz z odsetkami w wysokości określonej jak dla zaległości podatkowych z tytułu niewykorzystania lub wykorzystania niezgodnego z przeznaczeniem udzielonej dotacji następuje w trybie przepisów o postępowaniu egzekucyjnym w administracji."
Które stwierdzenie dotyczące rozwiązania przewidzianego w art. 81 jest prawidłowe?,"W trybie określonym odrębnymi przepisami dotacja na prace konserwatorskie, restauratorskie lub roboty budowlane przy zabytku wpisanym do gminnej ewidencji zabytków lub znajdującym się w gminnej ewidencji zabytków może być udzielona przez organ stanowiący gminy, powiatu lub samorządu województwa, na zasadach określonych w podjętej przez ten organ uchwale","W trybie określonym odrębnymi przepisami dotacja na prace konserwatorskie, restauratorskie lub roboty budowlane przy zabytku wpisanym do rejestru lub znajdującym się w gminnej ewidencji zabytków nie może być udzielona przez organ stanowiący gminy, powiatu lub samorządu województwa, na zasadach określonych w podjętej przez ten organ uchwale","W trybie określonym odrębnymi przepisami dotacja na prace konserwatorskie, restauratorskie lub roboty budowlane przy zabytku wpisanym do rejestru lub znajdującym się w gminnej ewidencji zabytków może być udzielona przez organ stanowiący gminy, powiatu lub samorządu województwa, na zasadach określonych w podjętej przez ten organ uchwale",Czynność ta zawsze wymaga uprzedniej zgody sądu administracyjnego.,3,"Art. 81 ustawy przewiduje, że w trybie określonym odrębnymi przepisami dotacja na prace konserwatorskie, restauratorskie lub roboty budowlane przy zabytku wpisanym do rejestru lub znajdującym się w gminnej ewidencji zabytków może być udzielona przez organ stanowiący gminy, powiatu lub samorządu województwa, na zasadach określonych w podjętej przez ten organ uchwale."
Co wynika z art. 82 ustawy o ochronie zabytków i opiece nad zabytkami?,W celu zapewnienia realizacji postanowień określonych w ust. 2 organy uprawnione do udzielania dotacji prowadzą wykazy udzielonych dotacji oraz informują się wzajemnie o udzielonych dotacjach,Czynność ta zawsze wymaga uprzedniej zgody sądu administracyjnego.,"Ustawa pozostawia tę kwestię wyłącznie uznaniu właściciela zabytku, bez udziału organów ochrony zabytków.",W celu zapewnienia realizacji postanowień określonych w ust. 1 organy uprawnione do udzielania dotacji prowadzą wykazy udzielonych dotacji oraz informują się wzajemnie o udzielonych dotacjach,4,"Art. 82 ustawy przewiduje, że w celu zapewnienia realizacji postanowień określonych w ust. 1 organy uprawnione do udzielania dotacji prowadzą wykazy udzielonych dotacji oraz informują się wzajemnie o udzielonych dotacjach."
Które stwierdzenie dotyczące rozwiązania przewidzianego w art. 82a jest prawidłowe?,Przepisy art. 75 i art. 79 stosuje się odpowiednio,Przepisy art. 82 i art. 79 stosuje się odpowiednio,Czynność ta zawsze wymaga uprzedniej zgody sądu administracyjnego.,"Ustawa pozostawia tę kwestię wyłącznie uznaniu właściciela zabytku, bez udziału organów ochrony zabytków.",1,"Art. 82a ustawy przewiduje, że przepisy art. 75 i art. 79 stosuje się odpowiednio."
Które stwierdzenie jest zgodne z art. 83a ustawy?,"Dotacji, o której mowa w ust. 1, udziela się ze środków budżetu państwa, z części, której dysponentem jest wojewódzki konserwator zabytków, we wnioskowanej wysokości do 100 % nakładów koniecznych na wyposażenie pomieszczenia w zabezpieczenia techniczne","Dotacji, o której mowa w ust. 1, udziela się ze środków budżetu państwa, z części, której dysponentem jest minister właściwy do spraw kultury i ochrony dziedzictwa narodowego, we wnioskowanej wysokości do 100 % nakładów koniecznych na wyposażenie pomieszczenia w zabezpieczenia techniczne","Dotacji, o której mowa w ust. 1, udziela się ze środków budżetu państwa, z części, której dysponentem jest Generalny Konserwator Zabytków, we wnioskowanej wysokości do 100 % nakładów koniecznych na wyposażenie pomieszczenia w zabezpieczenia techniczne","Dotacji, o której mowa w ust. 1, udziela się ze środków budżetu państwa, z części, której dysponentem jest starosta, we wnioskowanej wysokości do 100 % nakładów koniecznych na wyposażenie pomieszczenia w zabezpieczenia techniczne",2,"Art. 83a ustawy przewiduje, że dotacji, o której mowa w ust. 1, udziela się ze środków budżetu państwa, z części, której dysponentem jest minister właściwy do spraw kultury i ochrony dziedzictwa narodowego, we wnioskowanej wysokości do 100 % nakładów koniecznych na wyposażenie pomieszczenia w zabezpieczenia techniczne."
Które stwierdzenie dotyczące rozwiązania przewidzianego w art. 83b jest prawidłowe?,"Środki Narodowego Funduszu Ochrony Zabytków są przeznaczane na dofinansowanie: 2) nakładów koniecznych na wykonanie prac konserwatorskich lub restauratorskich przy zabytku wpisanym na Listę Skarbów Dziedzictwa, 2) nakładów koniecznych na wykonanie prac konserwatorskich, restauratorskich lub robót budowlanych przy zabytku wpisanym do rejestru – na zasadach określonych w niniejszym rozdziale","Środki Narodowego Funduszu Ochrony Zabytków są przeznaczane na dofinansowanie: 1) nakładów koniecznych na wykonanie prac konserwatorskich lub restauratorskich przy zabytku wpisanym na Listę Skarbów Dziedzictwa, 2) nakładów koniecznych na wykonanie prac konserwatorskich, restauratorskich lub robót budowlanych przy zabytku wpisanym do gminnej ewidencji zabytków – na zasadach określonych w niniejszym rozdziale","Środki Narodowego Funduszu Ochrony Zabytków są przeznaczane na dofinansowanie: 1) nakładów koniecznych na wykonanie prac konserwatorskich lub restauratorskich przy zabytku wpisanym na Listę Skarbów Dziedzictwa, 2) nakładów koniecznych na wykonanie prac konserwatorskich, restauratorskich lub robót budowlanych przy zabytku wpisanym do rejestru – na zasadach określonych w niniejszym rozdziale","Środki Narodowego Funduszu Ochrony Zabytków nie są przeznaczane na dofinansowanie: 1) nakładów koniecznych na wykonanie prac konserwatorskich lub restauratorskich przy zabytku wpisanym na Listę Skarbów Dziedzictwa, 2) nakładów koniecznych na wykonanie prac konserwatorskich, restauratorskich lub robót budowlanych przy zabytku wpisanym do rejestru – na zasadach określonych w niniejszym rozdziale",3,"Art. 83b ustawy przewiduje, że środki Narodowego Funduszu Ochrony Zabytków są przeznaczane na dofinansowanie: 1) nakładów koniecznych na wykonanie prac konserwatorskich lub restauratorskich przy zabytku wpisanym na Listę Skarbów Dziedzictwa, 2) nakładów koniecznych na wykonanie prac konserwatorskich, restauratorskich lub robót budowlanych przy zabytku wpisanym do rejestru – na zasadach określonych w niniejszym rozdziale."
Które z poniższych stwierdzeń prawidłowo oddaje treść art. 85 ustawy?,Czynność ta zawsze wymaga uprzedniej zgody sądu administracyjnego.,"Ustawa pozostawia tę kwestię wyłącznie uznaniu właściciela zabytku, bez udziału organów ochrony zabytków.",Przepis ma zastosowanie wyłącznie do zabytków znajdujących się poza terytorium Rzeczypospolitej Polskiej.,"W krajowym programie ochrony zabytków i opieki nad zabytkami określa się, w szczególności, cele i kierunki działań oraz zadania w zakresie ochrony zabytków i opieki nad zabytkami, warunki i sposób finansowania planowanych działań, a także harmonogram ich realizacji",4,"Art. 85 ustawy przewiduje, że w krajowym programie ochrony zabytków i opieki nad zabytkami określa się, w szczególności, cele i kierunki działań oraz zadania w zakresie ochrony zabytków i opieki nad zabytkami, warunki i sposób finansowania planowanych działań, a także harmonogram ich realizacji."
Które stwierdzenie dotyczące rozwiązania przewidzianego w art. 86 jest prawidłowe?,"Minister właściwy do spraw kultury i ochrony dziedzictwa narodowego przedstawia Radzie Ministrów, co 2 lata, sprawozdanie z realizacji zadań wynikających z krajowego programu ochrony zabytków i opieki nad zabytkami","wojewódzki konserwator zabytków przedstawia Radzie Ministrów, co 2 lata, sprawozdanie z realizacji zadań wynikających z krajowego programu ochrony zabytków i opieki nad zabytkami","Generalny Konserwator Zabytków przedstawia Radzie Ministrów, co 2 lata, sprawozdanie z realizacji zadań wynikających z krajowego programu ochrony zabytków i opieki nad zabytkami","starosta przedstawia Radzie Ministrów, co 2 lata, sprawozdanie z realizacji zadań wynikających z krajowego programu ochrony zabytków i opieki nad zabytkami",1,"Art. 86 ustawy przewiduje, że minister właściwy do spraw kultury i ochrony dziedzictwa narodowego przedstawia Radzie Ministrów, co 2 lata, sprawozdanie z realizacji zadań wynikających z krajowego programu ochrony zabytków i opieki nad zabytkami."
Co wynika z art. 87 ustawy o ochronie zabytków i opiece nad zabytkami?,"Wojewódzki, powiatowy i gminny program opieki nad zabytkami przyjmuje odpowiednio sejmik województwa, rada powiatu i wojewódzki konserwator zabytków, po uzyskaniu opinii wojewódzkiego konserwatora zabytków","Wojewódzki, powiatowy i gminny program opieki nad zabytkami przyjmuje odpowiednio sejmik województwa, rada powiatu i rada gminy, po uzyskaniu opinii wojewódzkiego konserwatora zabytków","Wojewódzki, powiatowy i gminny program opieki nad zabytkami przyjmuje odpowiednio sejmik województwa, rada powiatu i Generalny Konserwator Zabytków, po uzyskaniu opinii wojewódzkiego konserwatora zabytków","Wojewódzki, powiatowy i gminny program opieki nad zabytkami przyjmuje odpowiednio sejmik województwa, rada powiatu i minister właściwy do spraw kultury i ochrony dziedzictwa narodowego, po uzyskaniu opinii wojewódzkiego konserwatora zabytków",2,"Art. 87 ustawy przewiduje, że wojewódzki, powiatowy i gminny program opieki nad zabytkami przyjmuje odpowiednio sejmik województwa, rada powiatu i rada gminy, po uzyskaniu opinii wojewódzkiego konserwatora zabytków."
Które stwierdzenie dotyczące rozwiązania przewidzianego w art. 88 jest prawidłowe?,"W rozporządzeniu należy określić organizację Polskiego Komitetu Doradczego, zakres i tryb jego działania oraz sposób finansowania działalności Komitetu, uwzględniając, w szczególności, nie wymagania związane z powoływaniem i odwoływaniem przewodniczącego, sekretarza i członków Komitetu, zadania Komitetu, sposób głosowania oraz jego obsługi administracyjnej",Czynność ta zawsze wymaga uprzedniej zgody sądu administracyjnego.,"W rozporządzeniu należy określić organizację Polskiego Komitetu Doradczego, zakres i tryb jego działania oraz sposób finansowania działalności Komitetu, uwzględniając, w szczególności, wymagania związane z powoływaniem i odwoływaniem przewodniczącego, sekretarza i członków Komitetu, zadania Komitetu, sposób głosowania oraz jego obsługi administracyjnej","Ustawa pozostawia tę kwestię wyłącznie uznaniu właściciela zabytku, bez udziału organów ochrony zabytków.",3,"Art. 88 ustawy przewiduje, że w rozporządzeniu należy określić organizację Polskiego Komitetu Doradczego, zakres i tryb jego działania oraz sposób finansowania działalności Komitetu, uwzględniając, w szczególności, wymagania związane z powoływaniem i odwoływaniem przewodniczącego, sekretarza i członków Komitetu, zadania Komitetu, sposób głosowania oraz jego obsługi administracyjnej."
Które stwierdzenie jest zgodne z art. 89 ustawy?,"Organami ochrony zabytków są: 1) wojewódzki konserwator zabytków, w imieniu którego zadania i kompetencje, w tym zakresie, wykonuje Generalny Konserwator Zabytków","Organami ochrony zabytków są: 1) Generalny Konserwator Zabytków, w imieniu którego zadania i kompetencje, w tym zakresie, wykonuje Generalny Konserwator Zabytków","Organami ochrony zabytków są: 1) starosta, w imieniu którego zadania i kompetencje, w tym zakresie, wykonuje Generalny Konserwator Zabytków","Organami ochrony zabytków są: 1) minister właściwy do spraw kultury i ochrony dziedzictwa narodowego, w imieniu którego zadania i kompetencje, w tym zakresie, wykonuje Generalny Konserwator Zabytków",4,"Art. 89 ustawy przewiduje, że organami ochrony zabytków są: 1) minister właściwy do spraw kultury i ochrony dziedzictwa narodowego, w imieniu którego zadania i kompetencje, w tym zakresie, wykonuje Generalny Konserwator Zabytków."
Które stwierdzenie dotyczące rozwiązania przewidzianego w art. 90 jest prawidłowe?,Prowadzenie krajowej ewidencji zabytków i krajowego wykazu zabytków skradzionych lub wywiezionych za granicę niezgodnie z prawem,Czynność ta zawsze wymaga uprzedniej zgody sądu administracyjnego.,"Ustawa pozostawia tę kwestię wyłącznie uznaniu właściciela zabytku, bez udziału organów ochrony zabytków.",Przepis ma zastosowanie wyłącznie do zabytków znajdujących się poza terytorium Rzeczypospolitej Polskiej.,1,"Art. 90 ustawy przewiduje, że prowadzenie krajowej ewidencji zabytków i krajowego wykazu zabytków skradzionych lub wywiezionych za granicę niezgodnie z prawem."
Które z poniższych stwierdzeń prawidłowo oddaje treść art. 91 ustawy?,Czynność ta zawsze wymaga uprzedniej zgody sądu administracyjnego.,Organizowanie i prowadzenie kontroli w zakresie ochrony zabytków i opieki nad zabytkami,"Ustawa pozostawia tę kwestię wyłącznie uznaniu właściciela zabytku, bez udziału organów ochrony zabytków.",Przepis ma zastosowanie wyłącznie do zabytków znajdujących się poza terytorium Rzeczypospolitej Polskiej.,2,"Art. 91 ustawy przewiduje, że organizowanie i prowadzenie kontroli w zakresie ochrony zabytków i opieki nad zabytkami."
Które stwierdzenie dotyczące rozwiązania przewidzianego w art. 92 jest prawidłowe?,Kierownika delegatury wojewódzkiego urzędu ochrony zabytków powołuje i odwołuje Generalny Konserwator Zabytków na wniosek Generalnego Konserwatora Zabytków albo za jego zgodą,Kierownika delegatury wojewódzkiego urzędu ochrony zabytków powołuje i odwołuje minister właściwy do spraw kultury i ochrony dziedzictwa narodowego na wniosek Generalnego Konserwatora Zabytków albo za jego zgodą,Kierownika delegatury wojewódzkiego urzędu ochrony zabytków powołuje i odwołuje wojewódzki konserwator zabytków na wniosek Generalnego Konserwatora Zabytków albo za jego zgodą,Kierownika delegatury wojewódzkiego urzędu ochrony zabytków powołuje i odwołuje starosta na wniosek Generalnego Konserwatora Zabytków albo za jego zgodą,3,"Art. 92 ustawy przewiduje, że kierownika delegatury wojewódzkiego urzędu ochrony zabytków powołuje i odwołuje wojewódzki konserwator zabytków na wniosek Generalnego Konserwatora Zabytków albo za jego zgodą."
Kto określa w drodze rozporządzenia sposób prowadzenia Listy Skarbów Dziedzictwa i zakres danych zamieszczanych na tej Liście?,Generalny Konserwator Zabytków,Wojewódzki konserwator zabytków,Rada Ministrów,Minister właściwy do spraw kultury i ochrony dziedzictwa narodowego,4,"Art. 23a stanowi, że sposób prowadzenia Listy Skarbów Dziedzictwa i zakres zamieszczanych na niej danych określa w drodze rozporządzenia minister właściwy do spraw kultury i ochrony dziedzictwa narodowego."
W jakim systemie ma być prowadzony krajowy rejestr utraconych dóbr kultury zgodnie z art. 24f?,W systemie teleinformatycznym,Wyłącznie w formie papierowych ksiąg,Wyłącznie w Biuletynie Informacji Publicznej,W systemie ksiąg wieczystych,1,Art. 24f nakazuje przy określaniu szczegółowego sposobu prowadzenia rejestru uwzględnić prowadzenie krajowego rejestru utraconych dóbr kultury w systemie teleinformatycznym.
Kto zgodnie z art. 73 może ubiegać się o dotację celową z budżetu państwa na wskazane w ustawie prace przy zabytku?,Wyłącznie wojewódzki konserwator zabytków,"Właściciel lub posiadacz zabytku wpisanego do rejestru albo na Listę Skarbów Dziedzictwa, a także podmiot posiadający zabytek wpisany do rejestru w trwałym zarządzie, jeżeli należy do kategorii wskazanych w ustawie",Wyłącznie jednostka samorządu terytorialnego będąca właścicielem zabytku,"Każda osoba fizyczna, niezależnie od jej związku prawnego z zabytkiem",2,"Art. 73 określa krąg podmiotów mogących ubiegać się o dotację, obejmujący m.in. właścicieli i posiadaczy zabytków wpisanych do rejestru albo na Listę Skarbów Dziedzictwa oraz podmioty posiadające zabytek wpisany do rejestru w trwałym zarządzie."
Ile co najmniej naborów wniosków o udzielenie dotacji należy zorganizować w ciągu roku budżetowego zgodnie z wytycznymi art. 80?,Co najmniej dwa nabory,Co najmniej cztery nabory,Co najmniej jeden nabór,Ustawa nie przewiduje minimalnej liczby naborów,3,Art. 80 nakazuje uwzględnić zorganizowanie w ciągu roku budżetowego co najmniej jednego naboru wniosków o udzielenie dotacji.
W jaki sposób mogą być zawiadamiane strony postępowań administracyjnych wskazanych w art. 94?,Wyłącznie listem poleconym za potwierdzeniem odbioru,Wyłącznie przez ogłoszenie w Biuletynie Informacji Publicznej ministerstwa,Wyłącznie pocztą elektroniczną na adres wskazany przez stronę,Przez obwieszczenie lub w inny zwyczajowo przyjęty w danej miejscowości sposób publicznego ogłaszania,4,"Art. 94 przewiduje, że w określonych postępowaniach strony mogą być zawiadamiane przez obwieszczenie lub w inny zwyczajowo przyjęty w danej miejscowości sposób publicznego ogłaszania."
